tradeRef,instrumentId,counterpartyId,quantity,price,currency,side,tradeDate
MON-48147694-6383,6,8,8.0273,417.7658,GBP,SELL,2026-05-24
ZMK-94191548-5677,6,8,40.0862,433.9131,JPY,SELL,2026-06-23
HDH-09224207-9724,14,8,98.4188,260.9148,GBP,BUY,2026-05-26
NPG-37846891-6445,6,1,86.2665,214.8821,EUR,SELL,2026-05-24
WUC-14815770-3008,15,1,85.5859,81.1402,USD,BUY,2026-05-24
BTC-98926082-2317,4,6,22.8610,284.4389,GBP,SELL,2026-05-27
ANG-40724245-1655,7,6,34.1718,198.6284,CHF,BUY,2026-06-04
WHT-05406287-1514,3,5,70.8089,485.8403,GBP,SELL,2026-05-28
QQW-48477157-6143,7,4,55.1616,278.2410,GBP,BUY,2026-06-06
PLC-31526497-7707,12,2,74.5391,95.9519,USD,SELL,2026-05-24
FGQ-65358482-5683,4,2,37.2155,266.7894,GBP,SELL,2026-06-29
RDW-83125807-4886,5,5,57.7466,194.2120,EUR,SELL,2026-06-18
LYU-20443566-1198,8,1,9.7253,91.1874,CHF,SELL,2026-05-19
SBO-90161799-5353,1,5,16.7336,327.5642,EUR,BUY,2026-06-11
PKD-47944633-9938,15,3,27.2910,22.1389,EUR,BUY,2026-06-01
UMV-19088391-2518,11,9,8.3886,79.6725,GBP,SELL,2026-05-29
LCM-84928232-9308,7,7,70.5145,309.6935,GBP,BUY,2026-05-26
NZM-73888962-7391,3,9,56.4124,482.6782,CHF,BUY,2026-05-24
UQZ-15777400-9497,11,3,31.6875,16.0115,CHF,BUY,2026-05-14
RHX-97655572-0762,15,4,38.1559,41.9669,JPY,SELL,2026-05-23
KSJ-82811249-6062,10,8,63.3060,164.3385,CHF,BUY,2026-05-27
TXC-20534894-1279,14,7,79.7540,47.1378,USD,BUY,2026-06-01
RGU-94672345-5985,9,5,10.4633,46.3119,CHF,SELL,2026-05-28
EJD-67909833-1811,13,4,84.4418,409.4669,JPY,SELL,2026-05-20
FXH-76912639-9754,8,10,78.6370,35.2338,USD,SELL,2026-05-24
KLM-08453945-1285,15,2,49.7023,409.3137,JPY,BUY,2026-05-27
WCE-12557963-3282,7,10,68.3173,447.4564,EUR,SELL,2026-06-24
OAU-40492561-6761,12,8,15.4903,157.8635,JPY,BUY,2026-06-28
HEG-15430650-1003,14,7,83.1592,166.6458,CHF,SELL,2026-06-16
VJW-18431120-5539,12,3,99.9439,16.8952,GBP,BUY,2026-05-17
TGK-76114122-0129,10,6,88.0653,77.6011,USD,SELL,2026-05-28
ZOQ-21543686-1071,13,5,49.7827,82.9987,JPY,SELL,2026-05-27
SYY-66245371-5630,10,7,32.6076,37.1428,JPY,BUY,2026-06-06
PCW-63281102-1131,13,8,29.1093,54.3413,EUR,BUY,2026-05-23
DZW-95411929-1524,11,4,55.8818,57.0122,GBP,SELL,2026-05-23
OGA-31803743-0625,12,10,94.3175,383.2260,USD,BUY,2026-05-21
VDO-80583147-8146,6,6,68.2085,394.2505,USD,SELL,2026-06-20
TCF-08626979-2203,3,4,85.6983,492.0793,USD,BUY,2026-05-23
EZV-81586696-6282,10,3,71.3516,109.2923,JPY,SELL,2026-05-30
ZLW-59197429-1908,8,3,6.4266,282.4308,CHF,BUY,2026-05-17
HUR-68789344-8769,2,7,29.2323,140.6408,USD,SELL,2026-06-01
HHW-01988748-8321,2,10,45.3596,439.1061,GBP,BUY,2026-06-03
IAI-71954113-7181,2,1,43.0769,23.0404,CHF,SELL,2026-06-06
HWA-19683600-7851,15,10,9.3618,469.3047,CHF,BUY,2026-05-29
RWV-64012371-8835,11,4,96.1243,332.7794,GBP,SELL,2026-06-23
LOX-52300438-9215,3,9,37.1160,22.5563,JPY,BUY,2026-05-30
PWA-63546091-2270,9,9,31.9974,481.0815,EUR,BUY,2026-06-02
UPN-35338484-3484,5,3,22.6672,293.9864,USD,SELL,2026-06-03
LQE-48915077-9758,5,5,89.6588,217.0780,GBP,BUY,2026-05-24
PUD-13961558-9778,12,7,77.5576,90.6243,GBP,BUY,2026-05-14
OPD-41822400-5251,2,8,30.5126,103.9637,USD,BUY,2026-06-01
AKL-22748993-2668,4,5,35.4440,135.3009,USD,SELL,2026-06-07
LRV-79536341-5527,11,9,56.0178,312.7092,USD,SELL,2026-06-02
HOL-14190651-9965,14,7,22.4322,27.0820,CHF,BUY,2026-05-28
HQW-32591870-5066,13,2,99.9594,110.5574,CHF,SELL,2026-06-09
QSL-03253528-6490,13,9,79.4974,62.4945,USD,BUY,2026-05-26
MUU-18343842-6021,8,1,11.8782,22.7213,JPY,SELL,2026-05-24
DDO-62089927-4239,8,10,45.6223,207.9927,CHF,BUY,2026-05-29
PHA-16645735-9383,10,1,72.6568,405.3371,EUR,BUY,2026-06-21
BZQ-47136885-0648,11,4,45.2053,111.5762,GBP,SELL,2026-06-18
DKC-54434690-3301,2,10,64.6168,254.7059,GBP,SELL,2026-06-24
ZES-49681618-3283,7,1,4.1077,188.6734,EUR,BUY,2026-05-30
ECE-64832253-8100,12,1,7.6936,219.0755,CHF,BUY,2026-06-10
LMG-37587237-8023,6,6,73.1030,477.9483,JPY,SELL,2026-06-13
UBG-26888946-6817,6,9,11.7068,25.7922,CHF,SELL,2026-06-03
IET-43283296-3528,4,8,33.4709,54.1433,CHF,SELL,2026-05-22
RKW-82447003-0518,2,2,45.1626,23.0046,EUR,SELL,2026-06-23
IRG-72048949-4677,8,10,59.0700,157.4501,USD,BUY,2026-05-20
RIH-15697159-2196,6,8,97.6790,268.5279,CHF,BUY,2026-05-27
GIH-06602360-8450,10,10,47.0025,348.0721,EUR,BUY,2026-06-10
MLM-23718678-4145,13,9,2.7635,351.0312,CHF,SELL,2026-06-16
PTS-95595986-7797,10,4,93.9691,168.9325,CHF,BUY,2026-05-23
LSX-37061316-6072,13,8,8.4575,479.9304,GBP,BUY,2026-05-31
GPJ-04035194-8072,8,9,45.4428,45.0056,CHF,BUY,2026-05-27
ZKW-18328572-1738,11,7,29.9641,80.7854,GBP,BUY,2026-05-24
XWL-17889020-3592,6,7,8.6078,233.0591,EUR,BUY,2026-05-22
PVB-86401776-9417,9,2,69.8315,495.9525,EUR,SELL,2026-06-17
JDC-38527431-6658,7,10,9.2196,50.5015,CHF,BUY,2026-06-27
HVA-62595621-7453,9,1,15.0455,220.9521,GBP,BUY,2026-05-16
ZNN-65005368-0264,9,3,29.2420,193.4816,USD,BUY,2026-05-27
BYD-33131698-3791,4,9,89.7692,272.9571,JPY,BUY,2026-05-19
TXP-99006511-9467,13,9,26.4828,294.8509,JPY,BUY,2026-05-29
MSS-92972054-6538,4,3,8.7217,15.4048,GBP,SELL,2026-05-23
BLB-37990479-4380,11,5,69.4325,434.5975,CHF,SELL,2026-06-02
UYP-15134966-0355,1,2,85.5817,193.0005,GBP,BUY,2026-05-29
HBT-89993512-4518,8,6,27.5856,422.9179,USD,SELL,2026-06-07
IVT-13389560-6934,3,10,85.5029,346.3600,USD,BUY,2026-05-25
ASM-37752335-7753,13,1,35.3679,440.5491,EUR,BUY,2026-05-28
WQB-66654620-7852,5,3,88.4438,210.4507,EUR,BUY,2026-05-31
ZHM-57921434-5862,6,7,72.4527,443.5727,CHF,SELL,2026-06-12
LHH-27829120-6043,5,1,62.4371,476.5893,CHF,SELL,2026-06-13
UUL-19596215-7651,11,1,15.3011,321.3465,USD,SELL,2026-06-04
PBK-29181988-7858,10,2,45.8667,439.4177,JPY,SELL,2026-06-19
OUS-22072985-0763,13,4,36.9678,72.0559,USD,SELL,2026-06-29
GEG-51526825-5331,15,10,27.1186,47.7589,CHF,BUY,2026-05-31
OAB-15748793-9868,13,2,11.6037,476.5474,EUR,BUY,2026-05-27
EIA-15051232-7641,9,6,77.4100,181.2311,EUR,SELL,2026-05-31
JTN-05391399-9974,10,9,36.0587,272.3338,EUR,BUY,2026-05-30
RVM-78977054-7503,14,4,7.8499,329.9577,GBP,BUY,2026-05-22
JDA-33544091-6884,15,5,61.1762,232.2636,JPY,BUY,2026-05-24
TWB-32686985-1665,11,7,4.6727,128.5985,CHF,BUY,2026-05-28
YLN-97820235-8716,15,7,76.9314,419.1232,GBP,BUY,2026-05-18
NPH-23382337-0667,7,1,43.9626,72.9027,GBP,BUY,2026-06-17
SBS-32875208-2358,15,3,3.6692,301.1330,JPY,SELL,2026-06-17
CPJ-79964361-3032,9,4,55.9209,366.0360,GBP,SELL,2026-05-10
EBU-10756829-1202,8,5,75.5603,320.9083,JPY,BUY,2026-05-25
NPW-26002270-9491,13,4,20.8364,92.0861,CHF,BUY,2026-05-26
RSO-09164366-9947,3,6,83.3866,345.1252,USD,SELL,2026-06-05
XJO-80676875-4514,1,6,5.5744,363.6922,GBP,BUY,2026-05-28
RAE-90713433-0566,5,8,97.0138,497.1484,USD,SELL,2026-05-24
POE-64248560-1028,12,7,16.7895,109.0516,CHF,BUY,2026-05-17
GUA-05756108-7358,4,6,90.5393,11.1349,USD,SELL,2026-06-09
HAS-27384517-6996,15,1,69.5320,313.6319,GBP,BUY,2026-06-18
OJY-45436898-2238,7,8,96.1026,66.4976,EUR,SELL,2026-06-07
PKH-82360043-5810,6,9,68.3923,479.9639,GBP,BUY,2026-05-04
GDM-65110854-4466,1,2,86.2792,181.0505,EUR,BUY,2026-06-26
NMX-09125820-8977,9,7,16.3799,318.9103,CHF,SELL,2026-06-15
JLL-50210486-1592,7,10,39.1893,266.6550,EUR,BUY,2026-06-13
WWN-16484579-4628,1,10,33.2789,290.6791,JPY,SELL,2026-05-25
SQK-40655142-4952,7,10,69.5575,397.2511,CHF,SELL,2026-06-11
JUK-56558795-3557,10,9,63.6804,103.2750,USD,BUY,2026-05-30
YJR-95264601-8065,14,8,73.7028,472.2991,JPY,BUY,2026-05-20
GDX-09318592-9383,8,10,16.8809,415.8418,JPY,SELL,2026-05-21
LKM-30095083-5244,5,7,60.4471,127.1461,JPY,SELL,2026-05-16
DVR-04065586-9896,5,5,51.3947,130.5781,JPY,SELL,2026-05-31
QUI-38809969-1665,15,1,32.5777,16.7055,USD,SELL,2026-05-28
LAP-62776860-6329,4,8,82.1627,33.5579,GBP,BUY,2026-05-27
YCD-13483902-1223,9,8,37.8599,310.9030,EUR,SELL,2026-06-24
LZF-53522757-7264,14,9,31.9743,276.9010,JPY,BUY,2026-05-17
TXH-21269857-9631,2,6,43.2875,343.6742,JPY,SELL,2026-06-24
HWT-27646470-3642,2,3,74.4384,276.6879,USD,BUY,2026-06-04
LDQ-70167831-1147,13,4,76.2902,367.2083,USD,SELL,2026-06-25
QHL-24001109-4957,7,7,44.5191,406.7169,EUR,SELL,2026-05-31
AUO-64872203-3967,2,4,28.3058,412.6832,USD,BUY,2026-05-27
GJY-93817025-1661,9,6,75.6714,321.3599,EUR,SELL,2026-06-05
ITZ-97552186-3157,2,6,18.9556,25.0997,GBP,BUY,2026-05-13
LIM-33522985-0858,5,3,8.4755,250.0463,CHF,SELL,2026-06-15
WJL-56565396-0766,5,10,65.6295,308.4307,USD,BUY,2026-05-19
UEH-72506567-1271,6,4,40.3942,154.9220,JPY,SELL,2026-05-30
OSL-99367583-1772,1,2,32.1252,415.6337,USD,BUY,2026-06-17
QHM-74524146-8298,10,6,34.8977,484.3492,GBP,SELL,2026-05-26
PRI-29727051-9061,8,6,62.3444,256.5878,USD,BUY,2026-06-27
LHF-99417776-2212,10,10,99.5096,68.0876,USD,SELL,2026-05-19
UHX-65003210-1058,15,1,97.8733,102.8663,EUR,BUY,2026-06-01
XLH-56391668-6285,8,7,30.8251,383.3140,CHF,BUY,2026-05-26
JCH-84138264-6524,9,9,22.9752,259.6951,GBP,BUY,2026-05-25
VFK-48614621-6956,7,6,95.0015,146.2756,EUR,SELL,2026-05-20
FTK-86508919-4341,6,4,20.9444,449.4795,CHF,BUY,2026-06-06
PUQ-59212523-1820,9,4,95.6198,21.2338,USD,SELL,2026-06-19
GQY-82921066-6530,5,6,42.7636,287.1057,JPY,SELL,2026-05-31
OKB-17914728-9320,10,5,56.0838,210.8654,JPY,BUY,2026-06-14
FDE-11108545-2661,6,10,21.0130,93.6708,GBP,SELL,2026-06-05
VJI-88719261-8592,11,3,27.8179,468.1216,GBP,BUY,2026-05-28
TTG-71393048-6931,4,4,58.5579,184.5376,USD,SELL,2026-05-25
LWP-91745377-4752,15,1,89.6496,21.6523,USD,SELL,2026-06-02
IHE-39203999-1412,1,9,82.2544,141.7227,EUR,BUY,2026-06-08
TSQ-46844128-9462,12,9,95.3463,82.3883,JPY,SELL,2026-05-23
PYP-29611858-7040,10,6,99.7226,308.8290,GBP,BUY,2026-05-19
MFV-83911969-3725,11,2,35.0266,261.8821,GBP,BUY,2026-06-25
CNN-59336116-9253,6,3,18.0824,85.8403,CHF,BUY,2026-05-13
JUM-19702028-8266,5,10,4.4223,259.9337,USD,SELL,2026-06-23
CTM-40426525-8927,9,1,73.4353,228.4317,EUR,SELL,2026-05-24
SJQ-24326814-6793,7,8,86.3635,252.5260,JPY,SELL,2026-06-20
NRR-32490762-0473,15,9,14.2224,412.8917,EUR,BUY,2026-05-28
RRA-75060473-0688,1,8,25.4838,332.1672,CHF,BUY,2026-06-25
JAK-23952442-7136,8,3,78.0276,316.1997,USD,SELL,2026-06-02
XXN-00086604-6417,7,7,95.5809,488.0071,USD,BUY,2026-06-15
OCU-01280225-2379,5,1,75.0876,160.6820,EUR,SELL,2026-05-24
ZJN-78331214-3298,12,4,9.0619,178.3443,USD,BUY,2026-05-18
RNS-76177054-9730,7,4,27.6157,51.1550,JPY,BUY,2026-06-03
ZMC-79930243-5137,6,5,80.8239,441.4271,USD,BUY,2026-05-23
SCF-17055406-8218,13,9,31.0694,281.9853,GBP,SELL,2026-06-24
UDZ-89454639-1447,8,3,90.5821,57.9896,EUR,BUY,2026-06-01
XCB-66506151-7458,14,6,18.2042,238.3856,USD,SELL,2026-05-29
TDS-03108929-0914,14,8,14.7617,173.3446,USD,BUY,2026-06-11
LLE-91158895-1637,9,5,72.4362,329.3479,EUR,SELL,2026-05-21
QZZ-26557769-3797,10,8,93.6345,224.3567,EUR,BUY,2026-05-15
JMW-21986416-4358,9,6,79.0190,79.8319,EUR,BUY,2026-05-20
MKC-59816126-0315,3,5,50.0148,325.8723,USD,BUY,2026-05-28
XYM-44243993-5812,10,8,92.9407,425.7576,JPY,BUY,2026-05-25
FCF-48571257-1344,7,6,58.3908,17.4827,JPY,SELL,2026-05-27
DHZ-14890567-9008,1,8,82.3654,150.2623,EUR,SELL,2026-05-28
TYD-18918879-1065,2,7,24.5285,269.4909,EUR,BUY,2026-06-18
SJG-13333330-2709,7,6,55.8358,377.0433,GBP,BUY,2026-06-16
NTG-10009275-2571,15,2,6.0022,111.6072,JPY,SELL,2026-06-21
LOU-86603486-1496,15,6,96.7541,368.6506,JPY,SELL,2026-05-31
TFH-44161153-3894,5,1,4.6365,332.5969,EUR,SELL,2026-05-31
LVG-11807066-5327,4,10,75.0796,52.7972,GBP,SELL,2026-05-29
SIH-98065406-3169,14,8,1.7517,312.0312,USD,BUY,2026-06-02
EOC-88495200-4183,6,8,93.8668,268.3722,JPY,BUY,2026-05-29
YFY-29552146-3628,7,9,15.7672,150.5975,USD,SELL,2026-05-21
HKO-00663447-8938,12,9,43.9848,83.1633,GBP,BUY,2026-05-14
TMP-26367035-7248,3,1,64.4946,102.5816,JPY,BUY,2026-06-09
TIX-38368010-8410,15,8,37.2212,367.3069,EUR,BUY,2026-06-03
DLX-63288237-0411,3,6,19.4384,279.4543,GBP,BUY,2026-05-20
SCC-21160707-6946,3,4,37.5190,267.1635,USD,SELL,2026-06-24
LVV-87639016-1287,13,10,11.1333,35.4583,CHF,BUY,2026-06-16
RTQ-09294377-6226,11,6,40.4885,62.6779,EUR,SELL,2026-06-14
LMU-91635512-7996,15,2,6.1871,36.1782,USD,SELL,2026-06-01
XVU-49409759-7281,6,4,27.2059,363.4411,USD,SELL,2026-05-24
WDM-87178340-2496,13,7,46.8635,353.3590,CHF,BUY,2026-06-17
XCG-10542385-1008,14,9,48.8106,181.3316,USD,SELL,2026-05-28
DHQ-46936708-9573,2,1,51.6359,126.8287,CHF,SELL,2026-06-13
OXX-79419463-6942,11,9,9.6873,219.2812,EUR,SELL,2026-06-11
WZP-89072659-4136,9,10,92.6579,291.8660,CHF,SELL,2026-05-19
XLB-30895458-8238,3,6,28.5048,143.7521,EUR,BUY,2026-05-27
ZIV-64451923-6171,5,10,11.2003,338.5085,EUR,SELL,2026-06-03
ZFC-24990630-1252,2,1,35.2851,291.4143,CHF,BUY,2026-06-21
UJE-80559304-5072,2,7,44.0508,233.3551,USD,SELL,2026-06-10
FCM-10115275-5470,1,5,63.5064,246.2000,USD,SELL,2026-06-28
IPE-63494261-9332,8,1,64.2083,257.9643,EUR,BUY,2026-06-12
ZHY-48182856-1807,1,2,16.7650,458.3079,GBP,SELL,2026-06-12
ETS-44678397-4006,1,1,16.2684,205.0379,JPY,SELL,2026-05-18
WZD-83268839-0269,6,3,85.7676,11.5858,EUR,SELL,2026-06-02
GSO-25643231-8923,10,5,70.3253,349.3692,EUR,BUY,2026-06-27
GZV-02645942-8029,6,3,30.6172,383.0091,CHF,BUY,2026-06-16
XCX-86335382-7516,8,4,55.4931,409.3109,GBP,BUY,2026-05-30
GEE-38730596-7799,15,4,24.7892,110.4559,EUR,BUY,2026-05-29
PVM-49035999-5098,2,5,48.9885,241.6359,EUR,SELL,2026-06-01
DWI-14919273-5805,3,1,86.7919,225.7563,CHF,SELL,2026-06-11
LKE-69229426-7527,10,6,13.6211,282.7087,GBP,SELL,2026-05-20
IYO-15887169-8595,5,8,2.3643,152.7336,JPY,SELL,2026-06-01
VRY-71312308-9766,8,10,66.9757,309.2753,CHF,BUY,2026-06-05
NAR-95397798-6830,3,8,10.1486,70.7029,CHF,BUY,2026-05-22
QHK-84377722-1791,13,1,18.4482,163.2983,GBP,SELL,2026-05-18
CID-14871460-8167,15,2,47.3241,236.9998,GBP,BUY,2026-06-25
CKL-51316610-8329,13,7,1.0544,424.2773,GBP,BUY,2026-05-24
XIM-81160044-3562,10,2,16.2350,189.2306,EUR,SELL,2026-05-20
XGM-94597500-8935,3,4,60.2176,223.6512,EUR,BUY,2026-05-26
OAC-31873810-5717,9,10,67.9748,350.6167,JPY,BUY,2026-06-05
OBA-25294701-4694,5,8,29.9173,168.9058,USD,BUY,2026-06-14
DOA-78509741-1170,13,3,56.1264,303.4215,EUR,SELL,2026-05-26
ISX-13299368-5669,4,5,94.2654,164.8549,USD,BUY,2026-06-15
GQA-87329600-8614,4,6,23.1541,99.7776,EUR,BUY,2026-05-30
IQC-21884518-9458,10,3,85.7211,210.8710,CHF,SELL,2026-06-05
YAU-63512840-4607,12,8,79.1663,495.4194,CHF,SELL,2026-06-19
BYK-01636236-1006,5,8,78.4128,458.5161,JPY,BUY,2026-05-27
SBP-47937998-3052,7,9,21.4326,203.9964,EUR,SELL,2026-06-13
GXE-31123391-5213,4,8,54.9948,337.2723,GBP,SELL,2026-05-27
BMM-27055700-9095,11,6,49.9320,242.6216,CHF,SELL,2026-06-23
JRT-03188204-8024,12,6,34.5359,219.4283,GBP,SELL,2026-06-18
POJ-72035378-4284,7,8,78.0062,35.7127,GBP,BUY,2026-06-11
OIF-01449624-5895,9,10,38.7384,315.3534,JPY,SELL,2026-05-19
BQF-17226608-2766,11,3,84.2412,34.4419,CHF,SELL,2026-05-30
CUV-77667373-2243,10,8,60.0440,132.7037,GBP,SELL,2026-06-22
HXM-34759625-6659,11,10,1.2741,31.0763,JPY,BUY,2026-05-29
JSR-85460248-3962,13,5,9.1610,51.5397,GBP,BUY,2026-06-19
SYI-13716564-9759,8,8,47.1575,187.7567,JPY,SELL,2026-05-23
MQN-72574804-0639,11,8,56.1316,91.9523,EUR,SELL,2026-05-28
UQQ-10902515-2747,8,5,81.6443,242.8239,GBP,BUY,2026-06-21
HJY-65099644-7671,2,8,73.4927,359.0974,JPY,BUY,2026-06-29
JWZ-18997379-6240,3,5,8.0172,81.8711,USD,SELL,2026-06-18
ZQB-46508836-6014,13,5,55.6791,288.3385,USD,SELL,2026-06-05
RNQ-45127402-8876,3,9,52.6702,130.9214,USD,SELL,2026-05-27
HTC-84309402-9144,14,3,67.6481,209.4148,GBP,SELL,2026-06-11
ZEV-90411664-1779,8,7,52.4849,440.7060,CHF,BUY,2026-05-23
QBZ-73423361-6593,1,2,96.6676,312.3867,EUR,BUY,2026-06-08
EEM-13630613-1889,6,5,98.7720,318.1177,GBP,BUY,2026-06-09
GOX-39379156-3404,11,3,13.2894,383.4712,EUR,SELL,2026-05-23
PAR-45309918-2569,13,6,41.2907,65.7432,CHF,BUY,2026-06-10
RPW-08864285-1857,4,7,93.6153,379.9025,CHF,BUY,2026-06-01
YZJ-87905318-6055,1,2,46.0348,420.2868,USD,BUY,2026-06-16
WHV-09076654-7879,10,1,99.7295,431.6672,GBP,BUY,2026-05-29
UPG-71303908-8495,8,3,96.8709,214.8736,EUR,BUY,2026-05-26
KME-34710227-8212,2,3,79.4162,495.2637,JPY,SELL,2026-05-19
GJU-90031890-3480,8,3,42.9649,34.5438,USD,BUY,2026-06-29
FDJ-71929689-6029,15,6,42.3115,329.5911,JPY,BUY,2026-05-29
ZNL-46144582-3980,2,8,45.3365,278.8234,EUR,SELL,2026-06-04
LTX-56727672-8585,5,2,65.5222,83.6207,EUR,SELL,2026-05-28
GNL-54181021-1143,5,8,87.8502,28.9217,CHF,SELL,2026-06-20
ZKR-96021690-2944,1,7,33.1466,46.8515,JPY,BUY,2026-06-17
PRB-58254385-4677,4,9,62.3982,58.6477,JPY,SELL,2026-05-28
MPM-13542667-6086,8,5,27.4593,479.4963,USD,BUY,2026-05-20
FJA-31374404-9033,9,3,67.4333,222.2216,JPY,SELL,2026-05-14
EOG-49863061-3282,13,2,44.8419,235.1595,USD,SELL,2026-05-30
KBH-52565712-2501,2,1,97.4715,301.0297,GBP,BUY,2026-05-31
PLQ-09092880-1408,12,5,62.1133,344.6826,GBP,SELL,2026-05-21
GQO-24036042-5047,6,9,9.2731,354.3915,JPY,SELL,2026-05-15
KLY-14634644-7172,13,8,5.3261,393.5410,USD,BUY,2026-05-22
EER-62529483-4972,11,10,56.6810,198.6464,EUR,SELL,2026-05-26
WCP-64302232-7197,3,7,50.1623,461.2912,USD,SELL,2026-05-28
QQM-31070462-9158,2,8,28.1420,346.7253,GBP,BUY,2026-05-15
PTI-90917542-0939,12,5,25.0643,88.6715,GBP,SELL,2026-05-28
YKE-75035062-4958,5,10,68.3151,319.1419,EUR,BUY,2026-06-21
VFB-07127666-2428,1,4,81.2770,136.7765,JPY,SELL,2026-06-04
JWY-26962965-3683,5,2,84.1586,200.0808,CHF,SELL,2026-05-29
LNQ-89156269-5357,11,4,60.5961,210.2271,JPY,SELL,2026-05-26
BNL-18699813-2182,11,5,55.4152,103.8271,CHF,SELL,2026-05-24
WRA-39086369-1306,1,6,77.9164,52.6502,JPY,BUY,2026-05-22
RYB-10243080-9289,14,8,52.1835,199.3915,GBP,BUY,2026-06-01
MYP-43981244-0987,5,4,26.2760,18.8574,JPY,SELL,2026-06-22
WKI-17222993-3782,8,3,5.8591,217.6675,CHF,BUY,2026-06-14
YVI-87787417-7502,7,4,19.9990,417.0772,CHF,SELL,2026-06-24
LIO-48894066-2051,7,6,11.0986,439.2807,USD,BUY,2026-05-26
SBQ-40543367-6039,5,4,12.2156,211.9114,GBP,SELL,2026-06-03
RJJ-80590906-7219,7,4,38.5693,92.3955,USD,BUY,2026-05-29
ANT-98603069-7131,13,2,97.0148,36.5321,USD,BUY,2026-05-29
OBO-67644968-6392,3,4,95.4335,357.5003,CHF,BUY,2026-05-29
UXS-97845954-1161,13,1,71.4551,351.9475,EUR,BUY,2026-06-14
IJM-82359030-6883,5,1,84.2356,101.7693,GBP,SELL,2026-06-09
DUB-55913269-9860,4,5,99.5836,499.7368,EUR,SELL,2026-05-18
KMC-37683190-6900,10,2,91.3728,140.5473,CHF,SELL,2026-06-04
RXW-26656093-2132,5,9,7.5041,378.6091,JPY,SELL,2026-05-28
QCQ-03326474-8501,4,9,89.0209,222.5066,JPY,BUY,2026-06-04
EGT-99118283-3023,4,1,14.7400,436.7469,USD,BUY,2026-06-11
KZN-00652227-8723,14,8,77.7204,490.1054,JPY,BUY,2026-06-04
JBX-45616627-9222,11,9,8.6226,494.9806,CHF,BUY,2026-05-10
LAO-41251387-3659,2,1,53.3002,486.4025,EUR,SELL,2026-06-02
ORJ-57222350-3522,2,7,89.2114,33.0979,CHF,BUY,2026-06-26
JVQ-17181400-6920,1,3,16.1918,272.7668,JPY,SELL,2026-06-21
ZHP-32081769-0153,12,6,63.6760,184.0010,CHF,SELL,2026-06-24
YLS-92390240-5781,7,1,71.0715,171.9943,EUR,SELL,2026-06-09
WRM-98336565-7431,14,9,40.1560,19.8302,USD,BUY,2026-05-29
VLI-02139317-9139,5,5,79.1018,32.1266,EUR,BUY,2026-06-03
QFS-93287083-0792,9,8,77.5927,123.2137,JPY,SELL,2026-05-21
XKR-53276376-8569,6,3,97.4271,14.8209,JPY,SELL,2026-05-21
OHT-07130774-4427,11,9,21.6139,276.3862,JPY,SELL,2026-06-11
RHU-12528226-2627,1,5,57.6790,372.8462,EUR,SELL,2026-06-08
NDH-43419123-5323,13,9,50.9817,16.5360,GBP,SELL,2026-05-31
LZW-10219077-8307,10,5,14.0413,360.1997,CHF,BUY,2026-05-30
TCW-98732187-9282,7,5,19.0686,210.5337,EUR,SELL,2026-05-22
RXD-06472570-9050,5,8,71.3258,217.4796,GBP,BUY,2026-06-27
OHB-28748826-9159,13,9,97.8041,213.3724,GBP,SELL,2026-06-15
AHA-45853532-6388,7,8,31.5510,280.9422,USD,BUY,2026-05-24
SEZ-40568795-7523,9,10,76.1358,129.1300,EUR,SELL,2026-06-02
HBM-62972666-4567,14,10,86.5713,199.5433,JPY,SELL,2026-06-07
VPS-85059777-6513,11,10,23.9341,109.9161,USD,BUY,2026-05-29
LPW-68022404-4287,3,7,46.2143,432.0746,GBP,SELL,2026-05-31
QEF-28762108-9561,8,4,14.7168,472.4916,EUR,SELL,2026-05-24
FKF-55743684-0581,9,7,94.2119,354.2240,GBP,BUY,2026-05-28
YBO-12684478-3176,13,2,43.1927,278.9963,EUR,BUY,2026-06-09
RYO-33349523-0930,1,1,95.9437,491.5632,GBP,BUY,2026-06-18
MZG-83924371-9617,15,9,22.8144,155.7722,GBP,SELL,2026-06-07
UZK-89592694-8602,9,3,70.3840,226.3588,USD,BUY,2026-05-27
ETV-43366819-5697,1,3,35.5508,144.5704,USD,SELL,2026-06-05
MML-74722673-6834,7,8,30.1086,284.5258,JPY,SELL,2026-06-19
AUB-78903642-1124,14,6,8.7437,190.5984,JPY,SELL,2026-05-15
END-16311611-9047,9,6,11.2750,339.4310,JPY,BUY,2026-06-01
QBH-46838314-6069,6,5,6.9654,275.0043,JPY,BUY,2026-05-21
UHC-93907340-0436,6,7,64.6024,396.4811,USD,SELL,2026-05-20
GRB-55871869-2735,14,4,23.0702,396.0268,USD,BUY,2026-05-25
ZPV-95092076-5972,12,8,10.9393,264.2775,JPY,SELL,2026-05-20
GTW-61774225-8891,10,4,33.0554,485.8644,GBP,SELL,2026-05-22
NQJ-61013315-2836,6,10,85.8088,63.5775,JPY,SELL,2026-05-14
XWL-08917774-3269,5,8,21.2375,352.8686,GBP,BUY,2026-06-13
NNK-31573817-7617,15,2,83.8807,15.2440,CHF,SELL,2026-06-21
LPW-71504211-1619,4,1,38.2781,122.5160,GBP,BUY,2026-06-23
FTR-83967753-1592,7,5,7.5227,114.0154,EUR,BUY,2026-06-20
UAH-00279314-5644,12,5,6.5774,50.8462,USD,BUY,2026-06-02
WFB-87543452-8273,1,2,35.3100,39.3996,USD,BUY,2026-06-20
ZKX-88457478-6865,1,8,31.2146,120.0216,USD,SELL,2026-05-31
TSF-19574224-5695,6,3,67.2010,174.5444,GBP,BUY,2026-05-30
VYJ-97788003-6640,11,1,78.8565,164.6458,USD,BUY,2026-06-03
TEG-48360270-6795,10,1,55.3633,450.1107,GBP,SELL,2026-05-31
YXY-45517605-2375,3,10,84.0052,61.1121,EUR,BUY,2026-06-04
SCN-61566830-8156,10,5,7.1040,443.4087,GBP,SELL,2026-06-10
CWN-83792818-1763,8,8,26.6047,414.1953,CHF,SELL,2026-06-24
CJW-83405648-8408,1,2,44.3905,350.1194,JPY,SELL,2026-06-10
OEN-84802084-1744,12,2,26.4127,224.4695,USD,SELL,2026-06-14
SFA-20368058-5185,5,1,97.4573,126.4955,JPY,SELL,2026-06-22
NMX-50028459-3476,2,1,76.4346,228.1936,CHF,SELL,2026-06-14
REI-99410057-0623,15,7,91.4281,306.1918,USD,SELL,2026-06-10
ZTK-15754643-5065,10,7,59.7175,377.9800,CHF,BUY,2026-06-12
HRS-48004171-2180,14,7,67.7275,48.4906,JPY,SELL,2026-05-28
BMN-90021768-1644,8,5,50.3517,201.8492,USD,BUY,2026-06-24
JZG-04456696-9563,3,3,4.8540,143.1160,GBP,BUY,2026-06-26
QMT-10169342-9978,9,5,13.0300,89.0886,GBP,BUY,2026-05-15
IFO-87606021-2564,4,9,64.5452,459.7983,EUR,BUY,2026-05-25
VQI-02887533-5792,2,2,79.6594,362.3502,USD,BUY,2026-05-28
JLW-07434222-4292,10,8,98.6161,486.7873,JPY,BUY,2026-06-20
DJQ-00831768-8135,15,3,82.7345,50.3562,GBP,SELL,2026-05-27
GUQ-84878058-3904,4,8,1.5946,204.9544,GBP,BUY,2026-06-02
VGV-11313541-7163,11,4,49.7068,139.9827,GBP,BUY,2026-06-13
QHN-24746487-3035,11,7,24.8991,442.5505,CHF,SELL,2026-06-05
HHL-97990373-3313,4,4,84.9659,300.5317,JPY,BUY,2026-06-09
OYQ-02629510-1351,6,8,96.4974,240.6303,GBP,BUY,2026-06-04
VFP-94170981-7029,3,10,90.7020,158.4159,GBP,SELL,2026-05-24
PLZ-96543421-9458,12,7,32.7310,23.1819,CHF,SELL,2026-05-28
HKY-25770290-8045,3,10,32.5247,164.9512,EUR,BUY,2026-06-02
GMU-23901603-0358,13,10,87.6692,277.8673,JPY,BUY,2026-06-03
CXZ-00077121-8703,10,5,63.1836,153.0456,CHF,BUY,2026-06-27
THK-47845689-2916,5,9,60.5872,110.4423,USD,BUY,2026-05-25
ULQ-44728560-2802,10,1,31.1756,354.4961,JPY,BUY,2026-05-19
PWU-07050791-0805,6,6,35.4473,104.0471,JPY,SELL,2026-05-19
JXG-11173060-5624,7,9,71.6000,111.8653,CHF,BUY,2026-06-24
AFQ-56104583-9465,13,7,17.9078,190.3205,USD,SELL,2026-06-29
OYB-45487491-4831,3,1,87.1324,84.5950,JPY,SELL,2026-06-06
NEE-16544361-4931,14,1,28.1854,122.8133,EUR,SELL,2026-06-03
XZH-98790000-2207,2,4,26.4952,129.3127,JPY,SELL,2026-06-02
FJG-74474150-5151,4,3,95.5124,95.9720,EUR,BUY,2026-05-23
YMY-89392853-9396,10,2,61.3487,397.5146,CHF,SELL,2026-06-28
BIY-87854859-4154,2,7,11.4792,489.0542,USD,BUY,2026-06-29
CMM-28320770-4991,1,7,3.2538,159.0662,CHF,SELL,2026-05-27
PEB-94354203-7793,14,5,84.1202,372.2379,CHF,SELL,2026-06-01
RTD-06612018-4151,5,10,66.3480,48.6926,GBP,BUY,2026-05-26
WVK-63814383-0306,5,5,19.7038,129.5251,GBP,SELL,2026-05-29
GML-04576625-3557,15,2,56.3994,53.5903,JPY,SELL,2026-06-04
JML-41215003-5642,7,4,9.9619,108.7999,GBP,SELL,2026-05-17
UNN-40389526-8463,9,10,76.4910,402.4143,EUR,BUY,2026-06-10
GDW-46927528-3192,7,5,58.1212,109.8283,JPY,BUY,2026-05-31
KWZ-22985831-5275,8,2,59.9538,423.3254,EUR,SELL,2026-06-17
VQH-01843257-7321,5,8,39.2127,470.1434,USD,SELL,2026-06-02
EDP-27006497-2800,2,10,34.6716,146.6749,EUR,BUY,2026-05-20
KFY-87746201-0591,12,5,52.3960,480.3022,JPY,SELL,2026-05-26
QQA-67033135-6954,1,5,40.3902,312.6355,JPY,SELL,2026-06-26
LTW-28671850-8716,1,10,52.3490,229.6468,JPY,SELL,2026-06-04
LVG-33853234-6198,10,10,39.1571,78.5090,GBP,SELL,2026-05-31
KPR-57913908-5078,9,5,95.6659,228.7669,USD,SELL,2026-05-20
OPY-50516943-6084,5,7,57.7673,336.3597,USD,BUY,2026-06-18
NIA-54054738-4186,4,4,60.9039,484.2999,JPY,BUY,2026-06-21
UEE-04644129-2365,12,1,88.9315,18.1626,USD,SELL,2026-06-07
LWS-70604419-0297,15,5,18.4938,63.0750,GBP,SELL,2026-05-22
YGV-50250310-7470,13,6,14.6262,457.5228,CHF,BUY,2026-06-24
GUC-02268644-0009,8,2,15.8665,94.2606,GBP,BUY,2026-06-10
XHI-14379042-8939,3,3,95.2117,196.2604,EUR,SELL,2026-06-03
DFM-94076449-1539,15,1,77.4238,104.8091,GBP,BUY,2026-06-09
TLD-46712943-7451,9,6,25.8177,114.2933,EUR,SELL,2026-05-26
HDI-85413919-1405,14,4,11.3229,386.8126,EUR,BUY,2026-06-06
PAF-89685076-5733,8,5,21.6088,238.4923,GBP,BUY,2026-05-20
TJA-03105843-2333,6,9,69.8863,446.5183,CHF,BUY,2026-05-27
XOV-72620285-6074,4,7,80.1792,303.9081,JPY,SELL,2026-06-16
LTF-80521007-9667,9,2,23.3940,345.3847,JPY,BUY,2026-06-17
NYQ-56363631-0286,1,9,83.2977,75.8584,JPY,BUY,2026-06-29
LOH-72939336-6631,11,3,57.2639,192.6182,EUR,BUY,2026-06-02
TOG-67156503-1725,3,7,82.6472,349.8532,GBP,SELL,2026-05-29
ZSM-21954863-6851,12,5,55.2523,64.7663,CHF,SELL,2026-06-06
DZM-63951387-6792,9,10,26.9976,69.5270,GBP,BUY,2026-06-26
ROQ-09169655-9801,7,2,13.9737,28.6525,CHF,BUY,2026-05-23
LQM-58526820-0879,7,7,36.7497,196.6756,GBP,SELL,2026-05-27
YQI-25597415-8414,12,7,49.2632,108.4633,EUR,BUY,2026-06-25
YIT-88282599-8608,12,5,61.4284,322.0515,CHF,BUY,2026-06-21
XPY-58291756-4089,15,7,76.3047,360.0335,JPY,BUY,2026-06-20
LWQ-11747079-3520,15,9,27.0901,395.9265,USD,SELL,2026-06-18
WPZ-42243407-2849,5,10,18.7207,204.8480,CHF,SELL,2026-06-27
MCT-15995306-3536,6,8,31.9579,332.2710,EUR,BUY,2026-06-18
BSR-94431609-6456,4,5,16.3610,189.8408,EUR,SELL,2026-06-17
MTA-40018034-2945,2,4,16.6518,244.5661,USD,SELL,2026-06-01
ELE-84806239-1641,8,1,82.6503,360.8599,EUR,SELL,2026-06-19
QPF-62642491-8880,10,7,12.8097,298.8593,JPY,SELL,2026-06-27
BBN-09947041-6458,8,7,54.3236,218.0452,GBP,SELL,2026-06-01
FGL-31780974-9014,6,5,24.3461,287.4809,EUR,BUY,2026-05-15
EXW-69694410-3635,5,6,29.0055,102.2665,CHF,BUY,2026-06-27
HBV-21030933-9733,8,3,54.1834,95.2175,EUR,SELL,2026-05-12
AQA-08490442-8990,5,4,91.7132,12.8527,JPY,BUY,2026-05-21
JII-10734079-4636,11,5,25.7845,412.4550,USD,SELL,2026-05-22
XKH-03101028-2056,13,8,27.0241,307.7289,JPY,BUY,2026-06-13
GRE-89434301-3921,8,4,32.6141,326.5222,USD,SELL,2026-06-07
COZ-44359488-6702,6,1,69.6826,411.4427,JPY,SELL,2026-06-07
PUO-11042547-5148,9,5,97.3603,367.2841,GBP,BUY,2026-05-21
FQW-70660673-5158,11,10,18.5394,366.3906,CHF,BUY,2026-05-20
OMQ-50976044-1938,6,7,43.7110,355.0205,USD,SELL,2026-06-24
XGT-49491190-7809,10,5,11.7272,12.7487,JPY,SELL,2026-06-07
YNY-92717443-8692,11,10,65.9403,47.1547,JPY,BUY,2026-05-26
LQJ-05960217-1042,7,3,60.9632,198.8569,EUR,BUY,2026-05-28
CEF-63323393-5496,13,4,34.0465,148.9213,USD,SELL,2026-05-28
PHH-27515943-9288,8,5,78.8541,87.3979,GBP,BUY,2026-05-18
VED-43817729-0639,2,1,54.1929,174.5337,JPY,SELL,2026-05-12
KML-75188094-3866,10,9,65.9689,338.3204,USD,SELL,2026-06-24
XRS-21867671-6574,9,1,88.2638,456.3370,CHF,BUY,2026-06-18
XMM-30270224-4836,9,9,30.2638,63.3720,GBP,BUY,2026-06-16
ZAD-46029928-5366,6,4,45.4287,162.0880,JPY,BUY,2026-06-02
YRE-36357309-9555,9,7,79.7661,488.9138,CHF,SELL,2026-06-06
GCY-43817361-9375,6,5,44.5130,221.8629,GBP,SELL,2026-06-17
JTU-82422852-9166,13,2,5.2311,63.5254,GBP,SELL,2026-05-31
LPU-03530467-0364,15,4,70.0197,354.8814,JPY,SELL,2026-05-28
BWH-23436913-6354,6,1,41.8033,335.3028,USD,SELL,2026-06-13
DUT-10201341-8971,12,1,8.9542,68.9755,GBP,SELL,2026-06-11
GJD-19216943-5060,3,9,87.0978,181.1725,EUR,SELL,2026-05-23
OMN-34205317-0689,8,7,19.8349,467.3027,CHF,BUY,2026-06-04
RLA-56746705-5552,5,9,99.2080,217.6087,JPY,SELL,2026-05-22
SET-54027482-3744,5,4,19.7145,177.4476,EUR,SELL,2026-06-07
QSZ-77986655-2004,15,10,5.1754,115.8874,CHF,BUY,2026-06-29
EJZ-49781116-2357,9,2,76.5086,12.9447,CHF,BUY,2026-06-12
RUH-64108379-8848,8,6,87.4016,299.7165,EUR,BUY,2026-05-29
BYM-70359558-8758,2,7,90.8228,260.5113,JPY,BUY,2026-05-28
XIU-87333621-0161,7,4,96.2715,468.6561,EUR,BUY,2026-06-21
HBZ-95421618-3823,7,6,94.5633,198.0305,CHF,SELL,2026-05-30
ECD-53340541-7615,4,10,17.4283,302.5550,CHF,SELL,2026-05-21
ARP-50374979-3407,8,2,70.6160,196.9277,CHF,BUY,2026-06-25
PGA-62471140-2143,13,9,98.1660,287.4897,GBP,BUY,2026-06-14
DUG-10282467-5197,3,6,3.4248,219.4494,USD,SELL,2026-05-25
EGE-61555057-9118,12,8,31.4387,435.6509,EUR,SELL,2026-06-07
MED-01762544-4415,15,4,31.4152,336.4271,EUR,BUY,2026-05-31
CXZ-28057556-2527,9,4,12.3340,32.0886,GBP,SELL,2026-06-08
TTG-42324062-1218,1,3,61.9363,147.1270,USD,BUY,2026-06-19
JIP-78201289-2812,10,8,23.0926,112.0929,CHF,SELL,2026-05-23
KGB-40837628-9237,4,9,50.4113,140.6823,EUR,SELL,2026-05-30
YTP-95760248-5614,11,9,22.1073,446.5329,GBP,BUY,2026-06-22
IEZ-57986277-4167,5,10,77.1820,264.3007,USD,SELL,2026-06-23
JGQ-75114889-5453,7,6,55.0310,21.5939,JPY,SELL,2026-05-25
QFR-20927362-8368,2,2,74.2198,205.9564,GBP,SELL,2026-05-19
GOP-02524598-0776,3,8,63.2974,338.3160,JPY,BUY,2026-05-23
XEU-38360917-2797,14,7,51.8565,476.8309,CHF,BUY,2026-05-18
TXF-49173036-0002,1,3,93.8242,56.2286,EUR,SELL,2026-06-05
TDG-68625049-0834,15,1,79.1045,414.8306,CHF,BUY,2026-05-24
PFE-16679583-1644,15,7,36.8138,497.6072,EUR,BUY,2026-06-26
PPC-34274921-4780,5,8,17.2784,89.1926,CHF,BUY,2026-05-28
STG-77503066-5965,15,1,25.7742,201.7109,EUR,BUY,2026-06-05
IHD-09220576-0057,8,2,70.7714,429.6043,USD,SELL,2026-06-05
FLX-48431196-0047,8,3,39.6731,307.5738,CHF,BUY,2026-06-02
OFV-32324495-3599,6,3,10.3102,412.3813,GBP,SELL,2026-06-09
MNR-17708780-8359,8,6,7.9210,119.0405,USD,SELL,2026-05-20
CUR-11449547-0486,10,5,35.7943,469.6820,JPY,BUY,2026-05-20
AXH-82620989-2680,2,8,70.6690,488.3820,GBP,BUY,2026-06-09
LIR-67579556-6993,4,7,81.1400,189.0596,GBP,SELL,2026-05-09
TGL-55219476-2657,1,1,22.4151,269.7160,GBP,BUY,2026-06-01
SQU-61987017-6350,5,8,98.7691,297.9630,USD,SELL,2026-06-24
ZHH-87353600-1556,15,2,96.9630,230.6309,JPY,BUY,2026-06-06
QKP-92442339-7353,2,2,63.6396,125.2456,EUR,BUY,2026-06-27
OHG-73665011-1214,10,5,27.5695,286.4154,CHF,BUY,2026-05-31
EBJ-43422267-5851,3,1,67.4335,270.8556,EUR,BUY,2026-06-14
WDI-67701321-8136,1,9,69.0811,160.7720,GBP,SELL,2026-05-30
RCI-01355065-8111,12,10,84.9230,320.7721,JPY,SELL,2026-06-17
BUX-74748129-7986,5,9,58.3482,143.1390,GBP,SELL,2026-06-02
GTK-08015549-3115,7,2,16.6667,479.8457,JPY,SELL,2026-05-20
JFA-35486127-3468,6,2,22.8408,177.7641,EUR,BUY,2026-05-21
PRC-83459583-6403,14,6,90.8665,19.8733,GBP,BUY,2026-05-27
IMH-50313707-7061,1,5,31.4226,143.0314,GBP,BUY,2026-05-29
EDP-92931593-0341,15,8,18.2455,160.0495,EUR,BUY,2026-05-13
SLN-27848434-9084,11,2,45.7203,24.7638,EUR,SELL,2026-05-21
LEH-53447688-5662,6,6,45.5911,142.5369,USD,SELL,2026-06-24
EQK-84284659-2279,10,3,73.2439,453.5016,GBP,SELL,2026-05-28
JMC-05451276-6789,15,9,17.0704,42.5014,JPY,BUY,2026-05-22
LJW-27070892-7652,14,6,18.0172,185.4182,EUR,BUY,2026-06-18
KVC-76086293-9804,13,8,94.2725,391.9873,USD,BUY,2026-05-24
UOS-25311939-9375,13,1,94.3162,208.7582,JPY,BUY,2026-06-14
YSC-93405398-9477,13,1,44.7940,410.5436,JPY,BUY,2026-06-09
MWV-44333582-3812,2,9,15.3691,430.7091,CHF,BUY,2026-05-29
EBL-99333738-0426,3,1,57.9935,289.3934,USD,SELL,2026-06-02
NUU-98524197-8805,1,5,12.4107,250.3986,USD,BUY,2026-06-01
JUS-01079163-2877,14,10,15.6477,196.7272,GBP,SELL,2026-06-04
VWF-45749792-7237,15,2,79.7908,438.7755,USD,SELL,2026-05-28
YHF-44728830-5198,11,1,94.0035,62.3663,USD,SELL,2026-05-23
JBM-06853979-9894,13,2,23.4895,60.9954,EUR,BUY,2026-05-23
XBP-83076815-2288,12,3,9.4538,49.9633,GBP,SELL,2026-05-30
NTN-62553848-4873,14,8,64.4370,443.7180,GBP,BUY,2026-06-08
DHW-23058160-7323,13,1,2.4490,488.7950,EUR,SELL,2026-06-07
GHY-56480659-2460,14,3,56.9879,351.6290,GBP,SELL,2026-06-23
GHO-46763802-5332,12,3,46.0179,433.9859,JPY,SELL,2026-05-31
WYL-69523244-3579,6,4,48.2167,459.9686,USD,SELL,2026-05-20
JMN-79621422-5610,13,5,68.2964,25.7672,GBP,BUY,2026-06-29
SXW-57264488-2389,13,6,49.4228,377.9113,USD,SELL,2026-05-29
HFH-06009310-2988,2,5,56.2639,265.1241,EUR,BUY,2026-06-13
RWG-74477142-7547,4,2,44.3969,33.0676,JPY,BUY,2026-05-22
NXW-38156792-2801,6,6,69.2829,373.6727,EUR,SELL,2026-06-15
MKZ-34084469-0947,13,2,94.1262,60.0049,GBP,SELL,2026-06-19
FMV-62253262-3574,6,3,6.4800,53.5373,GBP,SELL,2026-05-30
YKU-79003121-6964,4,6,48.5868,46.0144,USD,SELL,2026-06-05
BCL-35663877-9361,8,1,44.5840,285.3017,EUR,SELL,2026-05-21
VMG-75280128-1503,13,3,62.0174,495.2970,GBP,SELL,2026-06-10
EEG-74518223-5932,1,10,78.3591,141.0654,JPY,SELL,2026-05-23
IWI-96985730-2466,9,10,97.5837,153.8064,CHF,BUY,2026-06-03
HDI-07046634-6014,11,3,4.6943,49.5658,CHF,SELL,2026-06-06
VAG-02484703-3852,5,1,2.5083,194.6923,USD,BUY,2026-06-20
TTX-07399621-4283,14,9,66.2728,258.3280,CHF,BUY,2026-06-16
ZVN-03454140-9796,5,5,1.8227,24.4510,CHF,SELL,2026-05-23
MXA-61647946-6660,14,4,95.5061,123.3909,CHF,BUY,2026-06-11
AIE-48243759-4734,3,8,97.9341,339.9724,CHF,BUY,2026-06-19
PJV-86090534-5270,1,2,54.2538,480.4049,USD,BUY,2026-06-08
XAK-91462228-3260,10,9,95.2561,289.4546,CHF,BUY,2026-06-03
PVL-46944243-4407,8,6,47.3299,201.5730,USD,BUY,2026-05-25
BYS-26511575-1770,6,10,5.7605,289.3387,EUR,BUY,2026-05-19
XOI-72364693-4738,14,8,13.9756,488.8416,EUR,BUY,2026-05-28
ZCT-87417226-3157,13,10,66.7644,410.5733,GBP,SELL,2026-06-24
PRZ-68654936-3477,3,9,87.6976,370.5504,USD,BUY,2026-05-20
LCS-49702531-3434,4,8,91.6904,232.3090,EUR,BUY,2026-05-12
NUZ-05013253-2384,8,4,70.0913,26.9525,GBP,BUY,2026-05-30
PND-57178511-5255,14,5,59.3885,170.5003,USD,SELL,2026-06-04
HFL-20722726-0773,2,5,15.8019,149.9845,JPY,SELL,2026-05-20
RBC-21490310-2783,7,3,81.5274,498.1032,USD,BUY,2026-06-07
TNJ-30961068-0877,15,10,36.3470,21.9070,JPY,BUY,2026-05-27
MMD-78990443-5719,6,2,57.1768,91.0811,USD,BUY,2026-05-22
PJH-30470818-5584,14,8,6.3581,420.3650,USD,SELL,2026-06-08
SDO-70201992-9784,10,7,20.6451,424.0764,EUR,BUY,2026-05-30
ZBE-05767890-8497,13,5,51.2167,183.3832,CHF,SELL,2026-05-30
KLZ-96856403-4567,4,5,99.1697,363.4881,JPY,SELL,2026-06-03
YCA-65563896-8102,5,5,16.5943,273.5118,EUR,BUY,2026-06-08
ERS-64746976-0888,3,7,96.5920,81.3834,USD,SELL,2026-06-13
ULD-49716810-9479,5,5,39.9429,439.8911,JPY,SELL,2026-05-27
DZM-45829699-8740,11,8,56.6899,207.3097,USD,SELL,2026-05-29
IRS-55882141-8316,5,3,25.7352,144.7816,GBP,BUY,2026-06-24
TKC-87840799-6369,10,7,39.2341,326.0062,CHF,SELL,2026-06-10
NYI-24537577-1096,7,10,2.2646,241.8349,JPY,SELL,2026-06-01
WLG-00072315-3070,6,4,41.2412,308.7825,GBP,SELL,2026-05-29
OCH-08121318-5761,5,1,68.0096,174.4018,JPY,BUY,2026-05-19
UUL-28679993-6599,8,10,45.8516,386.3066,EUR,BUY,2026-06-19
AOM-42042962-7728,8,9,81.4321,168.1215,JPY,BUY,2026-06-07
AOW-91924336-8009,8,8,26.7689,232.0350,JPY,SELL,2026-06-06
MBQ-64710573-3789,7,7,64.1999,374.4778,CHF,SELL,2026-05-23
YJW-33454778-3664,11,2,74.0436,177.7599,GBP,SELL,2026-06-06
HKZ-18366289-4248,6,8,94.5761,279.8994,EUR,SELL,2026-05-23
NJZ-40142423-9928,12,9,19.0829,423.6374,USD,SELL,2026-05-20
RCA-83685595-9219,5,8,66.1962,414.9348,JPY,BUY,2026-05-30
IDN-33683327-1248,4,4,89.6503,48.1734,CHF,SELL,2026-06-04
XIC-02737705-8718,11,1,64.3394,334.9245,USD,BUY,2026-06-25
HFS-46520866-3366,7,5,59.2165,121.7790,JPY,BUY,2026-06-24
SBW-81557356-3214,4,5,92.3044,360.5381,JPY,BUY,2026-06-08
VTW-77221593-8287,11,8,2.9758,184.6703,JPY,BUY,2026-05-25
VBU-50005686-1552,15,9,2.2771,303.3079,USD,SELL,2026-06-22
WGV-69515893-0260,1,7,88.3095,404.8321,JPY,SELL,2026-05-25
YRS-83613395-4576,11,8,5.9196,172.0209,JPY,SELL,2026-05-28
KYH-03879965-5159,2,9,36.0792,126.5641,JPY,BUY,2026-06-16
KSL-84323131-5056,11,6,27.6061,480.5300,JPY,BUY,2026-05-21
YFI-90999563-9302,5,7,95.8107,377.3956,CHF,SELL,2026-06-29
JZZ-65292569-9864,4,6,67.9297,63.6586,EUR,SELL,2026-05-27
NGU-51193178-8843,9,7,9.4263,82.0862,EUR,BUY,2026-05-26
IZP-76563173-1663,7,1,97.7173,190.6512,JPY,BUY,2026-05-20
NTW-40265187-6121,13,6,20.9123,452.2614,EUR,SELL,2026-05-28
BLM-94050688-0392,1,5,66.1121,374.6648,CHF,SELL,2026-06-05
HYL-67513894-0417,9,6,62.8388,78.7534,JPY,SELL,2026-06-10
JBV-60825593-8629,12,6,35.9760,258.5267,EUR,SELL,2026-05-21
WWP-31418220-4442,10,1,60.5196,371.8118,USD,SELL,2026-06-12
TAI-16876807-5330,11,3,48.1455,266.7949,GBP,BUY,2026-06-05
CEO-12808833-4580,4,7,21.3569,313.5622,GBP,BUY,2026-06-01
NWV-95359412-0753,11,2,91.5609,67.3203,JPY,SELL,2026-06-04
GZW-07837637-5635,15,3,63.6309,48.9292,CHF,SELL,2026-06-13
HRM-38563101-1528,8,7,35.5495,300.7384,EUR,SELL,2026-06-04
HDM-99645117-2184,14,3,4.7953,173.7732,EUR,SELL,2026-05-17
JRS-88038847-4350,6,2,6.2460,287.1223,EUR,SELL,2026-06-09
XKG-40868804-2152,3,8,97.9721,426.1687,EUR,SELL,2026-05-29
XTE-42009755-3709,9,1,61.3716,188.4757,USD,BUY,2026-05-28
POP-59257421-2512,10,2,83.9956,121.4773,CHF,SELL,2026-05-25
JTI-60334764-9218,15,9,17.8318,102.7350,CHF,SELL,2026-05-28
NBP-47606295-0721,3,3,7.5424,416.8800,EUR,BUY,2026-06-28
HUB-27412464-0793,9,8,9.4322,46.8706,USD,BUY,2026-06-02
HTL-67618741-7799,15,10,23.1669,490.5764,USD,BUY,2026-05-08
UYO-81008477-6780,2,4,54.9662,338.9521,EUR,SELL,2026-05-22
LUI-76535084-7987,9,6,50.8608,177.0280,JPY,SELL,2026-06-20
CVR-44051770-4644,8,8,24.0528,452.2410,GBP,BUY,2026-06-16
BMJ-21743481-2406,7,7,36.8682,297.7909,USD,BUY,2026-06-22
NTM-54902112-0354,2,6,27.9960,304.2363,EUR,SELL,2026-06-16
MIQ-91570820-9788,11,3,15.9485,127.0230,JPY,SELL,2026-05-24
DAI-90079822-5132,14,10,10.6489,119.6632,USD,BUY,2026-05-16
DKM-24362221-2208,6,1,5.4995,241.1949,CHF,SELL,2026-05-22
IQL-47091211-4682,1,6,36.7822,433.7012,CHF,BUY,2026-06-11
GFE-31666276-9693,4,3,74.5006,65.9767,GBP,BUY,2026-06-06
KVN-64529482-0599,5,5,10.1280,124.2783,CHF,SELL,2026-06-14
NNU-44457151-7994,11,2,95.5784,201.0119,JPY,BUY,2026-05-22
YZD-16858529-1161,10,8,96.8037,124.2603,USD,SELL,2026-05-25
MJD-47847065-4158,8,10,17.0847,407.7688,EUR,BUY,2026-05-26
OWD-57190968-9419,13,2,41.9375,406.9606,USD,SELL,2026-05-24
WZL-92995892-9208,3,6,60.2089,455.7313,CHF,SELL,2026-06-07
ZJO-12407880-1870,14,4,55.9337,396.6076,EUR,BUY,2026-06-02
DXX-33335413-1207,1,1,60.4818,219.6496,CHF,BUY,2026-06-03
WET-23439406-7717,2,10,73.5225,110.3887,JPY,SELL,2026-05-25
EIP-35125065-9840,10,7,47.6221,107.2231,CHF,SELL,2026-06-12
PZY-02594948-2433,12,7,26.5071,496.2138,CHF,SELL,2026-06-21
QXQ-17796724-2966,7,3,54.0924,378.7913,USD,BUY,2026-06-22
RTF-52734944-8463,12,10,56.2557,178.1154,USD,BUY,2026-05-22
ZGJ-06055570-6604,11,9,71.9011,425.4606,CHF,BUY,2026-05-28
JVE-91114706-8807,13,9,99.4157,391.6284,JPY,SELL,2026-06-07
YKO-42779905-4099,7,1,86.1250,47.0622,USD,BUY,2026-06-09
LPY-36075564-2817,15,2,34.2199,263.2829,GBP,BUY,2026-05-27
SPU-14004812-6256,10,10,9.5959,259.1488,USD,SELL,2026-05-26
UWK-24953162-6879,8,2,75.3094,379.8722,GBP,BUY,2026-06-05
JMO-28324782-2388,14,10,36.1432,376.1747,JPY,BUY,2026-05-28
TMD-06964973-7664,1,1,33.4197,311.5176,EUR,SELL,2026-05-23
NOM-12450155-9617,7,4,84.4141,347.4812,GBP,BUY,2026-06-25
XDA-79648865-9461,4,10,3.7921,309.2602,EUR,BUY,2026-06-18
XWB-18669759-7968,15,10,61.7490,294.6547,CHF,SELL,2026-05-30
HHA-64855951-4020,8,9,84.3401,224.7986,JPY,SELL,2026-05-29
YAV-93493161-3747,11,3,28.0309,468.0374,EUR,SELL,2026-05-23
PDR-72986700-5356,12,10,5.6705,16.9251,EUR,BUY,2026-06-26
ZAN-40280136-0425,6,2,79.2574,181.4163,GBP,SELL,2026-06-19
PRG-05211782-8848,7,4,33.7537,328.9265,JPY,BUY,2026-05-18
OTE-96957598-9782,5,5,41.5768,272.0284,JPY,BUY,2026-05-10
PLU-22952168-6510,13,1,20.2932,196.6273,EUR,SELL,2026-05-29
ALX-56494116-0791,6,4,11.3976,429.1833,GBP,SELL,2026-06-29
KVD-19980439-0554,15,10,42.9816,131.5164,EUR,BUY,2026-06-22
RDH-05313813-5872,4,5,54.6513,67.3597,USD,SELL,2026-06-13
YRA-97956611-0347,15,2,32.9435,313.2124,GBP,BUY,2026-06-25
ESK-99690479-4223,7,1,58.4782,88.5605,JPY,SELL,2026-05-25
GLN-10820894-0846,7,1,67.2647,198.7286,EUR,BUY,2026-05-22
YTS-95696634-5235,5,8,96.0488,233.9623,JPY,SELL,2026-06-27
ULY-95281834-9290,10,9,1.1808,490.1259,CHF,BUY,2026-05-31
JPI-11691974-4158,11,9,30.8576,165.5923,USD,SELL,2026-05-22
XLP-15848311-4638,13,1,48.9831,271.5582,EUR,BUY,2026-06-04
URJ-19726280-6601,15,10,57.0942,472.2618,JPY,SELL,2026-06-28
EFD-75529589-4947,6,4,41.7952,96.1712,GBP,SELL,2026-06-21
WQY-05390636-6421,14,5,31.8747,164.4417,GBP,BUY,2026-05-30
JOI-47072266-0045,13,10,46.8050,340.1618,EUR,BUY,2026-06-18
LCQ-47905120-6793,3,3,53.6430,385.2780,EUR,SELL,2026-06-24
WOJ-16071694-3259,7,1,26.4887,337.7690,USD,SELL,2026-06-08
BND-72904779-6042,5,4,53.3933,286.0453,USD,SELL,2026-05-15
EDF-71782869-8041,11,10,64.1332,190.9973,GBP,SELL,2026-06-08
IKW-61314021-1937,4,6,65.8624,320.3415,JPY,BUY,2026-06-19
SIJ-78770947-5034,1,5,70.0821,354.0840,GBP,SELL,2026-06-07
MXG-31764904-2399,14,3,25.9998,250.2075,USD,BUY,2026-05-26
NUO-76989258-1254,9,3,29.4725,438.1594,EUR,SELL,2026-05-23
QWN-91543840-4344,6,5,55.1342,495.5205,CHF,BUY,2026-05-18
AYD-17857814-6389,9,8,8.8580,117.9079,GBP,SELL,2026-05-26
LYN-44163932-5751,9,5,14.8294,355.4133,USD,SELL,2026-05-31
NZP-12730940-9910,8,9,11.4032,332.3131,EUR,BUY,2026-06-15
LQA-43727545-6385,1,9,22.9784,481.9998,EUR,SELL,2026-06-02
AHN-99841436-6202,15,6,48.4169,300.8483,CHF,SELL,2026-06-02
JIE-51894704-8808,2,10,93.8627,141.7369,CHF,BUY,2026-05-30
OVR-60025050-4347,8,5,48.5877,144.6890,CHF,BUY,2026-05-26
XPL-38912638-9795,12,7,27.7847,495.6123,EUR,BUY,2026-05-25
JGQ-32551858-5664,11,5,11.0713,432.1435,EUR,BUY,2026-06-12
PDM-65559291-6868,11,1,84.7011,458.9259,EUR,SELL,2026-05-12
XQZ-14197851-5122,12,6,23.4728,215.6620,EUR,BUY,2026-05-20
ATV-56826203-4828,14,6,29.9160,124.6359,GBP,SELL,2026-05-24
BKE-14042691-3291,14,3,62.4623,468.9388,USD,SELL,2026-06-17
HDR-82806723-6995,5,7,40.5666,396.9244,EUR,SELL,2026-06-10
ATD-90079491-5021,14,2,64.1808,412.7345,JPY,SELL,2026-05-17
DCQ-27126730-1151,8,5,80.9235,269.1930,EUR,SELL,2026-06-01
UQD-26337176-2150,2,6,75.1920,341.6735,GBP,SELL,2026-05-25
WXX-09052698-0584,9,7,47.7585,150.2063,EUR,BUY,2026-05-22
QMT-29742325-4202,3,2,37.8977,439.3706,JPY,SELL,2026-05-31
GNG-96177082-8367,5,7,35.1475,16.6698,CHF,SELL,2026-05-26
IDU-32684282-3336,10,4,95.6631,126.7784,CHF,BUY,2026-06-03
PRZ-06718902-0192,4,4,24.4379,399.2495,USD,BUY,2026-06-05
SYA-59148366-3323,9,2,33.3027,100.2295,JPY,SELL,2026-05-26
ASB-91371930-1766,14,10,88.7723,35.9502,GBP,BUY,2026-06-05
KLR-01944018-0562,15,3,29.0570,49.4916,CHF,SELL,2026-06-16
WJI-59707514-9861,3,4,27.4632,332.6609,GBP,BUY,2026-05-25
RES-44240704-4346,2,7,2.1875,41.1440,CHF,BUY,2026-06-08
IGU-13651210-1596,13,4,43.4524,33.4815,JPY,SELL,2026-06-17
EUM-06822587-7623,8,9,61.8809,139.2605,GBP,BUY,2026-06-06
ESM-03976861-2140,7,2,16.3261,355.4838,EUR,BUY,2026-06-01
SXC-24002413-8402,1,4,18.8985,183.5338,USD,BUY,2026-06-23
CZW-12900364-2145,3,2,69.1091,488.9429,USD,BUY,2026-06-11
LHZ-36734051-6679,9,9,84.2516,117.8096,USD,BUY,2026-05-29
DLD-05558840-4601,1,4,99.7106,394.7469,CHF,BUY,2026-06-20
ZDI-31885678-1721,9,9,29.8385,333.8874,USD,BUY,2026-06-19
XNX-88149949-4894,14,1,55.0224,247.0192,CHF,SELL,2026-05-30
XBZ-20979703-4687,6,9,84.0274,242.9047,USD,SELL,2026-05-25
QUZ-42861011-3249,9,8,25.7449,491.0661,JPY,BUY,2026-06-20
FUV-51695133-3053,13,2,77.5681,61.1315,JPY,SELL,2026-06-08
ONB-59667721-6181,6,3,67.9514,212.2152,EUR,BUY,2026-05-30
RCR-16541989-8772,3,5,35.5891,87.3380,CHF,BUY,2026-05-30
ROX-26096882-6599,2,4,3.6052,445.3672,EUR,SELL,2026-06-29
JYG-36388998-9759,8,7,43.8141,316.4176,GBP,SELL,2026-05-11
MTR-37116711-0117,2,10,8.0372,497.8773,EUR,SELL,2026-06-03
AFD-43034300-3791,5,5,54.1357,274.0474,EUR,BUY,2026-06-02
TQE-01344462-3513,4,3,73.2159,51.5526,CHF,SELL,2026-06-23
OJL-76471700-8071,9,9,90.7835,61.2005,CHF,BUY,2026-05-23
TPN-82596402-5790,7,2,35.6453,141.2131,GBP,BUY,2026-05-31
MHI-97295701-4168,8,1,67.5560,446.5999,CHF,BUY,2026-05-22
PBN-10422770-7852,12,6,74.9720,412.6021,GBP,SELL,2026-06-28
XEW-53835553-0672,13,6,97.9056,251.6811,GBP,BUY,2026-05-26
CKN-56794817-8102,14,2,77.9692,467.0603,EUR,BUY,2026-06-15
DZZ-56297979-6975,14,4,58.8607,60.9153,EUR,SELL,2026-06-06
WLD-19684249-2017,5,5,46.3481,63.9123,JPY,BUY,2026-06-12
ZQP-00177094-0727,4,2,57.4287,118.3312,EUR,SELL,2026-05-29
YLM-32032486-4142,8,6,86.7732,489.0795,EUR,SELL,2026-05-20
GVH-92114654-5910,9,1,70.1892,49.8993,JPY,BUY,2026-05-25
IFE-47121624-3221,15,9,81.8245,195.9242,CHF,SELL,2026-05-26
DWF-48225071-8409,8,7,94.8583,210.8158,USD,SELL,2026-06-24
QDU-29627108-6945,12,6,57.5375,428.7716,USD,BUY,2026-05-28
JYM-71121085-7555,7,7,12.9143,240.9950,JPY,SELL,2026-05-19
DDT-56750871-8142,11,8,60.4737,23.2663,GBP,SELL,2026-05-28
AHB-14922584-1248,10,7,35.1920,316.1656,JPY,SELL,2026-06-04
UET-25013144-0661,15,6,42.2095,291.2068,JPY,SELL,2026-06-04
QTI-47500572-0222,12,1,40.7601,432.6153,JPY,BUY,2026-05-23
ESZ-13412659-5799,12,2,70.0397,370.5938,CHF,SELL,2026-06-01
WPC-86242395-7639,12,4,20.4559,85.5459,EUR,BUY,2026-05-30
JFB-12395549-7282,6,8,55.4856,82.0569,CHF,BUY,2026-06-20
RJA-75559101-7203,3,4,71.9217,148.9859,JPY,SELL,2026-05-30
JHA-10003352-7287,6,9,56.1060,472.3788,GBP,SELL,2026-06-16
UHJ-95846946-7686,10,7,16.8416,165.1870,CHF,BUY,2026-05-25
UMY-72098509-9019,5,5,30.2138,279.7012,USD,BUY,2026-06-08
VRV-43931561-9711,9,10,73.9008,376.9993,JPY,BUY,2026-05-23
SPB-07348895-9734,8,8,77.4933,280.1806,GBP,BUY,2026-05-27
GJU-36488860-9562,6,4,73.5880,50.3810,GBP,BUY,2026-06-07
HIP-69185658-2926,4,8,50.4212,22.6712,USD,BUY,2026-06-06
FTL-79540055-5837,9,2,66.1260,338.9839,CHF,BUY,2026-06-26
USO-48818624-5122,11,8,89.5886,337.2350,GBP,BUY,2026-05-27
XDR-41718043-9755,12,1,16.7765,338.1733,GBP,BUY,2026-06-26
HRW-02923565-8422,15,2,51.1636,228.2186,GBP,BUY,2026-06-06
SEK-24557487-4323,2,9,8.8354,433.2223,JPY,SELL,2026-05-29
GLK-30268693-5452,14,8,38.5431,263.6680,GBP,SELL,2026-05-18
DMJ-43451354-3847,14,7,28.8651,54.5632,JPY,SELL,2026-05-21
IWO-53266754-9762,6,5,92.0812,271.4775,USD,BUY,2026-05-27
HHS-95029032-9701,12,3,64.8281,159.9750,GBP,SELL,2026-06-04
JIB-37928348-5908,7,10,84.0134,413.1630,EUR,SELL,2026-05-16
HRZ-53032602-0763,13,8,32.7957,420.7374,GBP,BUY,2026-05-22
VIH-11461694-0353,9,8,90.5089,393.7791,JPY,BUY,2026-05-26
UIR-54938202-6517,15,2,67.8878,162.6900,USD,SELL,2026-06-08
NZU-44890087-8197,1,4,10.6536,135.1975,EUR,BUY,2026-06-19
KCQ-46788833-9280,13,3,33.4581,217.6985,USD,SELL,2026-06-11
KCN-99958025-1332,8,4,71.4294,414.1107,CHF,BUY,2026-05-21
UTR-45478512-3534,4,9,63.5860,389.3528,CHF,SELL,2026-06-05
UAH-16022594-9704,6,5,11.4479,435.1768,EUR,BUY,2026-05-23
GLD-81058886-2138,15,4,89.4218,129.1148,EUR,BUY,2026-06-06
OYC-92634422-3687,8,9,75.7678,463.2943,GBP,BUY,2026-05-26
FTC-05157268-8619,10,2,64.5993,486.6467,USD,SELL,2026-05-22
IJK-13804985-8767,7,10,23.7393,100.3178,EUR,SELL,2026-06-04
SQA-25995860-0909,6,6,54.9379,110.9088,GBP,BUY,2026-06-02
MAX-10971652-8394,3,4,43.1646,371.0518,GBP,BUY,2026-05-25
SEI-22301179-7210,1,9,57.3265,492.5439,CHF,SELL,2026-05-26
ZGA-44657075-9340,5,2,66.7824,236.2549,JPY,BUY,2026-06-14
GWW-35907113-2110,8,1,38.6104,62.8518,EUR,BUY,2026-05-22
PHN-20826524-1227,11,5,15.8955,405.3758,GBP,BUY,2026-05-23
BUC-88889282-9771,4,9,77.6157,253.9904,GBP,SELL,2026-05-20
KPV-28068031-5634,5,6,45.6146,342.8909,GBP,SELL,2026-05-23
HIN-71276529-0681,4,2,17.7218,432.0313,JPY,SELL,2026-06-04
YRU-21342414-9558,1,1,18.8770,389.0031,GBP,SELL,2026-05-20
SSV-79078573-5614,5,1,49.4094,48.2010,EUR,SELL,2026-06-05
UDZ-18940412-9834,4,6,22.6521,11.9743,JPY,SELL,2026-05-25
UYN-95955460-7251,7,4,24.8921,345.3817,JPY,SELL,2026-05-23
ZNL-63236536-0116,5,4,97.3762,214.6584,CHF,SELL,2026-05-17
WTV-38567197-4896,11,4,28.7814,187.0811,EUR,SELL,2026-05-31
VCK-88616512-6708,1,9,68.2930,153.9229,EUR,BUY,2026-05-26
OTK-91349902-3732,14,9,77.5769,245.8437,GBP,SELL,2026-06-11
VSI-41696327-5869,12,10,37.5603,47.2814,JPY,BUY,2026-05-26
ZPV-32134886-5673,7,10,83.4761,298.9899,CHF,SELL,2026-05-22
PYH-10055751-0935,1,10,4.5760,380.3750,EUR,SELL,2026-06-21
ZFT-07957283-6299,11,10,56.0831,296.0671,USD,BUY,2026-06-27
BLI-53137011-1787,8,10,51.9675,382.4179,EUR,SELL,2026-05-25
GEL-46706965-3294,4,10,2.9422,21.4479,USD,SELL,2026-06-26
ZGZ-33948936-8840,9,3,3.2768,30.9824,EUR,BUY,2026-05-23
UWK-26865290-1806,1,10,86.5402,150.6563,EUR,SELL,2026-05-22
ZJL-54071520-0068,10,1,8.6308,310.3688,GBP,BUY,2026-05-29
YPZ-79090487-6522,12,1,63.6803,456.0659,EUR,SELL,2026-06-27
XRU-60230860-7214,15,4,19.8615,492.3626,EUR,BUY,2026-05-23
MGH-79493270-1743,8,2,46.7355,192.2572,JPY,SELL,2026-06-05
XWF-65519093-3123,6,4,66.9551,20.1078,EUR,BUY,2026-05-24
AML-71123452-4250,15,1,44.9438,208.0799,JPY,BUY,2026-05-18
IUM-90398114-6139,1,7,51.1271,139.7492,GBP,BUY,2026-06-22
EAI-55603271-5092,6,1,20.5960,292.4186,CHF,BUY,2026-06-16
XFF-92358985-9322,12,2,92.7113,396.3933,GBP,BUY,2026-05-29
ANE-67882024-2570,9,6,92.2874,306.4651,GBP,BUY,2026-06-10
TZF-67398669-2495,9,9,93.2593,96.8454,USD,SELL,2026-05-27
EJJ-69269813-3149,7,5,46.6370,343.0291,EUR,BUY,2026-06-06
QHU-41108013-7845,13,1,69.5480,78.7805,EUR,BUY,2026-05-19
DAA-54838746-3289,3,1,33.4311,212.8712,JPY,BUY,2026-05-26
JJE-05666426-0468,9,9,77.2997,84.0477,CHF,SELL,2026-05-23
WQK-70354231-4822,3,2,80.1235,11.7075,EUR,BUY,2026-06-22
EHX-77998815-7163,1,4,83.3598,237.3024,USD,SELL,2026-06-13
ZDI-92822069-3859,3,10,26.7386,32.1492,GBP,SELL,2026-05-22
MOD-39557513-6388,3,4,80.0870,12.0179,USD,SELL,2026-05-29
KGR-74391119-9179,4,1,86.7835,422.2335,USD,BUY,2026-06-06
HDX-33446531-4406,14,1,54.6804,421.1199,USD,BUY,2026-05-25
XUB-82000584-5929,9,6,27.6434,462.8178,EUR,SELL,2026-06-07
JVT-16933686-3078,4,7,78.4593,158.6509,CHF,BUY,2026-05-24
ACL-01192958-2229,3,2,31.1833,295.2881,EUR,BUY,2026-06-21
DLP-36180303-7799,8,5,63.2484,65.8281,EUR,BUY,2026-05-28
SGS-80595873-7213,7,3,31.7838,477.6435,CHF,SELL,2026-06-08
RVV-87278832-3850,8,2,57.0087,162.8864,USD,SELL,2026-05-23
FOE-01807222-0016,3,1,30.3851,25.3463,JPY,BUY,2026-05-27
XFA-34268990-6966,5,5,24.9710,287.4655,EUR,BUY,2026-06-12
JHX-60031447-8904,15,4,2.3998,398.6836,EUR,SELL,2026-05-31
BMJ-47383541-2585,6,8,95.4822,266.4362,EUR,SELL,2026-05-21
NIP-98329497-5411,1,9,36.4872,328.4614,GBP,BUY,2026-05-30
XOK-95801386-2639,10,6,70.2530,148.4493,JPY,SELL,2026-05-19
COA-28519505-3493,1,2,89.2131,300.4437,USD,SELL,2026-05-27
QJS-22524238-6680,8,3,46.2138,257.2848,JPY,BUY,2026-06-16
HHB-98262452-8062,14,3,32.8398,239.7987,USD,BUY,2026-06-03
TBN-98786526-5462,6,7,54.5332,77.2213,JPY,BUY,2026-05-18
CWJ-02969754-6714,12,9,99.9669,413.0943,JPY,BUY,2026-05-29
CWA-91970946-8435,7,3,48.3730,466.6910,EUR,SELL,2026-05-24
BSW-45804566-9206,9,8,4.9889,230.2289,CHF,BUY,2026-05-27
TMJ-07355376-7555,13,10,55.5304,399.0764,JPY,SELL,2026-06-04
HMH-59445670-7003,9,8,51.7573,249.5891,EUR,BUY,2026-06-10
WKU-94596802-7764,4,4,57.8645,13.3428,CHF,BUY,2026-06-14
UJY-80900612-1956,11,5,97.9861,321.6742,USD,SELL,2026-05-22
ZZT-14502983-5525,8,3,4.4826,279.3852,EUR,SELL,2026-05-31
BRM-39928347-2112,11,6,11.3494,406.7110,GBP,SELL,2026-06-26
FFJ-55015375-4286,6,3,49.9962,395.8221,USD,SELL,2026-05-19
HVY-73499282-7008,13,8,43.6210,311.8592,USD,SELL,2026-05-26
KLD-50844408-2052,4,10,47.1484,114.8657,EUR,BUY,2026-05-24
KEY-06169129-0060,10,1,37.9625,280.5433,JPY,SELL,2026-06-18
JBT-82742918-2879,13,9,50.6795,320.1664,EUR,SELL,2026-05-30
KWV-61074545-6631,5,2,71.8405,248.7452,GBP,SELL,2026-05-25
HCU-74062964-1534,10,6,27.2273,148.9846,JPY,SELL,2026-06-04
QFT-92879106-0068,14,1,58.7314,406.8942,GBP,BUY,2026-05-28
QER-31932983-4968,4,3,20.5012,175.6930,CHF,BUY,2026-05-27
WID-90283977-4893,14,3,93.1684,465.0674,JPY,BUY,2026-05-16
CNF-22415206-9442,15,2,39.7452,276.3308,USD,SELL,2026-05-17
MSE-84564455-7086,14,6,76.3294,84.8330,USD,BUY,2026-05-23
KTG-52887006-0931,10,5,88.8866,23.2347,CHF,BUY,2026-05-31
VFD-25118184-6630,6,7,16.2827,293.3048,EUR,BUY,2026-05-28
XYH-65708893-4744,3,4,38.9937,427.7388,GBP,SELL,2026-05-22
EXA-24269646-0374,6,7,39.7502,20.5593,JPY,SELL,2026-06-24
XWQ-05927671-8106,6,6,99.2627,359.5210,EUR,BUY,2026-06-05
UUJ-03776207-3360,12,3,82.9526,125.2884,JPY,SELL,2026-06-18
QYI-26283733-6023,7,6,78.5423,191.3271,EUR,BUY,2026-06-05
XEH-54968846-7135,11,4,72.1747,203.3922,GBP,BUY,2026-06-01
EMN-20736992-4080,2,9,55.2954,31.6967,EUR,SELL,2026-06-05
ZZY-36558390-1690,13,7,45.9654,79.2203,GBP,SELL,2026-06-21
NIU-91505905-6517,15,9,74.9602,334.3939,CHF,SELL,2026-06-01
OBU-46148033-7827,3,8,68.3216,361.0675,GBP,SELL,2026-06-29
XES-54211407-0481,7,10,84.2668,336.6018,CHF,SELL,2026-06-09
UCN-30981051-7452,15,9,28.8592,380.1311,JPY,SELL,2026-05-28
PDO-27673384-8365,6,9,40.5319,136.5986,CHF,BUY,2026-06-20
TLH-69053740-6873,10,10,89.7105,450.9001,USD,SELL,2026-06-16
QPG-86306616-2706,11,2,86.8666,180.8598,USD,BUY,2026-06-09
CTO-44277411-8933,13,3,45.4456,205.9248,EUR,BUY,2026-06-14
ZJD-98226729-8934,6,7,58.6838,56.8108,GBP,SELL,2026-05-17
CUV-68454578-0027,7,6,6.2894,393.1708,USD,SELL,2026-05-28
MLF-23098554-6439,10,3,63.1863,240.2641,CHF,SELL,2026-05-27
IUZ-62417331-0335,3,9,31.7435,468.6771,USD,BUY,2026-05-25
KLO-75711043-2713,2,7,68.7530,23.2475,CHF,SELL,2026-06-20
PRQ-25961079-7327,12,4,77.2748,207.2672,GBP,SELL,2026-06-19
WUA-23254119-2280,5,7,5.6115,327.0553,JPY,SELL,2026-06-15
JHR-87802291-4947,15,6,92.3161,60.4880,USD,SELL,2026-06-25
HEU-46605410-1940,14,1,46.3081,155.1056,CHF,BUY,2026-06-05
SJA-54617742-2862,11,1,45.6711,462.8015,USD,BUY,2026-05-27
AAZ-05632246-0086,8,7,95.7588,144.9692,GBP,SELL,2026-05-26
ILM-57031330-9584,15,1,76.3524,326.2054,JPY,SELL,2026-05-28
BBN-11595098-1766,12,1,66.0247,316.1653,JPY,BUY,2026-06-27
AOT-26574123-3785,5,2,55.1437,218.2801,JPY,BUY,2026-06-25
BFG-36801699-7602,12,5,72.5124,296.4274,GBP,BUY,2026-06-01
FOX-94994069-7062,1,10,44.5375,318.5971,GBP,SELL,2026-05-16
WRS-36954483-1584,11,9,16.8181,370.0580,EUR,BUY,2026-05-26
GRM-31550543-4579,3,9,10.8791,255.5483,USD,BUY,2026-06-04
GKT-35379328-3562,2,7,38.7769,167.9100,CHF,BUY,2026-05-28
OBJ-60850576-2767,4,3,41.6406,326.8699,GBP,SELL,2026-05-24
WPN-70377188-0856,3,4,6.4244,471.2971,CHF,SELL,2026-05-20
LXL-46916035-7400,6,7,72.5668,51.1950,CHF,BUY,2026-06-26
KIL-86268402-6780,12,9,97.6164,236.6682,CHF,SELL,2026-05-31
QSN-01431217-6664,11,8,29.4638,156.7727,EUR,BUY,2026-06-02
NDU-35992094-6916,15,9,47.0390,277.5043,GBP,SELL,2026-05-26
IQO-57327590-6519,5,4,95.5365,470.0005,CHF,SELL,2026-06-17
UUA-71595537-4614,7,5,4.6223,409.6072,JPY,SELL,2026-06-01
EVR-52919686-9110,3,5,71.2475,290.1924,JPY,SELL,2026-05-20
QGT-66640166-3226,4,1,78.3706,60.6612,CHF,SELL,2026-05-29
CEH-78092718-6545,8,8,2.5854,379.1417,JPY,SELL,2026-05-31
GKB-63341744-4917,8,2,76.9261,459.6217,USD,SELL,2026-06-13
JGR-93454179-7776,9,7,80.8792,174.9220,JPY,BUY,2026-05-28
BKT-50956086-3359,12,3,3.6840,354.6891,JPY,SELL,2026-06-05
PWJ-41402580-2982,9,2,33.3800,191.3458,CHF,SELL,2026-06-21
URF-71784014-3558,1,8,20.3291,126.7217,EUR,BUY,2026-06-22
QBS-40900503-4795,9,4,1.6812,243.3279,GBP,SELL,2026-06-10
RHC-54015717-8917,15,1,36.0302,274.2822,EUR,SELL,2026-06-17
LGX-48903873-7934,14,5,34.0746,363.5237,GBP,SELL,2026-05-27
LIV-47751058-6983,8,2,96.4477,58.7580,EUR,SELL,2026-06-06
IUQ-22816014-7293,8,4,65.6112,151.1913,CHF,SELL,2026-05-22
NEO-59224016-2365,13,7,47.5809,336.3127,USD,BUY,2026-05-31
DKE-31532651-3002,3,9,27.2450,13.7410,CHF,BUY,2026-05-29
UQR-16241606-8097,1,8,7.5761,405.7303,EUR,SELL,2026-06-13
CEA-35798217-3679,1,6,98.8460,324.1458,JPY,BUY,2026-06-03
SVC-95603580-0536,7,2,48.8959,100.5657,EUR,BUY,2026-05-29
XPV-38036246-9336,11,6,39.8933,79.9098,USD,BUY,2026-05-20
HYW-21891944-3479,7,10,60.3396,100.7841,JPY,BUY,2026-05-26
QGD-11552119-2347,11,5,22.8280,437.0721,CHF,BUY,2026-06-18
ZKH-93632565-3876,7,1,48.0777,139.8315,USD,BUY,2026-06-05
IAC-27303204-2888,9,6,63.2991,195.9305,JPY,SELL,2026-05-21
ISN-37453954-1943,5,1,12.5003,470.3196,CHF,SELL,2026-06-18
BZB-63830908-1790,2,6,42.9017,62.1894,JPY,BUY,2026-06-03
DWA-86601116-3165,15,10,48.8527,256.1350,EUR,SELL,2026-05-28
LSS-49752963-4200,7,4,76.7566,54.1776,JPY,SELL,2026-05-19
LQK-95752443-8288,3,1,75.0442,76.8997,EUR,SELL,2026-05-23
PLX-65920529-3482,5,8,75.8783,287.2353,GBP,BUY,2026-05-25
ULZ-97216748-9676,4,6,28.4601,418.8717,CHF,SELL,2026-05-28
WKO-49268672-8845,1,3,65.6468,103.7712,JPY,SELL,2026-05-12
MMB-94957795-7467,8,5,24.0601,159.5770,EUR,SELL,2026-05-25
GWP-29169170-6239,9,5,46.1747,412.9066,USD,SELL,2026-05-31
IFJ-47100574-8557,9,9,16.8558,409.4738,JPY,SELL,2026-05-28
YUF-27915311-0841,8,7,52.2621,428.8039,JPY,BUY,2026-05-27
CMC-94394036-2542,14,7,86.9305,230.1278,GBP,SELL,2026-06-07
UGB-95217885-3322,14,4,29.5274,49.9388,GBP,SELL,2026-06-16
EIJ-03681708-8913,13,2,86.0534,302.4052,USD,SELL,2026-05-28
ULT-32096149-4370,11,4,17.1144,265.9979,GBP,BUY,2026-05-25
QOO-83479100-2326,2,6,65.7537,167.9612,CHF,BUY,2026-06-01
NQP-28790361-9309,8,3,53.9559,361.9800,EUR,BUY,2026-06-12
GFN-60180611-6033,3,6,19.7359,288.5286,EUR,SELL,2026-05-29
PAH-57723200-3240,4,5,34.2579,79.8327,EUR,SELL,2026-06-10
VQP-68013772-3866,5,5,60.8021,434.2502,CHF,BUY,2026-05-20
NYB-86963331-5839,5,10,82.5831,418.2277,JPY,SELL,2026-06-16
VOO-43373291-7923,8,9,77.9136,243.0962,USD,SELL,2026-05-16
KXO-41455556-9187,14,4,25.8442,58.7500,GBP,BUY,2026-05-20
BFK-21603760-2852,12,3,82.6365,222.0012,GBP,SELL,2026-05-25
PDI-90218790-2024,6,2,87.0579,129.0115,CHF,SELL,2026-05-27
EBR-70164711-5126,8,10,39.8236,341.6786,USD,BUY,2026-05-29
YMW-48430862-2250,9,9,8.2401,72.9359,JPY,BUY,2026-05-25
KGA-27809561-1558,2,2,54.1899,255.5860,USD,BUY,2026-06-14
NVT-94219260-9163,10,4,65.5493,60.9479,GBP,SELL,2026-06-04
NIE-37401257-3484,14,3,46.1273,83.2742,CHF,BUY,2026-06-07
BKL-20138573-5324,14,1,43.6342,94.0274,EUR,BUY,2026-06-02
VDR-21977479-8959,14,1,47.3909,468.1922,USD,BUY,2026-06-02
USO-83815122-4386,4,4,53.6371,280.0264,GBP,BUY,2026-06-04
HRA-44882248-3037,15,1,34.2067,103.7768,USD,SELL,2026-05-21
FFJ-35018273-5231,1,9,66.2697,130.4076,USD,BUY,2026-05-26
XOV-15431349-5573,3,10,59.1893,211.1428,GBP,BUY,2026-06-22
SYK-92926311-9821,11,2,35.5492,215.1388,CHF,SELL,2026-05-31
OSM-42070619-0964,2,9,79.3647,307.6262,GBP,BUY,2026-05-27
PYI-28389694-7763,12,3,7.2944,83.2314,JPY,BUY,2026-05-21
XCX-49043530-8006,5,9,47.2713,87.3897,USD,BUY,2026-06-13
JJC-20775480-3660,5,1,86.4402,412.0986,JPY,SELL,2026-05-18
ESL-57452838-6370,5,6,49.9222,489.8813,CHF,BUY,2026-06-03
EBL-94029552-2909,8,3,56.7061,64.4982,EUR,BUY,2026-06-16
ULJ-30744444-0861,3,1,26.5511,231.6757,EUR,SELL,2026-06-02
UPN-89402765-4978,8,7,48.9589,426.9043,EUR,BUY,2026-06-01
XLS-91688522-7691,9,10,50.0102,53.8105,EUR,SELL,2026-06-10
VXA-45724193-4720,5,6,9.6602,149.4358,EUR,SELL,2026-05-19
RRZ-10264946-7486,13,1,97.8650,200.9915,CHF,BUY,2026-05-14
EIT-72564615-7086,14,2,55.3831,313.1275,GBP,BUY,2026-05-15
PBB-11774301-5454,14,4,84.8753,285.6607,GBP,SELL,2026-06-17
OSM-82455777-3305,13,9,34.1370,497.2456,GBP,SELL,2026-06-04
MKM-26163561-3321,3,4,99.4480,39.8690,CHF,BUY,2026-05-14
KSM-90346373-7203,15,3,78.5852,20.7014,JPY,SELL,2026-06-01
HRF-01076327-2962,6,7,26.1786,321.0729,USD,BUY,2026-05-26
SGV-51740431-4782,7,5,79.6113,236.2568,USD,SELL,2026-06-08
MKO-74171321-7340,1,8,50.9713,434.7380,JPY,SELL,2026-05-30
ZCL-15346533-7536,4,8,79.7441,426.8878,CHF,BUY,2026-05-25
PFA-94272211-1018,5,5,22.8917,249.5885,JPY,SELL,2026-05-25
MIR-61631596-7868,2,5,55.4277,270.8396,JPY,SELL,2026-06-17
COA-78898367-3166,5,3,16.3240,246.4073,JPY,SELL,2026-05-27
YEB-14796891-5202,12,1,77.5487,396.9136,JPY,BUY,2026-05-26
SZP-19367225-3026,15,1,61.4067,237.1543,CHF,SELL,2026-06-12
FBC-82420375-0989,3,10,4.8594,281.6225,USD,BUY,2026-06-21
UWJ-00295724-7334,2,8,53.6185,458.8865,JPY,BUY,2026-06-19
DMC-66856121-0955,2,2,5.6125,395.8862,JPY,BUY,2026-05-27
CGH-28754793-2165,4,8,49.7413,246.2466,GBP,SELL,2026-05-30
RHO-15689108-7335,11,5,95.3420,433.1071,GBP,BUY,2026-06-22
DRV-97595720-0404,7,8,79.4797,218.7015,GBP,SELL,2026-05-31
HGB-29953495-7932,8,4,72.6524,467.9373,USD,BUY,2026-06-01
JWT-01121134-2355,14,7,25.8382,256.4902,CHF,BUY,2026-06-10
VAY-90584708-5708,15,2,89.1405,472.4949,GBP,SELL,2026-05-16
ARA-05065712-2925,3,6,25.7483,112.1109,JPY,SELL,2026-05-31
AUO-54111055-9584,14,8,43.3904,309.0946,GBP,BUY,2026-05-09
OJA-78584902-8625,5,10,99.8577,270.2508,GBP,SELL,2026-05-22
NRI-60512392-6331,10,6,43.6382,72.5289,JPY,BUY,2026-05-20
XDN-44793244-3911,4,10,88.1262,160.9363,EUR,BUY,2026-05-27
YCX-60651831-8433,6,8,80.0779,54.5428,USD,BUY,2026-05-26
HSC-45571734-8510,10,9,36.2912,493.5193,GBP,SELL,2026-06-07
IJE-13145855-5250,12,10,5.4222,438.9687,USD,SELL,2026-05-25
FYC-49845804-1051,8,2,81.5660,335.7466,USD,SELL,2026-06-09
YFO-59918142-3864,12,8,9.7632,255.5964,EUR,BUY,2026-05-23
HDM-38983706-9432,7,10,99.6752,442.2016,EUR,SELL,2026-06-02
YOG-72900708-7908,10,3,39.8457,153.3513,EUR,SELL,2026-05-23
WJY-98283332-5252,4,2,85.8008,476.7007,USD,BUY,2026-06-03
ICO-57967060-9732,11,6,73.2315,194.3191,GBP,SELL,2026-05-20
WRA-49502750-6908,14,3,95.4395,73.6536,JPY,BUY,2026-05-20
WMY-40213817-0159,4,3,35.9915,226.1442,JPY,SELL,2026-05-29
MVL-61517834-7222,14,3,33.0769,144.5308,EUR,BUY,2026-05-22
BSR-91189784-3654,2,7,82.6238,437.2680,GBP,SELL,2026-06-07
ECF-45032114-3503,9,9,96.4305,369.5456,GBP,SELL,2026-05-30
CUV-47147019-9454,8,10,82.7902,104.0298,EUR,SELL,2026-06-05
ARJ-19058873-7655,14,3,50.8197,427.6922,EUR,SELL,2026-06-14
ETV-72650416-5384,15,6,75.5701,158.4317,CHF,BUY,2026-05-23
XYJ-33486470-1006,14,1,43.6577,298.8630,GBP,BUY,2026-05-25
HUR-19240277-6837,10,4,94.6835,199.2485,EUR,BUY,2026-05-18
LHF-14198687-9551,13,8,21.3603,26.3282,GBP,SELL,2026-05-31
QXJ-26105092-8263,4,10,71.8121,263.1656,GBP,BUY,2026-05-29
XSK-12552737-3595,2,9,47.8986,137.7829,JPY,SELL,2026-06-03
YCG-59450871-0965,12,6,68.5427,59.8077,CHF,BUY,2026-05-31
CRS-79185335-9839,15,8,67.9014,360.4417,GBP,SELL,2026-06-18
NNR-58569487-5880,9,10,92.3718,468.0168,JPY,BUY,2026-05-29
PAD-00948095-2414,14,10,70.8144,268.7826,CHF,BUY,2026-06-12
XRL-99395261-2348,3,1,22.6880,212.9769,USD,SELL,2026-06-08
LME-00200258-8391,12,4,17.0348,76.0309,JPY,BUY,2026-05-24
PHL-47867870-1276,9,6,34.8621,105.5780,USD,BUY,2026-06-21
KSR-89297914-0237,8,9,66.7436,329.9058,USD,SELL,2026-06-17
PLJ-10528390-2684,10,6,38.7696,16.7984,CHF,SELL,2026-05-19
POE-31601233-8975,9,3,95.5515,244.2771,USD,BUY,2026-05-20
PKL-66613081-8336,11,3,15.5051,108.5063,CHF,SELL,2026-05-28
HOL-32462425-4493,14,3,12.4699,387.3580,USD,SELL,2026-05-25
PIY-23785942-1465,13,8,70.0423,260.1603,JPY,SELL,2026-06-21
DVB-70237408-0345,6,6,77.8971,116.3966,USD,SELL,2026-06-10
QBO-79096690-9839,1,4,38.7165,50.1417,EUR,SELL,2026-06-03
VDI-55158053-7660,15,3,3.9906,157.6857,USD,SELL,2026-05-18
BOW-10597271-6710,14,8,15.5498,160.9686,USD,SELL,2026-05-30
OBN-64130282-4467,1,7,66.4126,100.7888,EUR,SELL,2026-06-14
XWD-36744319-3216,14,1,10.2875,403.0747,GBP,BUY,2026-06-16
JNU-87137919-8272,14,5,42.0837,401.8100,EUR,BUY,2026-05-30
IGV-10621165-5066,15,2,6.7900,474.4901,EUR,BUY,2026-05-28
GVZ-80587951-9524,10,7,42.1131,378.1185,EUR,BUY,2026-06-10
UGE-03713079-0928,10,5,8.2915,208.0331,USD,SELL,2026-05-28
XGU-73199511-6470,12,1,63.1919,189.2323,USD,SELL,2026-05-13
OER-76161788-6290,7,5,48.4555,250.3667,USD,BUY,2026-05-27
NET-21162489-0950,2,1,74.5119,390.7431,CHF,BUY,2026-05-24
NUG-26480462-6502,3,10,91.1980,263.1678,CHF,SELL,2026-05-18
WLT-05860923-1873,5,10,12.9496,268.1908,GBP,BUY,2026-05-24
ZIY-43201980-0823,5,6,96.2133,307.4776,CHF,BUY,2026-05-18
CSZ-44874926-0668,1,1,82.9247,350.5356,GBP,BUY,2026-06-22
YKI-77931872-9233,5,2,58.3967,334.4102,USD,SELL,2026-05-26
HEA-78148028-5877,7,10,59.3878,217.4749,USD,BUY,2026-05-29
TJY-10924362-3285,6,2,74.0338,395.7150,USD,SELL,2026-06-09
WHP-48520012-8042,15,4,23.2291,364.0157,USD,BUY,2026-05-30
NEA-26794261-3342,5,9,66.8640,277.8022,USD,BUY,2026-06-13
EVL-44211713-0832,2,2,37.5201,19.5042,USD,SELL,2026-05-24
QCP-56505577-5136,1,5,97.0804,257.7061,CHF,SELL,2026-05-26
FYQ-42838680-2765,8,3,49.3076,52.3919,EUR,SELL,2026-06-14
ABH-93880104-1440,8,5,41.5009,298.8330,USD,SELL,2026-06-17
QTJ-30602819-4812,6,9,63.1762,141.7441,USD,SELL,2026-05-30
SEU-95375652-6933,2,7,88.1181,191.0850,GBP,SELL,2026-05-26
CNC-59835308-4632,12,8,75.4879,393.0684,CHF,BUY,2026-05-26
HWA-87222710-3837,10,9,64.0298,61.1138,JPY,SELL,2026-06-10
KIO-61338480-5152,15,6,39.0889,478.2620,JPY,SELL,2026-05-26
LGM-96768751-4332,10,4,66.5155,226.0063,GBP,BUY,2026-06-07
RGV-15770814-7260,13,2,2.4783,356.5942,EUR,BUY,2026-06-07
APP-30089075-8966,6,2,99.0099,49.8392,USD,SELL,2026-06-15
BQR-97215682-6501,7,3,37.5996,80.3808,USD,BUY,2026-06-02
AKR-99204825-2877,2,9,51.5240,143.0913,JPY,SELL,2026-06-12
BCZ-98914390-3802,12,6,62.5000,26.2763,JPY,SELL,2026-06-06
WNP-76401228-1301,14,2,13.0969,170.0091,EUR,SELL,2026-06-17
WQD-84366766-3476,12,5,72.7385,83.7346,JPY,BUY,2026-06-04
QOO-94497363-1140,12,7,13.8503,281.9202,JPY,SELL,2026-06-16
GRU-29498208-5331,11,8,73.0105,399.7163,EUR,BUY,2026-05-31
QGJ-28298186-1626,11,10,58.1660,311.9518,JPY,BUY,2026-06-28
NOO-00803538-1667,5,8,84.6540,484.2635,USD,SELL,2026-05-19
GBA-93362196-0372,13,6,77.1549,99.7379,USD,BUY,2026-06-06
QVX-69057202-2714,6,5,62.2096,115.2712,CHF,SELL,2026-05-23
ZOK-06576208-3715,1,8,18.3900,397.3941,CHF,SELL,2026-05-18
NRB-86110929-8679,2,3,44.3650,266.5874,JPY,SELL,2026-06-18
MLC-41028669-2802,14,2,77.3562,286.8394,CHF,BUY,2026-06-12
OWZ-35769261-8170,7,1,44.9383,70.8274,JPY,SELL,2026-05-27
LVF-76129603-5087,10,7,57.4131,250.4776,GBP,BUY,2026-06-06
AZH-56574845-4953,12,3,76.8533,375.7903,EUR,BUY,2026-06-11
QQY-28207969-4830,3,9,93.7967,108.7841,EUR,SELL,2026-05-13
IFA-46723599-0625,15,3,52.6371,220.7076,CHF,BUY,2026-06-01
TKD-07664031-9541,13,5,45.2011,85.4143,EUR,SELL,2026-06-15
VXT-44756652-3001,8,1,18.7766,424.0851,JPY,BUY,2026-05-26
GOB-84315334-9644,3,8,57.9033,141.2603,USD,SELL,2026-06-17
HXH-97144401-3478,9,6,82.4308,52.0774,EUR,BUY,2026-06-15
QAU-94367596-3641,10,1,96.6625,321.4370,CHF,BUY,2026-05-23
UZO-32778574-6862,14,7,67.1739,226.9498,GBP,SELL,2026-05-25
LJU-02443977-9883,14,6,22.1419,150.0139,CHF,SELL,2026-05-21
ZJT-02525949-2916,10,3,25.1436,354.4471,CHF,BUY,2026-05-25
FBO-40752720-5785,9,3,9.6377,131.8752,GBP,SELL,2026-06-24
VRB-52901730-8159,6,1,97.1185,397.1564,JPY,BUY,2026-05-27
EWL-96655399-9522,1,7,15.8392,219.5397,GBP,SELL,2026-05-22
GGI-73576450-6566,5,8,89.7241,227.9575,JPY,SELL,2026-05-18
EGI-24309502-2673,11,3,76.0995,162.2719,JPY,BUY,2026-05-26
NRW-28174793-4664,10,8,75.5640,317.7641,GBP,BUY,2026-06-18
VJL-27773811-4230,12,4,57.7612,367.7004,GBP,BUY,2026-05-27
RRU-50957268-2718,9,2,62.0842,495.5417,EUR,BUY,2026-06-02
BQC-93456459-4003,8,5,68.1333,401.8652,JPY,SELL,2026-06-08
GWJ-94330835-4253,2,8,37.0260,365.1158,CHF,BUY,2026-06-04
FXQ-05124242-3206,10,6,97.1932,416.8985,EUR,BUY,2026-06-01
OBR-15859926-1190,5,2,40.1239,64.6734,JPY,SELL,2026-06-20
UHR-66155516-7740,4,7,46.3648,228.1701,USD,SELL,2026-06-24
XZR-76619625-6756,10,4,12.4136,204.6268,JPY,BUY,2026-06-15
PVC-96560548-7127,3,10,80.7902,236.7022,USD,BUY,2026-06-15
LQU-05346565-5092,2,4,64.9267,427.7993,CHF,BUY,2026-06-12
UZE-82657249-4751,2,1,87.9703,182.7625,CHF,BUY,2026-05-24
GAX-15284690-7354,2,10,70.7292,91.7594,EUR,BUY,2026-06-06
SJG-94434715-3321,4,5,24.7318,421.3424,CHF,SELL,2026-06-19
IUX-44033228-0771,10,10,95.3683,72.7989,CHF,BUY,2026-05-26
WTE-08123248-6857,1,7,56.5297,87.8612,GBP,SELL,2026-05-13
LSH-09554439-5052,1,4,85.6610,88.3933,EUR,BUY,2026-05-18
KUC-37009249-4657,12,10,48.6375,343.2880,GBP,SELL,2026-06-24
FJO-56406701-0547,8,9,74.7467,35.7199,EUR,BUY,2026-05-25
FYX-28549919-4160,12,6,41.9421,213.5356,JPY,BUY,2026-05-17
OQX-18787730-8819,3,2,64.4040,488.1286,CHF,SELL,2026-05-28
ZTL-21094281-0907,7,3,45.3009,470.1346,CHF,BUY,2026-05-27
JAD-99608010-7081,12,3,53.8834,411.8552,USD,BUY,2026-06-28
BKS-08379841-3485,8,5,89.9415,18.1365,JPY,BUY,2026-05-23
HXN-13163290-2305,2,8,57.7173,184.4694,USD,BUY,2026-06-26
TLY-60272104-1127,2,1,92.4883,431.2284,GBP,SELL,2026-05-25
IEB-72023586-9212,11,5,97.0517,107.8459,JPY,SELL,2026-05-31
DMJ-92671373-7155,7,5,67.9346,373.9423,USD,SELL,2026-06-15
AHR-13100262-4901,6,8,64.3376,211.6416,CHF,SELL,2026-06-24
DCD-81865588-1505,13,5,74.5436,456.9028,USD,BUY,2026-05-24
SKV-77032724-3857,2,10,77.6745,409.5548,GBP,SELL,2026-06-17
LPO-98185734-0537,7,5,1.3733,86.7401,GBP,BUY,2026-06-04
MOA-16922667-9617,4,3,11.3030,257.2193,USD,SELL,2026-05-31
WZH-76803528-1012,9,6,37.0069,237.7421,USD,BUY,2026-05-21
VII-55042457-3023,5,3,86.8542,294.6184,GBP,BUY,2026-05-26
ZFK-55109406-1445,12,6,60.5024,431.7447,GBP,BUY,2026-06-02
TMY-89265604-8365,10,5,93.6996,443.0597,CHF,BUY,2026-05-27
BVS-51486507-7561,11,1,52.8142,236.8181,EUR,SELL,2026-05-30
AJG-90227643-6885,9,7,39.0914,80.2792,GBP,SELL,2026-05-30
HQC-76635670-9019,3,7,69.2283,175.1699,JPY,BUY,2026-06-06
IIW-12815763-8864,10,9,94.8225,209.0246,EUR,SELL,2026-05-29
DFE-36278808-7114,14,6,36.3563,110.8688,EUR,SELL,2026-05-15
IWE-19894570-1059,10,1,97.6514,464.7878,CHF,BUY,2026-06-09
YDY-74017159-8718,5,8,36.2575,303.6882,GBP,BUY,2026-06-01
CWZ-52527631-2322,4,4,15.0221,97.6144,GBP,SELL,2026-05-29
UNG-42602461-4188,6,3,35.3096,335.7893,GBP,BUY,2026-05-27
IBX-77695960-9358,4,4,58.1526,88.6640,CHF,BUY,2026-06-07
RKT-17167284-1238,4,8,98.4604,203.5245,GBP,BUY,2026-05-31
LCO-36353048-1365,5,9,74.5692,357.6534,EUR,SELL,2026-06-29
QDT-76115239-8550,15,8,56.3410,388.0812,EUR,BUY,2026-05-27
BNS-02288604-1383,6,6,31.2096,333.8112,JPY,BUY,2026-05-29
EUF-09313452-0922,8,5,67.1865,338.5352,CHF,BUY,2026-06-09
KKA-16054530-1297,6,10,33.7996,219.3447,USD,BUY,2026-05-20
SZD-89291597-5890,11,6,31.4394,491.3800,EUR,BUY,2026-06-20
PBR-86558286-8455,9,2,5.6312,473.3774,USD,BUY,2026-06-12
CGU-91833273-3624,8,6,13.2710,44.2429,JPY,SELL,2026-05-29
VUL-54977296-5032,12,4,52.8208,249.8246,CHF,SELL,2026-05-22
MOC-32740842-0795,3,6,48.7532,221.8874,USD,SELL,2026-05-22
KWY-33196929-0648,15,10,13.0956,476.5624,EUR,BUY,2026-05-25
AIK-11028663-2809,9,6,18.1672,77.3423,USD,SELL,2026-06-27
ZSN-69984084-9268,14,2,72.3670,58.6504,JPY,SELL,2026-05-18
PJS-68718523-2989,1,4,91.6664,175.1570,EUR,BUY,2026-06-14
ZKI-44746994-2308,2,10,14.6266,276.5841,CHF,SELL,2026-05-29
MAM-39952883-6431,11,10,21.2921,280.8907,EUR,SELL,2026-05-21
QUQ-34612277-8661,3,4,81.6305,308.7654,USD,BUY,2026-06-15
PGC-16648394-7216,12,8,37.4630,269.5295,EUR,SELL,2026-05-23
QHT-35592906-4653,9,6,46.9250,356.3716,GBP,BUY,2026-05-23
FOM-15133520-0362,9,5,96.8747,231.7071,USD,BUY,2026-05-22
FDZ-43472147-5440,6,5,2.9099,327.2379,JPY,BUY,2026-06-05
DWI-02204113-5179,13,3,43.6502,120.4225,USD,BUY,2026-06-25
NAQ-30229803-1079,3,7,43.3349,63.9107,GBP,SELL,2026-05-22
GIX-76092121-8923,8,10,68.6414,434.3188,EUR,SELL,2026-06-01
NJD-37182864-2046,11,6,80.4117,317.8369,JPY,SELL,2026-06-06
QAZ-95251017-3546,13,6,59.6010,107.5633,GBP,SELL,2026-05-27
LDN-19052216-0837,9,10,17.8657,467.1355,GBP,BUY,2026-06-10
SHE-47007366-6387,4,5,73.1514,351.7295,JPY,BUY,2026-05-25
DCG-44866105-0032,9,4,5.6781,444.5321,EUR,SELL,2026-06-28
ZMN-84706644-8303,6,5,73.9533,132.0724,USD,SELL,2026-06-03
QPT-21353954-6988,2,2,44.2531,395.6937,EUR,BUY,2026-05-22
ICT-68553018-6656,3,3,38.8943,52.1921,CHF,SELL,2026-05-22
OYQ-76952452-7499,5,10,54.9544,399.6265,CHF,SELL,2026-05-25
ONH-49834215-2756,11,9,77.7028,411.5041,USD,SELL,2026-05-18
FBA-18185340-6968,10,4,34.4588,334.5189,CHF,BUY,2026-06-15
CWF-72431760-6771,15,7,87.4191,29.5408,GBP,BUY,2026-06-25
CYY-55981847-4849,9,10,83.7897,312.2893,USD,SELL,2026-05-19
MSB-39791029-8781,4,3,52.6433,272.2262,EUR,BUY,2026-06-06
SQP-55036584-3995,7,10,96.1128,52.9447,USD,SELL,2026-05-23
YEY-28967246-7997,3,1,39.0017,354.0291,CHF,SELL,2026-05-14
KDK-40888519-2069,3,1,69.4001,64.4961,GBP,SELL,2026-05-29
HQU-43603365-5903,14,9,74.0118,26.7948,GBP,SELL,2026-05-15
LVR-97821796-2378,3,3,48.0346,162.0959,EUR,BUY,2026-05-28
ZPQ-06857566-1000,9,5,62.9680,494.6951,EUR,BUY,2026-05-28
CBT-12257076-2331,2,9,34.3035,375.2951,EUR,BUY,2026-05-19
HLN-02232036-0392,7,2,48.9681,162.9934,JPY,SELL,2026-06-10
SJK-55367103-9996,9,7,52.0977,165.3543,GBP,BUY,2026-06-03
ZBZ-97405995-3526,4,2,79.9227,58.7578,USD,SELL,2026-05-27
PKR-38900762-9161,1,2,11.2806,421.2344,USD,SELL,2026-05-31
AAD-27520870-9284,3,4,27.6061,174.4220,GBP,BUY,2026-06-25
QLI-15169670-2813,3,8,43.6483,195.0284,GBP,SELL,2026-05-23
RVX-06571259-2904,9,1,83.3154,32.3002,JPY,BUY,2026-06-11
UBP-83309296-4407,15,4,91.7802,126.8545,EUR,SELL,2026-06-02
YLR-79824914-1833,9,7,95.8841,147.3148,EUR,BUY,2026-06-04
VNI-06469469-5600,14,1,56.9909,55.0114,GBP,BUY,2026-06-19
ZUR-57468279-6408,1,6,22.4439,478.6888,CHF,SELL,2026-06-22
RMJ-80470982-4614,2,1,85.9202,178.3995,CHF,BUY,2026-06-21
EZI-32177911-1918,7,6,60.6266,151.6312,JPY,SELL,2026-05-21
OUY-10693409-0058,5,2,93.9975,309.0483,USD,SELL,2026-05-31
NOM-39206983-5558,10,6,73.2037,166.5554,EUR,SELL,2026-05-22
KGA-88866848-8455,9,8,10.8664,437.7280,GBP,SELL,2026-05-28
RDZ-64976800-9848,3,4,90.6205,311.0640,GBP,BUY,2026-06-26
QUU-14975267-8231,12,6,69.1137,271.5007,CHF,SELL,2026-06-16
DIB-02444280-9879,11,4,78.5205,147.1484,EUR,SELL,2026-06-22
DUC-03684244-3411,15,6,22.2233,498.9086,GBP,SELL,2026-05-23
VIT-22410827-5177,10,3,8.7149,494.5072,GBP,BUY,2026-06-06
FRN-53692181-3387,2,3,97.8900,413.1112,JPY,SELL,2026-05-28
JVD-15650383-1627,4,1,67.9127,53.9742,USD,SELL,2026-06-11
NNK-25217108-3038,6,9,71.9955,318.4135,EUR,SELL,2026-05-29
GXK-39086444-1933,13,1,73.9781,293.7924,JPY,BUY,2026-05-25
JOH-23533326-4322,1,7,87.9075,246.1048,GBP,BUY,2026-06-25
YEO-19810895-8304,15,2,50.0714,335.7022,JPY,SELL,2026-05-26
OZC-95923230-6854,5,5,22.9500,261.5992,JPY,SELL,2026-06-17
RCD-36186240-3260,12,3,39.6327,203.4430,JPY,BUY,2026-05-21
SWJ-66571588-3288,14,5,17.4262,213.0289,USD,SELL,2026-06-08
VPR-46732405-7120,11,1,92.1195,190.0863,USD,SELL,2026-05-25
ENJ-04751264-6934,2,9,82.6084,320.0374,EUR,BUY,2026-05-20
ZGE-51593590-3031,1,4,7.0845,452.5625,EUR,BUY,2026-05-18
OVJ-81923608-3279,1,6,53.0352,207.9629,GBP,SELL,2026-05-29
UWN-36548286-8622,14,6,76.8661,158.1175,USD,SELL,2026-06-19
CNJ-01765310-4012,14,1,14.9396,406.2597,CHF,BUY,2026-05-31
VOP-30751039-0409,15,2,42.4002,71.8698,EUR,BUY,2026-06-17
XZW-66099363-4983,10,3,14.2234,285.3879,GBP,SELL,2026-05-21
EMG-31151811-3929,6,5,25.4665,357.1440,GBP,BUY,2026-06-05
JMR-73078906-3647,4,1,50.4826,447.4490,JPY,BUY,2026-06-12
HXO-97425460-5150,12,2,37.4818,247.9165,USD,SELL,2026-05-27
PSV-52242586-5641,4,2,72.7982,440.3359,GBP,SELL,2026-06-19
SFA-37948996-7767,6,7,37.5797,36.0706,CHF,SELL,2026-05-25
AED-56141046-6394,10,10,38.0240,94.2483,GBP,SELL,2026-06-06
DBJ-46327158-5473,13,2,70.6987,208.8229,CHF,SELL,2026-06-02
XBW-76058316-1459,1,1,96.4213,68.2955,EUR,SELL,2026-06-13
DRA-62343894-4149,8,9,4.4370,473.8640,JPY,SELL,2026-05-29
MYX-65673691-7484,9,3,1.2510,429.0338,JPY,BUY,2026-06-07
KIL-97315183-2462,12,3,57.6950,196.9237,EUR,BUY,2026-06-20
XNG-16104928-4058,14,8,71.7084,130.4911,JPY,SELL,2026-05-27
TXF-90472688-9252,5,5,31.3009,191.2124,EUR,BUY,2026-05-25
ZJM-08752844-1529,15,8,28.1052,401.5474,GBP,SELL,2026-06-06
FLI-17670368-6918,5,3,3.0475,326.0840,USD,BUY,2026-06-21
BSM-89542257-5756,8,9,33.5624,40.4914,JPY,SELL,2026-05-11
XQA-73092858-6971,2,7,32.8328,309.8164,CHF,SELL,2026-06-13
BEC-65722966-2737,6,2,45.4435,360.6532,CHF,BUY,2026-05-21
FFT-89492587-8953,2,2,59.9987,314.9311,USD,BUY,2026-05-26
NIQ-54081381-4283,14,10,68.0948,72.3835,USD,SELL,2026-06-04
GQM-57059558-1874,6,4,97.2270,186.7344,GBP,BUY,2026-06-02
MFW-98220911-8662,9,8,22.9035,48.9521,JPY,BUY,2026-05-29
ZES-89742967-8875,2,4,49.5270,194.4173,JPY,SELL,2026-06-03
TQQ-99636953-5673,11,9,87.9697,171.4250,USD,BUY,2026-05-23
LBM-89659624-2470,14,7,1.0297,129.6178,CHF,SELL,2026-05-12
DFC-54011241-1043,6,1,69.7656,265.9604,USD,BUY,2026-05-22
PWX-66206359-7014,4,2,3.9885,495.7341,JPY,SELL,2026-06-24
KEF-77052646-6268,13,4,93.5737,182.0594,JPY,BUY,2026-06-18
IYI-74705109-8754,7,8,53.1312,386.9757,EUR,SELL,2026-05-26
NLH-73407287-1400,11,5,60.4728,328.4689,GBP,SELL,2026-06-19
PSG-71929964-1492,12,1,69.5709,406.5618,EUR,BUY,2026-06-04
OSC-19640821-9433,3,4,10.9251,398.2868,USD,SELL,2026-06-08
PPT-15424489-2806,4,7,81.4063,74.8121,GBP,SELL,2026-06-10
RMB-71782314-3189,7,6,61.7636,488.8113,CHF,BUY,2026-05-14
QNR-86168409-1094,5,3,5.6337,287.8107,CHF,SELL,2026-05-29
MHQ-69199689-0202,2,5,10.8416,373.8271,GBP,BUY,2026-06-17
QEX-36133948-0960,9,3,78.0429,404.0253,CHF,BUY,2026-06-08
MOC-30221713-8170,14,6,92.8987,47.3952,GBP,SELL,2026-05-18
JBC-37598807-4127,4,8,12.2031,193.2132,EUR,SELL,2026-06-13
AXN-06138606-6920,7,4,72.2037,460.1985,USD,SELL,2026-06-05
DRH-23059647-6333,14,3,18.6866,168.4841,JPY,BUY,2026-06-15
NCB-37761298-7237,15,8,9.8590,308.9392,EUR,BUY,2026-06-06
NPK-38623683-2705,10,3,66.3088,113.1999,EUR,SELL,2026-05-29
FCG-67780408-4878,2,4,25.5065,279.3913,GBP,SELL,2026-05-28
MPE-94780165-3594,5,2,33.9759,200.5410,JPY,SELL,2026-06-26
SOJ-03283365-2891,4,5,83.9635,108.6901,EUR,SELL,2026-05-31
JHL-12148789-0123,8,5,50.2944,475.1936,EUR,SELL,2026-05-30
BRI-70549305-4631,2,7,24.2785,264.4867,EUR,BUY,2026-06-20
SNP-51797433-7505,3,9,72.2976,277.3669,GBP,BUY,2026-06-03
EOI-18567258-4895,15,9,71.7661,439.4744,USD,BUY,2026-05-28
QUY-72737704-5688,12,7,31.6466,286.6234,USD,BUY,2026-06-25
HEF-32713112-4973,3,9,52.4572,476.2995,USD,BUY,2026-06-09
DBB-66941991-1643,8,4,94.1425,358.5256,CHF,BUY,2026-05-24
XHQ-79207134-8298,5,3,46.6858,67.4740,EUR,BUY,2026-06-16
PRK-76550669-3552,1,9,46.7593,52.3206,USD,BUY,2026-06-11
WWQ-63359537-6776,8,3,48.9636,23.4504,GBP,SELL,2026-05-23
LAU-55688835-0878,12,6,21.3960,294.1108,EUR,BUY,2026-05-31
MUJ-76886580-5093,9,7,99.7696,360.4152,CHF,BUY,2026-06-02
AKV-62310818-8543,6,1,76.9938,74.5468,GBP,SELL,2026-06-16
FOI-04397730-4952,11,4,7.8655,323.3821,CHF,SELL,2026-05-28
YCE-07023343-6303,13,2,22.5516,238.2700,USD,BUY,2026-06-09
CPB-54380990-9151,5,9,80.5112,299.1417,JPY,SELL,2026-06-22
EAD-05952581-0185,10,7,74.5691,105.3772,JPY,SELL,2026-05-27
ACU-60187472-1962,4,10,23.6501,337.6018,EUR,BUY,2026-06-20
VDX-33017567-4228,15,10,4.4048,459.8086,CHF,BUY,2026-05-27
RYY-62392826-1301,2,9,49.8950,314.7134,CHF,SELL,2026-06-21
KXO-46862957-9925,4,9,22.5352,11.0964,EUR,SELL,2026-06-13
CSO-61979291-4600,12,7,24.5720,61.7544,CHF,BUY,2026-06-26
TUH-89513581-0329,14,1,27.2583,279.6179,EUR,BUY,2026-06-18
PXY-56647168-7143,4,3,85.5619,243.2829,USD,SELL,2026-05-20
CCK-58891922-9461,10,8,9.8539,263.7098,USD,BUY,2026-05-28
SVS-78068190-6139,6,7,74.6287,66.1997,JPY,SELL,2026-06-13
AQU-84694889-5054,6,4,69.0015,343.0414,JPY,BUY,2026-05-25
ZQS-64129750-0528,6,4,50.3426,224.9877,GBP,BUY,2026-05-27
XQE-03852531-1774,13,7,96.9066,211.9454,GBP,BUY,2026-06-26
QLV-06992020-6444,10,6,12.2529,296.1992,CHF,SELL,2026-06-14
BKC-14894730-5254,12,2,27.3417,26.5111,EUR,BUY,2026-05-23
DUM-01129100-8022,6,3,3.6999,272.1367,GBP,BUY,2026-05-19
HOC-01106477-5400,14,4,4.5250,160.8230,GBP,BUY,2026-05-22
OXS-23029742-7521,4,9,26.0227,155.2198,USD,SELL,2026-06-02
NVR-37520028-8355,10,4,89.7801,95.0689,USD,SELL,2026-05-26
RCT-08720324-4840,6,3,21.1161,131.6919,USD,BUY,2026-05-28
WKI-78283019-1264,4,6,69.0845,204.0814,GBP,BUY,2026-06-21
BIH-62033101-4643,14,4,36.4904,122.6027,CHF,SELL,2026-06-25
ZZU-81972950-7870,5,3,5.6507,24.8094,USD,BUY,2026-06-01
WTF-02860325-5169,3,1,41.8296,379.1330,JPY,SELL,2026-06-24
DQV-58946062-0156,1,6,74.0840,379.3470,CHF,SELL,2026-05-25
YBR-94866343-8440,15,1,38.8058,217.5468,USD,SELL,2026-06-05
HIQ-86096541-8619,12,5,47.3566,293.6449,GBP,BUY,2026-06-17
AHB-56092359-6830,10,7,29.3277,295.6579,CHF,BUY,2026-05-18
SQY-53722866-8756,12,7,22.4387,129.5184,GBP,BUY,2026-06-19
RGO-36061746-7466,10,3,16.5573,128.5371,JPY,SELL,2026-06-14
UML-64057163-6099,7,3,72.2125,471.0324,EUR,SELL,2026-06-07
LGO-32530441-3055,14,10,22.0121,313.7949,USD,SELL,2026-05-27
IOT-91379199-9340,1,7,55.4675,183.6497,EUR,BUY,2026-06-12
AOV-44163168-5405,4,4,77.6181,91.9091,EUR,BUY,2026-05-23
ZHM-02406942-0071,1,1,15.0548,231.0921,JPY,SELL,2026-06-18
DQH-37234641-6753,9,9,76.5304,172.8355,USD,SELL,2026-05-28
IST-08780353-7439,4,7,55.1094,384.7294,GBP,SELL,2026-06-10
GLK-58495875-7904,12,3,63.6259,44.1018,EUR,SELL,2026-05-30
ZMP-00690786-0527,7,10,9.3792,364.9701,USD,SELL,2026-06-24
SMB-24369091-9104,3,2,25.7038,24.3095,USD,SELL,2026-06-22
ZPX-24223816-6979,6,2,21.5658,477.5413,EUR,BUY,2026-05-28
KQE-93289105-0079,11,3,93.0777,337.4205,GBP,BUY,2026-05-17
IPA-44720640-0202,3,1,79.5707,315.0606,USD,BUY,2026-05-27
YKK-19017614-9640,7,1,69.7442,346.3456,CHF,BUY,2026-06-19
BNQ-93273701-2184,3,10,49.5265,435.4972,GBP,SELL,2026-06-02
AWZ-46456693-9339,3,3,77.4459,189.8902,USD,SELL,2026-06-09
XHB-49193313-0320,6,8,78.4317,356.6224,GBP,SELL,2026-06-23
EHF-54696740-2225,10,3,74.5610,98.8545,USD,SELL,2026-06-04
TJY-59278107-4390,12,3,22.7684,340.2092,USD,SELL,2026-06-21
UFB-16299940-1870,9,2,57.8647,460.7875,JPY,SELL,2026-06-22
CZL-39848859-2971,4,5,23.9801,399.0873,GBP,SELL,2026-05-31
KGT-42776323-4128,9,8,94.6772,207.1057,USD,SELL,2026-05-26
IHF-83649585-7122,14,6,33.7806,58.2406,JPY,SELL,2026-05-30
DQS-66902929-4746,9,2,67.0475,309.9930,JPY,BUY,2026-05-19
UMB-06488164-8069,5,2,28.0670,117.7055,JPY,BUY,2026-06-17
LFO-44537479-1457,12,5,99.3172,349.1273,GBP,BUY,2026-06-17
SOU-25214852-5676,15,10,73.9763,310.6137,EUR,BUY,2026-05-28
ADX-10283958-3342,3,1,55.0397,483.8616,USD,SELL,2026-05-29
LPQ-88085227-2439,11,2,85.0408,466.4270,USD,BUY,2026-06-06
WWL-21122388-5064,6,6,39.6598,123.0896,USD,SELL,2026-06-02
SJD-11134657-0530,10,8,13.7038,201.2814,USD,BUY,2026-06-24
XXG-06630236-8321,2,1,30.7803,335.3086,JPY,SELL,2026-06-28
KIF-57427753-4731,4,9,87.7887,10.3482,EUR,SELL,2026-06-01
JBY-45788228-3733,4,2,92.6162,37.8348,CHF,SELL,2026-06-03
SYO-34552069-3251,3,5,87.7249,103.6761,EUR,BUY,2026-06-28
CZU-11623129-6136,5,4,40.4838,405.0550,JPY,SELL,2026-05-27
VQV-92804704-5187,11,7,98.4487,401.4499,CHF,BUY,2026-06-14
TVB-58465444-9047,11,1,57.9967,419.7896,CHF,BUY,2026-05-21
ZNC-72039804-3233,15,9,69.7013,324.2498,CHF,BUY,2026-05-22
ZDO-01637403-8934,11,10,97.4189,189.1291,EUR,BUY,2026-05-31
LVH-87474726-0156,6,6,42.4334,78.0237,JPY,BUY,2026-05-28
GNL-21123327-9971,9,3,20.8389,442.5127,USD,SELL,2026-05-27
LGI-47698695-7223,11,6,86.5245,472.2222,CHF,SELL,2026-05-29
DWM-46069763-0573,2,1,24.5874,109.8030,GBP,BUY,2026-05-22
FWZ-48335165-3003,11,10,78.9333,279.5801,GBP,SELL,2026-06-12
LFF-48652064-2165,1,2,85.3231,470.7805,EUR,SELL,2026-05-14
FLZ-03954995-5446,10,5,24.6073,257.0605,CHF,SELL,2026-05-13
RZG-61900532-6056,8,2,66.5457,408.2754,EUR,BUY,2026-06-29
PGP-08699826-8444,1,2,17.2662,337.2457,CHF,BUY,2026-05-25
PKS-93740360-9282,7,6,62.1381,148.5884,CHF,BUY,2026-05-27
FSJ-62558474-8607,9,9,63.6894,463.0058,EUR,SELL,2026-06-23
EOI-48865962-7604,14,4,68.1238,156.7860,GBP,SELL,2026-05-27
TRA-53307246-8193,1,9,30.6409,303.3076,USD,BUY,2026-06-23
NDY-59981018-0723,8,5,44.7887,469.0422,GBP,SELL,2026-06-04
MKR-75978495-4251,14,2,48.8922,19.6600,CHF,BUY,2026-06-13
XRQ-32090982-7132,2,6,67.9613,239.0753,EUR,BUY,2026-05-29
FHS-81163393-6626,3,4,69.8348,418.5775,USD,SELL,2026-06-15
JKG-65605439-3068,14,4,97.9749,160.3571,JPY,SELL,2026-05-18
RQQ-65679440-8138,3,1,58.1296,54.6190,GBP,SELL,2026-05-18
COQ-00679480-4039,6,8,87.2700,173.3132,EUR,BUY,2026-05-27
WLB-09966163-6800,8,5,44.2633,422.1046,CHF,BUY,2026-06-01
EDQ-25415514-3532,10,9,86.4976,49.3532,CHF,BUY,2026-05-28
KBS-12203718-1456,13,10,56.2396,276.4023,USD,SELL,2026-05-18
IIJ-53704637-3923,8,5,47.6640,256.5834,JPY,BUY,2026-06-03
WFR-35339802-8563,9,4,80.3596,277.6846,USD,SELL,2026-05-20
HQS-08047624-7557,3,7,19.0042,18.7674,JPY,BUY,2026-06-07
KPG-02609968-1159,14,9,67.2303,142.7406,USD,SELL,2026-05-31
RQU-35694524-6045,9,7,80.0989,107.4439,GBP,BUY,2026-06-16
HON-16330414-4959,3,8,53.3875,168.2662,EUR,BUY,2026-06-02
OSV-22215329-6457,7,6,28.8281,96.4856,JPY,SELL,2026-06-27
IKW-48479335-8493,6,7,41.9005,377.0647,USD,BUY,2026-05-30
HUT-36806326-9410,12,3,8.4392,15.0167,EUR,SELL,2026-06-11
LQQ-38453971-6043,15,8,19.5406,311.7853,GBP,BUY,2026-06-13
TFF-46496971-8856,2,6,15.7294,122.9108,CHF,SELL,2026-05-25
SRH-00157200-3282,4,8,32.9453,175.5353,CHF,BUY,2026-06-17
OSR-19759217-8373,12,9,87.5691,123.6555,GBP,BUY,2026-05-27
RYX-47263116-5875,14,2,51.8816,351.1722,JPY,SELL,2026-06-06
WXM-24888692-1382,7,9,15.4689,206.1672,GBP,SELL,2026-05-28
NGZ-83897340-2549,15,1,23.8490,259.8418,USD,SELL,2026-05-27
AGX-42956930-8323,10,1,83.7755,101.7613,USD,BUY,2026-06-24
ODW-66008827-9389,12,9,26.3500,26.9471,CHF,SELL,2026-06-29
BPK-82744380-5861,6,3,37.1453,148.8813,JPY,BUY,2026-05-31
LWZ-04020366-7974,10,1,89.4726,465.3717,EUR,SELL,2026-06-29
HYB-03556930-5414,14,9,87.5827,74.1143,CHF,BUY,2026-05-24
KBU-30816297-0387,3,2,76.0855,480.8764,EUR,BUY,2026-06-05
AJP-40364424-9302,4,10,65.1871,46.7664,JPY,SELL,2026-06-15
YGJ-79442331-3567,8,6,72.5844,422.6188,GBP,BUY,2026-05-22
EOC-85390858-3452,13,4,16.2290,126.9423,JPY,BUY,2026-06-03
PZV-93192394-0460,10,5,50.1787,444.5315,CHF,BUY,2026-06-05
ISG-94750977-2352,4,6,83.1480,254.5893,EUR,SELL,2026-06-14
VEG-34963286-1006,6,8,13.4059,148.7276,USD,SELL,2026-06-13
BAC-42796925-6007,13,2,97.5642,130.3979,JPY,SELL,2026-05-19
VFE-31260344-1311,12,8,57.7991,204.5080,CHF,SELL,2026-05-20
NRE-16572770-5069,14,3,5.0947,383.2216,CHF,SELL,2026-06-22
TID-55071425-2194,5,5,81.4011,482.6914,USD,BUY,2026-05-31
PPE-48499154-0336,4,2,12.5047,306.6104,USD,SELL,2026-06-13
TBL-23276334-7872,5,3,36.2106,204.5958,EUR,SELL,2026-06-12
NQU-82574677-3392,2,10,75.2269,333.4903,CHF,SELL,2026-06-11
JAI-83492782-6782,13,2,75.6071,361.4454,GBP,SELL,2026-05-26
BZA-10131599-3296,5,4,7.6026,459.5011,CHF,BUY,2026-05-29
LDR-24031673-6993,9,7,31.3511,411.2025,CHF,BUY,2026-05-25
FTT-27213039-9989,1,4,86.2677,27.6576,CHF,BUY,2026-06-19
UNX-47801045-6430,3,1,6.1933,286.6257,USD,BUY,2026-06-11
HTM-31855438-4067,2,8,84.3118,84.8354,EUR,BUY,2026-05-20
WGJ-12696178-0584,14,8,45.6913,352.3359,CHF,BUY,2026-05-27
ILN-20501525-7200,3,6,57.8126,83.3295,EUR,SELL,2026-05-25
XOC-56817500-0128,6,3,97.9282,171.4398,JPY,BUY,2026-05-16
WSA-47636395-6053,9,1,66.9451,464.5471,USD,BUY,2026-06-20
XGN-61156241-1998,13,5,74.4055,214.8373,GBP,BUY,2026-05-20
HJH-00585761-6526,9,7,79.7655,331.3264,EUR,SELL,2026-05-18
JVY-62881800-7057,11,10,47.9672,106.1354,EUR,BUY,2026-05-19
YLX-75763802-0071,7,3,62.2686,258.2993,CHF,BUY,2026-06-11
IQO-03603273-1330,6,3,34.1014,386.8430,USD,SELL,2026-06-05
GLZ-64067505-7165,8,4,36.0058,110.2698,CHF,SELL,2026-05-17
JGN-71762964-1416,8,3,19.6753,425.3949,CHF,BUY,2026-06-21
LFF-06932623-2777,1,8,90.9746,51.7222,JPY,BUY,2026-06-08
ICV-34699993-2867,6,1,58.4443,330.9116,CHF,BUY,2026-05-20
YCM-45893514-6085,13,1,80.2352,391.8031,CHF,BUY,2026-06-03
DWS-21964661-8323,9,4,43.2641,144.6028,CHF,SELL,2026-05-28
ICG-02617821-2296,10,1,34.8140,282.4031,GBP,SELL,2026-05-31
BZI-54127908-2057,1,9,74.8623,493.1941,USD,BUY,2026-05-25
RKA-60997302-7781,5,6,86.6080,371.8947,USD,SELL,2026-06-02
OXB-63980718-5210,5,8,75.5380,489.9839,USD,BUY,2026-06-11
FOY-37063084-7056,13,7,94.5242,145.3297,GBP,BUY,2026-06-02
TAT-87106511-2915,7,8,31.8365,16.8429,JPY,SELL,2026-05-23
HSX-84219697-9914,7,1,65.7219,356.7999,JPY,SELL,2026-05-31
TMT-62182099-6440,6,1,88.2664,222.5234,CHF,BUY,2026-05-21
PNW-08181646-0846,10,6,68.0742,428.5102,USD,BUY,2026-05-20
CIF-41982566-2257,10,4,75.0192,176.2389,JPY,SELL,2026-06-08
FTX-91119974-6453,11,6,6.5072,255.7977,CHF,BUY,2026-06-23
AJN-88697736-8463,9,9,26.7655,387.6594,USD,BUY,2026-05-22
EON-04639470-1353,4,5,41.4624,238.5075,USD,BUY,2026-05-26
GXE-69453020-4790,4,5,49.3619,103.6397,CHF,SELL,2026-06-01
NLA-46884434-5711,5,7,76.3789,63.9311,JPY,SELL,2026-05-23
GGN-44906496-3490,2,8,77.5644,458.9692,GBP,BUY,2026-05-22
TNR-85359230-4182,14,1,88.2481,433.9801,EUR,BUY,2026-06-01
OAI-10855132-9529,1,10,24.2360,118.8703,EUR,SELL,2026-06-22
GUB-48918596-7530,9,5,56.9564,366.3404,USD,SELL,2026-06-23
KZY-69637843-8741,10,9,6.9749,100.5003,EUR,SELL,2026-05-26
MXX-06103391-4020,5,6,67.9810,366.9524,JPY,SELL,2026-05-16
TSS-92091905-5639,15,4,55.7237,415.6790,USD,SELL,2026-06-07
RSP-49853320-2882,4,2,40.4459,488.3888,EUR,BUY,2026-06-15
HCB-69623905-2795,13,8,51.0329,498.9150,CHF,BUY,2026-06-22
IKI-68916666-9201,2,8,36.3794,66.9622,EUR,SELL,2026-06-04
KDE-69326634-6543,4,8,59.5775,388.6799,EUR,SELL,2026-06-07
RGT-08842376-6148,4,3,5.3307,436.1284,EUR,SELL,2026-05-27
QMI-10971912-6949,2,3,59.1686,453.9373,USD,SELL,2026-05-30
USK-41410140-6720,13,5,13.1238,385.4010,EUR,SELL,2026-05-30
UVE-21521244-2879,8,6,63.2852,194.9727,EUR,BUY,2026-05-31
RKC-07638762-7954,8,3,51.2424,469.9074,GBP,BUY,2026-05-07
CQK-11202022-9247,4,1,88.8397,271.8962,CHF,BUY,2026-05-19
PJG-75464083-5529,3,4,22.2932,82.0806,GBP,BUY,2026-05-30
NMP-71344720-8280,13,5,13.2269,336.7474,JPY,BUY,2026-06-01
PEI-77495982-2368,6,4,91.8678,389.2843,GBP,SELL,2026-06-23
ZBZ-79257168-8851,1,8,46.1592,418.2104,JPY,SELL,2026-06-17
UFL-79382322-2502,2,5,82.9043,23.1146,EUR,SELL,2026-06-22
OWD-76061395-5297,10,6,45.6037,329.9249,EUR,SELL,2026-06-14
ARA-51130180-0581,12,1,29.9025,326.7137,CHF,SELL,2026-06-08
FKI-21904110-9362,13,5,15.7435,227.5502,GBP,BUY,2026-05-27
MEK-02787021-4673,11,3,2.2391,288.3411,USD,BUY,2026-05-30
ITU-08995054-2905,4,7,35.4721,156.0126,CHF,BUY,2026-06-19
KBA-35770769-0053,5,4,69.6249,48.4786,GBP,SELL,2026-06-20
GQN-98883327-6633,13,7,57.1110,20.7539,JPY,BUY,2026-06-16
MFP-74130545-5488,10,7,51.3121,49.4653,CHF,SELL,2026-05-29
ONR-19514705-3972,7,4,77.2737,346.4907,USD,SELL,2026-06-18
IZU-83351071-2023,13,9,63.1986,347.9809,CHF,SELL,2026-06-09
GOC-57786691-4874,6,10,26.7105,228.0947,GBP,SELL,2026-05-25
QFI-13930275-6933,9,8,97.4544,441.5153,JPY,BUY,2026-06-02
IQF-56171901-6203,6,4,84.2326,153.7805,GBP,BUY,2026-06-04
TTO-19849769-9298,5,10,74.7555,399.2412,USD,SELL,2026-06-10
XND-55791292-2818,12,5,67.2559,222.9394,GBP,BUY,2026-06-22
BXX-84645426-7028,9,9,39.5500,341.9354,EUR,SELL,2026-06-13
VBU-08410440-6778,5,5,26.3658,150.9922,CHF,BUY,2026-06-09
DSD-94160222-7840,1,4,5.9667,346.2538,CHF,SELL,2026-05-27
VWK-75055434-7863,5,2,63.4528,158.7430,USD,BUY,2026-06-03
XYZ-64092768-2635,6,5,89.5440,80.2455,GBP,SELL,2026-05-15
XVO-10054319-4862,11,3,26.7169,291.8593,GBP,SELL,2026-05-31
PNZ-15122584-2253,7,8,52.1225,213.6787,CHF,SELL,2026-05-22
IRE-83302464-8654,2,1,75.9431,124.2480,EUR,SELL,2026-05-24
XHB-82753957-7134,14,6,48.9700,203.2259,CHF,BUY,2026-05-30
BLA-07553675-5070,5,8,46.0218,437.2534,EUR,SELL,2026-05-30
LMU-76267190-4552,14,10,65.7371,391.7411,GBP,BUY,2026-06-07
BZE-15439319-3464,7,4,95.2239,63.3205,USD,BUY,2026-05-26
WPU-27862598-6371,5,10,79.7249,388.1883,JPY,BUY,2026-06-01
BFB-97778605-5943,4,10,55.9147,447.5896,GBP,BUY,2026-06-08
BRF-75884753-0647,1,8,11.3524,258.0432,CHF,BUY,2026-06-05
XBN-04182386-2300,8,6,81.2845,295.4249,GBP,SELL,2026-05-22
XON-44185713-7250,4,3,95.1067,95.5225,USD,BUY,2026-06-05
LCH-55339622-7604,9,10,69.4925,167.9319,EUR,SELL,2026-05-19
VVQ-71953519-5012,13,1,69.1100,212.8400,EUR,SELL,2026-06-28
SWP-87407728-5507,1,1,72.7060,270.3767,JPY,BUY,2026-06-14
ODR-04357752-6270,1,4,16.4822,425.7406,GBP,SELL,2026-05-26
AHQ-85038908-9849,8,2,35.8144,95.4399,USD,SELL,2026-06-21
GFQ-07748751-0352,3,8,60.6898,209.3157,GBP,BUY,2026-05-31
RQF-51740535-9327,11,5,24.7675,351.5585,GBP,SELL,2026-05-27
ZXV-86618336-3722,14,5,95.6934,325.0966,USD,BUY,2026-06-05
BDD-48864105-3162,8,1,63.8832,238.9781,EUR,BUY,2026-05-20
HIO-23439699-1245,11,3,87.4312,489.1822,JPY,SELL,2026-05-23
XEW-62865355-4429,4,10,18.1560,488.2469,EUR,SELL,2026-05-22
BZK-28548161-4223,6,4,66.7140,433.0072,GBP,SELL,2026-06-04
OGI-88635797-0718,15,8,62.9396,149.0582,EUR,BUY,2026-06-05
MBQ-84661033-7653,6,7,69.1217,436.0210,EUR,SELL,2026-05-31
RMB-98263766-4730,12,4,2.5215,126.9638,EUR,SELL,2026-06-10
VVT-57643851-7463,8,7,84.8040,435.4703,EUR,BUY,2026-06-29
HGM-35591155-3589,9,5,78.9866,122.8466,USD,BUY,2026-06-01
IGS-54101895-4553,6,4,67.7240,139.6370,GBP,SELL,2026-06-24
XMM-72219121-5525,14,9,23.3092,87.4407,JPY,SELL,2026-06-01
CWQ-60277714-5967,12,9,48.6899,353.6607,USD,SELL,2026-05-20
AOK-59292303-9994,11,8,42.8114,42.9025,EUR,SELL,2026-06-24
CQK-18508218-0328,7,10,25.9357,62.1790,EUR,BUY,2026-05-23
PRJ-44387490-9631,7,10,68.1376,369.2424,JPY,BUY,2026-05-24
GBA-02337241-4532,10,4,48.4829,135.7605,CHF,BUY,2026-06-24
GRH-73477231-0525,10,4,46.1678,406.1363,GBP,SELL,2026-05-20
XBE-25567350-3416,6,5,5.1850,462.0758,CHF,SELL,2026-06-16
ULM-63930123-9795,14,1,34.7344,196.4640,CHF,SELL,2026-05-20
AQD-48813305-6309,14,7,64.8115,333.7264,JPY,SELL,2026-06-02
KMC-21809327-8488,10,4,91.8175,361.6589,JPY,SELL,2026-06-26
XWS-26215636-3969,14,2,60.5750,25.1065,JPY,BUY,2026-05-19
BNC-03383864-1576,1,3,57.2226,258.8210,EUR,SELL,2026-05-29
PGR-76911765-2686,3,10,23.0139,119.2976,JPY,BUY,2026-05-28
KJM-64874994-7475,1,10,56.7352,17.7143,USD,BUY,2026-05-22
SXI-70117818-8154,15,2,2.0330,90.1196,EUR,SELL,2026-05-30
GGR-65891820-7683,2,4,89.7926,421.6307,EUR,SELL,2026-06-07
JYV-86286549-9274,2,1,97.0179,125.8411,USD,BUY,2026-06-09
ZQE-54250091-7603,2,6,11.2727,206.1812,USD,SELL,2026-05-25
AMJ-31351302-9826,14,6,86.5727,42.1785,JPY,SELL,2026-05-26
IKT-18900321-3466,13,1,49.6565,35.3837,CHF,BUY,2026-06-04
AFP-65613298-7616,4,2,51.7222,62.6056,USD,BUY,2026-06-23
XBM-22174401-0162,7,5,11.8985,95.0929,USD,SELL,2026-05-26
FHY-16063656-7180,11,8,61.7209,302.9595,USD,BUY,2026-06-26
QYS-08204322-8529,2,6,25.7220,435.0947,JPY,SELL,2026-05-26
BJJ-80857331-1957,2,2,57.0953,108.1663,USD,SELL,2026-05-25
IIM-73675284-9607,4,3,4.3428,105.9234,USD,BUY,2026-05-21
OGZ-57226017-8265,1,9,65.4860,210.8307,EUR,SELL,2026-05-21
YVC-06669859-3167,3,10,33.9623,324.5709,USD,SELL,2026-06-08
FUN-61853266-9198,3,5,84.5054,295.0940,JPY,SELL,2026-06-29
JTN-86726283-5376,15,2,95.1189,166.6942,GBP,SELL,2026-05-29
SHR-12055962-9060,4,10,20.8922,64.2287,GBP,SELL,2026-06-14
KBY-04821500-9158,1,3,23.1316,113.6875,CHF,BUY,2026-06-17
LWN-17704227-1912,10,10,25.9365,199.3212,JPY,BUY,2026-06-24
YJH-57185438-2707,2,2,18.3323,292.3910,CHF,BUY,2026-05-27
RUC-33236805-1203,12,6,25.5933,35.2570,GBP,BUY,2026-06-29
VWY-50476832-2960,8,6,8.5442,469.5920,USD,SELL,2026-05-29
TTK-28008410-1121,12,3,29.8601,205.9504,EUR,BUY,2026-06-01
TVR-15951656-1712,2,4,2.0639,212.6923,USD,BUY,2026-05-22
VLL-72815138-5344,15,2,63.2766,215.9587,CHF,SELL,2026-05-28
DNM-74848612-7413,4,2,21.6534,335.9348,JPY,SELL,2026-05-29
WBP-71913036-8536,3,6,19.3098,405.0143,CHF,BUY,2026-06-17
FRA-36021683-9540,7,3,63.9219,422.6173,GBP,BUY,2026-05-21
GGC-09646159-4058,14,7,80.9364,378.5677,EUR,BUY,2026-05-21
ONQ-59290203-6696,15,9,97.4090,284.0017,USD,BUY,2026-05-18
DAE-29081816-2808,2,1,51.0588,388.4792,JPY,BUY,2026-05-22
YEW-31737516-2625,6,1,40.1529,284.7019,JPY,SELL,2026-05-18
RES-35270858-3757,6,2,27.3817,184.2790,JPY,SELL,2026-06-24
FJI-69747785-3679,12,10,44.0408,326.5516,GBP,SELL,2026-05-28
RLS-99681857-2922,4,1,76.8750,420.8066,EUR,BUY,2026-05-17
DVL-87731337-7312,11,4,16.9589,461.1423,GBP,BUY,2026-05-25
KLX-57414180-7957,8,10,8.2438,288.8725,GBP,BUY,2026-05-31
PMO-60013708-2650,12,3,7.6055,186.6036,JPY,BUY,2026-05-26
SKG-30994122-6665,14,6,65.8952,210.4482,EUR,SELL,2026-06-04
NTL-44563925-5942,15,1,82.4713,63.4443,JPY,SELL,2026-05-16
WZI-21779847-4307,11,10,56.6998,302.2521,USD,BUY,2026-06-18
SCV-73321203-6858,11,9,75.0977,141.5368,JPY,SELL,2026-06-01
IGU-49769138-8764,3,10,68.7160,235.8241,JPY,SELL,2026-05-30
BGE-58552638-0015,6,5,96.4971,404.1693,USD,SELL,2026-06-04
JBA-33405118-2685,9,5,79.8944,235.2991,GBP,SELL,2026-06-10
CSF-27770029-4132,3,2,42.0286,462.1357,USD,SELL,2026-05-18
LYN-07620180-5925,14,9,69.7493,304.6097,GBP,BUY,2026-05-14
IOY-57839810-9179,9,9,56.4386,281.4743,CHF,BUY,2026-05-18
DRF-92060460-5315,14,9,62.5593,330.7396,USD,SELL,2026-05-25
EYN-78538976-2351,2,2,71.8641,231.0447,CHF,BUY,2026-05-29
XZR-21802272-0396,9,9,38.6219,42.7294,USD,BUY,2026-05-24
OLT-80926458-7182,2,1,71.8526,330.1678,CHF,BUY,2026-06-09
FKR-18572371-0839,15,6,63.8126,122.4329,EUR,BUY,2026-05-22
PES-97292979-8760,2,8,68.3509,452.0801,EUR,BUY,2026-05-20
SCH-16808104-2731,3,2,46.2936,270.3656,EUR,SELL,2026-06-01
SRQ-88253357-8949,5,9,9.2680,258.9901,JPY,SELL,2026-06-14
MYJ-95302733-2135,11,5,54.8127,437.6380,GBP,BUY,2026-05-16
XFO-63709784-9084,8,10,77.2281,34.7607,CHF,BUY,2026-05-27
WEB-58718984-7192,13,6,16.2129,238.5872,CHF,BUY,2026-05-22
XEW-19438637-7097,5,5,50.9648,73.4506,EUR,BUY,2026-05-28
WXG-75701051-8395,5,1,25.3963,297.1917,JPY,SELL,2026-05-18
OBR-65282030-8860,6,6,1.3216,183.8057,CHF,SELL,2026-06-25
KQV-58085382-0906,15,5,42.1542,286.6668,GBP,SELL,2026-06-10
VIG-66253913-1023,2,9,4.2093,310.2350,USD,BUY,2026-06-20
YON-25633542-2026,12,2,97.4901,44.7575,GBP,SELL,2026-05-23
FDE-15019817-3962,10,1,69.3810,186.6163,USD,SELL,2026-06-12
VRK-35716903-7096,4,3,16.8013,230.1095,CHF,SELL,2026-05-23
WUS-39506843-9775,7,4,99.3281,429.1332,GBP,SELL,2026-06-08
YPM-74807811-0834,7,4,85.7222,21.9355,JPY,BUY,2026-06-08
BVD-01907297-2231,13,10,54.0535,372.6800,USD,SELL,2026-06-20
DAD-61679038-7406,15,2,64.6001,167.7405,CHF,BUY,2026-06-06
NJB-54186219-6544,1,9,79.1274,190.1099,EUR,SELL,2026-06-23
VAF-85619944-1700,9,9,57.5335,221.2481,GBP,BUY,2026-05-23
XYS-81985768-4960,15,6,39.9782,364.6800,CHF,BUY,2026-06-04
FJU-87549190-5921,9,1,80.0249,468.8732,GBP,BUY,2026-05-29
XTZ-58361102-7960,5,3,12.0351,287.6136,GBP,BUY,2026-06-01
IZP-09678606-1639,1,2,53.8798,301.1029,USD,SELL,2026-05-23
PWD-86477788-0689,5,5,85.3969,99.1489,GBP,BUY,2026-06-05
LEJ-20986799-2744,12,10,99.5257,413.7993,EUR,SELL,2026-05-25
YIH-32501005-6567,9,10,8.8974,59.6436,USD,SELL,2026-05-19
FOT-88997836-9432,11,4,35.1467,303.6953,GBP,BUY,2026-06-03
NKX-91312159-9636,1,1,7.3710,445.0820,JPY,SELL,2026-05-19
ORA-88226855-4757,12,7,25.1818,214.4547,GBP,BUY,2026-05-19
NBZ-93698486-8917,6,8,23.4915,249.6973,EUR,BUY,2026-05-25
NDF-83267921-0015,2,8,23.7116,314.2974,CHF,BUY,2026-05-21
IMP-22047208-2413,15,4,79.3388,179.9125,USD,BUY,2026-05-26
VPC-08574918-9041,11,6,15.9019,332.1516,GBP,BUY,2026-05-23
NOZ-39815952-5768,10,8,29.1626,319.2011,JPY,BUY,2026-06-27
VSZ-17409924-1894,3,3,28.0376,23.9712,CHF,BUY,2026-05-25
TPE-07194636-7538,13,3,64.9433,253.9900,CHF,BUY,2026-05-24
BVS-58378342-9564,2,10,91.9382,208.4366,GBP,SELL,2026-06-26
SNZ-47263659-6398,15,6,74.1992,53.1738,JPY,BUY,2026-06-12
IDD-31668737-8098,14,4,85.6099,475.7649,JPY,SELL,2026-05-21
SXV-83729051-9248,6,1,69.5167,476.1227,GBP,SELL,2026-06-26
APM-21562744-6889,7,4,63.0230,367.7173,JPY,SELL,2026-05-26
AWY-74037226-9033,12,7,40.7108,287.2864,CHF,SELL,2026-06-16
ZID-18372114-6440,13,7,95.8781,157.2124,CHF,BUY,2026-05-24
XII-54304062-5644,11,10,43.6163,285.6979,JPY,BUY,2026-05-26
VPJ-38795124-7415,7,3,89.8601,351.0438,EUR,SELL,2026-06-23
MDY-15647509-4531,9,5,8.7727,207.2279,JPY,BUY,2026-05-22
VIS-19025753-3293,4,3,93.5741,438.0806,EUR,BUY,2026-05-31
BRN-14706109-7906,8,7,41.5037,254.2412,CHF,BUY,2026-05-25
DJY-28174518-4427,13,9,36.3929,275.7280,CHF,BUY,2026-05-23
IIB-64223307-9820,2,3,93.0460,244.3506,EUR,SELL,2026-06-27
VVP-32050086-6906,9,6,57.3433,206.9935,USD,SELL,2026-05-24
IUM-04224551-0619,1,10,72.5271,328.0599,CHF,BUY,2026-05-22
YQA-22000007-6245,5,1,85.8618,85.5678,CHF,SELL,2026-06-17
IUS-40902873-3406,10,1,52.1164,54.8623,JPY,BUY,2026-05-26
LHL-75848477-4143,10,8,76.2844,103.3114,USD,BUY,2026-06-02
NIJ-77536671-2912,13,2,82.1332,117.0679,USD,BUY,2026-06-25
YOJ-97981753-9022,2,2,44.9829,307.8681,GBP,SELL,2026-06-19
BAR-13580369-1240,4,4,78.5737,193.9551,JPY,SELL,2026-06-04
YUO-28918149-4744,13,10,56.6216,374.1611,USD,SELL,2026-06-06
ATH-30078867-3654,9,5,66.0786,76.5313,CHF,BUY,2026-05-31
MBA-26395630-0355,2,8,82.3083,138.4997,EUR,SELL,2026-06-21
VFL-39078870-6033,14,1,88.3823,307.9921,USD,SELL,2026-06-19
NRA-49230690-1430,13,10,22.2349,119.7823,EUR,SELL,2026-05-26
NZS-77073111-9562,11,2,39.1217,141.6643,USD,SELL,2026-05-19
SYP-77072320-9643,15,9,48.7443,313.1710,CHF,SELL,2026-06-04
COQ-39581500-8967,3,2,24.3350,300.0196,GBP,BUY,2026-06-16
TWT-91127572-0167,1,2,78.7923,43.3026,USD,SELL,2026-06-18
HDR-60620252-2259,7,4,19.3964,359.1653,EUR,SELL,2026-06-08
IUB-65556394-7924,13,8,63.7214,453.4428,JPY,SELL,2026-05-29
TKN-66866216-2064,5,6,13.2289,113.4826,GBP,SELL,2026-05-26
UVU-32950321-3377,9,5,38.1410,293.7977,EUR,SELL,2026-05-24
GIA-19504090-4643,11,4,88.8254,406.0250,CHF,SELL,2026-06-16
LFY-84816024-8340,12,8,51.5364,419.0904,JPY,BUY,2026-05-30
LHK-82942314-2747,10,7,65.8907,249.8663,JPY,BUY,2026-05-27
ZSU-65189197-8037,14,7,45.1802,333.9267,EUR,SELL,2026-06-20
GLJ-43149773-4900,11,9,80.4464,114.0700,JPY,BUY,2026-06-27
EWE-43164904-2316,3,9,30.2007,264.0443,JPY,SELL,2026-06-22
ZRB-22206592-7699,5,3,66.2632,310.8260,EUR,SELL,2026-05-31
EBJ-80401730-9310,9,3,36.3462,453.9670,USD,SELL,2026-05-30
JSM-36386569-9111,6,10,51.6977,361.9826,JPY,BUY,2026-05-25
ZGQ-00549457-7649,7,2,7.4960,102.0076,USD,BUY,2026-05-31
ZJF-91662584-9161,15,6,56.7675,255.5867,JPY,SELL,2026-05-29
JIR-84607803-7226,7,8,11.9584,269.8402,USD,SELL,2026-06-24
RMF-21464624-6465,12,2,77.6368,240.7985,USD,BUY,2026-06-07
ORM-56772105-5789,2,4,80.2220,176.5911,GBP,BUY,2026-06-04
VTW-25504151-4044,10,8,11.4412,193.4139,USD,SELL,2026-05-30
UHK-28909464-6464,4,10,9.3846,460.0697,EUR,BUY,2026-05-23
VOH-43976311-1517,10,1,15.1284,368.1782,CHF,BUY,2026-06-29
CXU-16993879-3764,3,9,85.8579,446.6682,CHF,SELL,2026-06-06
IBL-36462552-9771,5,5,94.2377,50.6107,USD,BUY,2026-05-25
BFW-25949543-3823,14,5,27.8277,234.8719,CHF,BUY,2026-06-08
CXA-07476558-3745,13,10,67.6808,133.6084,GBP,BUY,2026-06-20
TEX-29377996-6439,4,1,44.8819,296.6527,USD,SELL,2026-06-07
NPY-65947772-3722,9,9,40.6503,50.9724,GBP,BUY,2026-06-04
EDW-81512170-4658,13,10,15.0805,328.3094,EUR,BUY,2026-06-01
LRM-24380231-9732,12,5,73.7971,390.4245,GBP,BUY,2026-06-02
OKU-03426581-0139,12,6,40.2896,171.2030,USD,BUY,2026-06-04
EEU-67657002-7413,3,5,12.9347,223.3722,CHF,BUY,2026-05-14
MER-98168827-2966,11,10,79.7831,72.6572,CHF,BUY,2026-05-27
SLE-97372850-9481,4,1,32.7723,285.0195,GBP,BUY,2026-06-05
ZUF-13791593-3163,5,1,80.1867,228.2823,USD,BUY,2026-06-22
BLB-66586087-7694,6,3,90.8940,495.4766,GBP,BUY,2026-05-14
GFN-02135705-3977,6,7,11.7615,14.3852,EUR,SELL,2026-06-08
LHJ-31387181-8094,7,1,70.1575,96.3635,EUR,SELL,2026-05-23
AAR-58950923-7828,10,3,49.6942,136.9095,CHF,SELL,2026-05-26
MYO-94459667-4479,7,7,93.1696,116.6047,CHF,SELL,2026-05-18
RBJ-72886210-8206,7,10,19.1220,120.1899,GBP,BUY,2026-06-11
UEJ-83646778-6994,13,8,34.3967,55.5375,USD,SELL,2026-05-24
RSR-68345038-1193,4,2,8.2583,50.0817,JPY,SELL,2026-05-16
LSS-54702429-9214,11,3,67.4719,17.0515,CHF,BUY,2026-06-09
USE-71379340-9407,12,1,44.5209,387.8314,USD,BUY,2026-05-17
ZNJ-40058335-9242,11,10,45.9054,256.9068,CHF,BUY,2026-06-01
YPL-15451383-5691,15,5,3.7655,77.6675,JPY,SELL,2026-05-28
DVL-79664412-5246,12,2,29.4693,76.8253,USD,BUY,2026-06-24
YTJ-36860116-6536,12,5,20.3431,322.5253,JPY,SELL,2026-06-24
WGB-13838902-4577,5,8,17.9116,251.6150,GBP,SELL,2026-06-06
AQX-16574785-0810,7,9,31.5928,62.4150,EUR,SELL,2026-05-27
VQS-78687112-0159,12,9,28.9982,415.3360,USD,BUY,2026-05-30
VUN-90289169-7076,10,8,98.6702,242.2589,JPY,SELL,2026-06-18
CEU-86703271-6519,7,4,20.3810,385.9724,CHF,SELL,2026-05-29
YNA-63278644-9152,1,2,2.4602,150.2516,USD,BUY,2026-05-27
TPN-83155344-8394,4,9,15.0717,492.4908,JPY,BUY,2026-05-22
ZBR-19821425-9855,12,8,8.2516,174.3200,USD,BUY,2026-06-04
ETV-29399329-3598,8,4,26.3192,191.7045,JPY,SELL,2026-05-22
OTC-10681623-1789,15,1,4.4561,287.4990,EUR,SELL,2026-05-24
OPP-38184101-5740,1,4,58.3032,383.9849,USD,SELL,2026-06-26
TAV-45278822-7748,6,10,68.8333,202.4309,EUR,SELL,2026-05-24
DJU-41460967-5632,2,1,28.1189,428.8685,EUR,SELL,2026-06-14
CPA-47647671-1517,10,6,13.8930,57.2389,EUR,SELL,2026-06-04
JQE-57560090-4196,7,2,25.4773,213.2317,CHF,BUY,2026-05-26
VIV-49682922-1791,7,7,22.0530,366.6712,USD,SELL,2026-05-16
GDF-28193184-2143,1,4,55.6960,179.9801,JPY,SELL,2026-05-15
REH-59851021-0896,4,8,88.4060,178.5102,JPY,SELL,2026-06-24
BWW-34854980-1185,2,4,15.2044,100.0636,USD,SELL,2026-05-31
ZHR-13254196-5684,8,4,79.2257,422.0746,JPY,BUY,2026-06-04
WLG-82300245-9288,13,9,66.0141,355.9096,USD,BUY,2026-06-21
KXC-77593949-5415,9,2,68.1722,350.8211,JPY,SELL,2026-06-05
NCD-79247789-0160,12,9,74.1826,210.1996,EUR,SELL,2026-06-16
YNU-38906703-9238,3,7,70.9513,375.2059,USD,BUY,2026-06-01
UKR-95692512-7434,12,6,19.3024,216.4995,JPY,SELL,2026-05-31
ZRC-78376859-5545,13,1,23.2279,99.6673,GBP,BUY,2026-06-05
ERU-78333913-7190,9,4,62.1532,354.8201,EUR,BUY,2026-06-20
GUR-03029433-8040,7,9,75.9375,478.5711,CHF,BUY,2026-06-17
KTM-81849033-0296,10,5,56.5674,464.0111,EUR,SELL,2026-06-13
TZY-36855067-9196,2,1,9.6351,150.3814,GBP,SELL,2026-05-24
TNY-87854615-7107,4,10,92.1818,436.4204,JPY,SELL,2026-05-19
KYY-17699390-2883,13,8,35.3179,200.5928,EUR,BUY,2026-05-27
HTB-13550782-3788,4,5,25.6941,176.5400,GBP,BUY,2026-05-25
RZD-10583046-7420,6,1,4.1780,316.7026,USD,SELL,2026-05-30
XBI-79004784-6425,5,2,7.0566,132.8632,JPY,BUY,2026-05-20
FHZ-19231812-3698,3,3,41.1037,407.3027,GBP,SELL,2026-06-28
YZQ-66846386-2905,1,2,22.0668,32.4002,CHF,SELL,2026-06-19
ENS-80601942-8831,5,6,43.4642,232.2545,JPY,BUY,2026-05-29
HLW-16549044-4740,2,6,19.9345,241.3946,GBP,SELL,2026-05-24
YYG-92185750-3515,14,7,94.9291,338.8950,EUR,SELL,2026-06-03
OUX-14613141-4461,8,10,20.5165,26.0588,GBP,SELL,2026-05-30
NKT-77654718-1373,11,7,91.1856,420.0463,CHF,BUY,2026-05-23
AOA-49946686-4742,14,2,68.6872,53.0938,EUR,BUY,2026-05-18
GQA-15912109-3432,9,9,56.5717,381.5089,EUR,BUY,2026-05-20
RGV-63714380-6188,14,5,59.6360,104.5625,USD,SELL,2026-05-25
TBZ-65777145-6576,1,2,65.4779,484.8257,CHF,BUY,2026-06-12
OUN-69709210-5687,10,10,51.5738,115.6923,EUR,SELL,2026-06-23
VAE-34820540-7773,9,4,11.3402,417.7845,EUR,SELL,2026-06-04
OED-92159207-0825,10,5,76.8181,482.8549,USD,BUY,2026-06-23
SMG-06975136-1957,13,6,10.7171,413.3814,USD,SELL,2026-06-06
SVR-54732506-7572,12,3,19.1398,292.5407,GBP,SELL,2026-05-19
CCB-44059678-6220,8,9,42.3727,458.1000,GBP,SELL,2026-05-24
NJY-03576985-1459,8,1,75.2422,317.9303,USD,SELL,2026-06-05
AYT-08138831-7073,3,1,91.9964,444.9181,CHF,BUY,2026-06-11
OZG-24927149-8732,7,6,18.2598,25.6761,CHF,BUY,2026-05-30
NTF-10461982-3656,8,9,95.5561,163.4097,EUR,SELL,2026-06-12
BFI-67694896-7041,6,7,98.6140,363.8588,GBP,SELL,2026-06-02
YPJ-85282178-6684,2,10,37.3189,483.4572,USD,SELL,2026-06-04
CFU-08884927-8099,5,7,88.0803,426.0350,CHF,BUY,2026-05-25
UWV-18399786-0684,11,3,38.4514,334.8684,GBP,SELL,2026-05-28
UIZ-21567719-7503,4,4,34.4320,497.6516,CHF,SELL,2026-06-14
VZG-32111451-3451,2,7,93.2970,205.4983,CHF,BUY,2026-05-18
UMY-78236491-3823,8,7,71.0335,82.3203,JPY,BUY,2026-05-12
GYX-45572692-0123,10,7,55.4086,411.5687,EUR,SELL,2026-06-12
TZR-27472965-1886,15,6,83.1447,447.5551,USD,BUY,2026-05-21
QQQ-99186064-9037,9,7,71.9262,167.6871,EUR,BUY,2026-05-24
ZUD-75027690-1140,4,10,4.3098,31.8485,CHF,BUY,2026-05-16
XBA-99933478-5344,2,8,29.4841,293.9957,GBP,BUY,2026-05-30
LBM-51466408-4205,10,4,72.2515,395.4132,USD,SELL,2026-06-01
FUN-65658413-2325,10,5,19.1951,64.2932,JPY,BUY,2026-06-22
QCV-89641186-8218,9,3,14.8235,41.2021,GBP,SELL,2026-06-14
RLT-76727626-1833,15,10,99.2579,212.6532,USD,SELL,2026-06-11
OPL-57794780-9099,2,6,91.3458,400.5797,CHF,BUY,2026-05-24
WYS-90831123-3611,9,6,28.5741,431.3653,USD,SELL,2026-06-21
ULP-02067112-1216,5,9,25.4884,210.2450,CHF,SELL,2026-06-23
XKZ-16861762-0056,10,4,29.3757,192.7729,GBP,BUY,2026-06-07
OWX-84063339-4212,14,6,66.3353,221.0758,USD,BUY,2026-05-25
PLS-28355270-2859,4,4,32.1230,407.3203,GBP,SELL,2026-05-30
HOL-51450428-3088,8,6,33.8713,341.7716,USD,SELL,2026-06-12
CGO-33841166-0943,7,2,55.0797,467.9434,USD,SELL,2026-05-27
DDM-04958803-3675,2,8,41.1956,398.9338,CHF,BUY,2026-05-20
IAX-05596355-6563,11,2,58.5255,127.1671,EUR,BUY,2026-05-27
YZF-86606198-4230,1,9,50.6358,448.9818,GBP,SELL,2026-06-04
WOO-63624728-5342,5,7,74.5205,322.0786,EUR,SELL,2026-05-24
LUE-77328348-2140,4,8,27.2165,387.3672,JPY,SELL,2026-05-26
KPH-96822486-7527,2,6,21.0589,91.9880,JPY,SELL,2026-06-25
KHW-55372656-8878,3,7,64.7345,334.3981,JPY,BUY,2026-05-25
PIC-69021286-1751,4,6,35.3141,255.8747,GBP,BUY,2026-05-30
NHV-25139190-4415,9,4,11.7545,397.9783,EUR,SELL,2026-05-31
TJR-66612532-9431,4,10,95.0098,61.6229,GBP,SELL,2026-06-07
TUC-45502772-9192,8,2,14.7757,87.6253,USD,SELL,2026-06-03
IRZ-39685459-4680,12,5,86.2057,426.7660,JPY,BUY,2026-06-06
HES-77493233-1326,7,2,5.7759,376.7879,GBP,BUY,2026-06-07
ZUD-78292669-8272,1,5,37.6403,168.8927,USD,BUY,2026-06-22
VBC-81759030-8674,5,10,68.0158,313.1816,USD,SELL,2026-06-11
NRP-54587576-4478,10,1,82.4847,152.5340,GBP,SELL,2026-04-30
RHH-53518788-2180,10,5,84.4220,17.9928,USD,SELL,2026-05-19
JSX-73726109-4364,5,1,13.8830,255.5570,CHF,BUY,2026-06-06
BBW-78853531-3251,10,6,11.2433,152.6676,JPY,SELL,2026-06-10
KUX-27560646-0571,9,8,77.9370,481.5913,USD,SELL,2026-05-17
CQR-29879563-4165,9,7,79.5573,372.6616,EUR,BUY,2026-06-16
PMZ-43783917-4575,15,6,20.8979,66.1100,EUR,SELL,2026-05-11
VXX-91647932-2019,15,2,6.1027,469.6191,EUR,SELL,2026-06-10
HLN-78047492-5923,15,4,33.8001,406.5912,USD,BUY,2026-05-30
MHY-99962848-6417,11,6,87.4451,301.7516,CHF,BUY,2026-06-25
SWI-53636772-9776,10,8,50.3901,366.0918,JPY,BUY,2026-05-22
SRA-43898433-6400,14,10,75.9910,402.2809,CHF,BUY,2026-06-05
LKS-39162735-4527,5,4,30.6228,231.4712,USD,BUY,2026-05-18
EWQ-37734208-6367,5,6,9.5576,41.5993,USD,BUY,2026-05-15
AKP-17253780-0693,11,6,46.4550,22.1409,EUR,BUY,2026-06-27
EEW-94123816-7090,9,5,52.3002,386.8002,USD,SELL,2026-06-04
ESE-22066565-7442,12,3,29.5259,100.9277,EUR,SELL,2026-05-30
OXN-79892228-3645,3,8,42.6808,138.0812,JPY,BUY,2026-06-14
HXD-42366384-1492,2,2,35.3260,312.2460,GBP,BUY,2026-06-06
RPH-44124330-5735,8,1,15.6550,25.0656,JPY,BUY,2026-05-22
GRC-35101274-1670,5,4,58.4601,481.2630,GBP,SELL,2026-06-02
WYH-82388773-0053,7,2,12.8095,353.2440,EUR,SELL,2026-06-15
OTM-17659101-4376,7,2,16.2919,56.7771,GBP,BUY,2026-05-25
TBB-15270624-1634,8,7,43.8967,484.8154,GBP,SELL,2026-06-05
KIP-32624973-0696,12,3,90.4034,69.1393,USD,SELL,2026-05-18
QBV-43976493-9278,2,9,51.5637,296.3552,USD,BUY,2026-05-24
QGK-03050553-8140,15,9,41.2439,142.6578,GBP,BUY,2026-05-18
FNA-14379735-6748,4,5,24.5123,46.5652,CHF,BUY,2026-06-16
SMJ-37654240-4467,2,4,33.6515,148.2387,CHF,BUY,2026-06-05
LUX-75569069-1471,6,2,39.5061,94.6968,EUR,BUY,2026-06-05
FYI-40024093-9089,12,4,62.0996,444.2257,EUR,BUY,2026-06-04
BXA-88367366-1975,7,4,53.7144,472.7981,USD,SELL,2026-06-03
MMU-81882716-6141,4,1,14.6641,42.4247,EUR,SELL,2026-05-24
KTK-05454423-7551,2,7,64.3247,250.0982,EUR,BUY,2026-06-14
TVA-51061818-5146,7,1,37.4715,205.6538,GBP,SELL,2026-05-27
PCY-34829767-9685,12,5,91.5091,328.0460,GBP,BUY,2026-05-26
GET-27513935-9764,13,9,35.4602,205.9905,CHF,BUY,2026-06-14
XEC-71360122-5134,13,10,31.5050,192.6100,USD,BUY,2026-06-06
CZL-16923150-0873,12,8,38.5893,429.5706,JPY,SELL,2026-06-04
FHT-87259187-1466,13,4,5.9304,49.0367,JPY,BUY,2026-06-03
PEB-92637180-8309,13,5,15.2692,175.7227,USD,SELL,2026-05-29
DOE-68878391-9986,13,7,24.0204,435.5811,JPY,BUY,2026-05-27
EZU-92707539-5253,2,5,67.3056,285.2586,EUR,SELL,2026-06-17
JOF-68986159-5152,3,6,66.3822,110.5820,EUR,SELL,2026-06-02
EXQ-92226904-5128,11,2,83.3031,330.1853,EUR,BUY,2026-06-07
HIR-52703122-6993,15,6,83.5105,257.7240,CHF,SELL,2026-05-23
RMP-00491468-5208,3,6,93.9412,359.2470,EUR,BUY,2026-06-08
IPS-96944826-1082,15,8,45.8376,207.9936,CHF,BUY,2026-05-20
NHW-94480523-8188,11,6,1.6914,140.9866,CHF,BUY,2026-05-28
XCR-41797029-6367,4,4,97.7380,212.0979,EUR,BUY,2026-05-23
FYA-39179879-2245,5,8,92.9387,192.3948,USD,SELL,2026-05-19
QNL-20133079-2906,14,10,53.9074,392.0801,USD,SELL,2026-06-02
WXA-37345950-7326,8,8,62.1626,104.3374,CHF,BUY,2026-06-03
HVT-74267004-2062,15,2,31.9002,160.2798,USD,SELL,2026-05-30
VDU-97754000-2394,14,2,77.8392,267.0608,USD,BUY,2026-05-22
IZO-50338177-7966,3,5,4.5519,260.4277,GBP,SELL,2026-05-20
QSB-53607489-8069,11,7,23.0372,305.6525,EUR,BUY,2026-05-19
VZC-31914309-9466,9,8,72.1650,323.4251,CHF,BUY,2026-05-31
PQA-83479925-6969,6,4,80.4776,421.1014,USD,SELL,2026-05-28
MKH-00944297-7727,15,6,78.2092,191.8611,EUR,BUY,2026-06-03
FPR-91175971-4127,11,4,27.3559,487.0216,USD,SELL,2026-05-22
DZX-27905377-1635,13,8,44.6417,469.8557,EUR,SELL,2026-05-18
XRT-17162380-3401,2,6,4.4069,85.8106,GBP,BUY,2026-06-02
UKU-75124205-6784,6,4,59.0815,433.6281,CHF,SELL,2026-05-18
DDA-66581963-5453,3,8,78.8742,419.1790,CHF,BUY,2026-05-28
DDG-67610255-9670,10,5,38.5494,339.8587,USD,SELL,2026-05-21
GCY-70959318-1853,9,10,97.7240,416.9431,JPY,BUY,2026-06-10
WTN-23333886-1825,8,6,78.6419,390.6957,GBP,BUY,2026-05-26
SCN-87503514-4160,1,3,78.8680,108.2054,EUR,BUY,2026-06-10
TRQ-39121136-4856,2,9,30.3735,104.9323,GBP,BUY,2026-06-14
QVH-17333870-8831,4,6,6.8068,495.1941,EUR,BUY,2026-05-29
HWZ-75842248-5329,10,4,53.0987,145.5112,JPY,BUY,2026-06-28
CNB-77451811-7023,3,10,28.5629,219.3760,USD,BUY,2026-05-27
RUL-63087911-3739,3,10,39.7844,84.3983,GBP,BUY,2026-05-24
SYX-44176731-4583,12,10,35.7814,279.2167,USD,BUY,2026-06-15
VQF-84572821-8610,3,2,13.8233,437.2660,EUR,SELL,2026-05-19
YBH-45516813-4793,3,3,59.4849,353.8065,USD,SELL,2026-06-20
PXO-35983366-6047,5,8,48.7426,229.4063,GBP,BUY,2026-05-18
DBC-94317105-7318,3,5,16.2715,396.8598,CHF,BUY,2026-06-05
MBV-53314781-4150,3,8,6.9243,208.3514,USD,BUY,2026-06-11
ARU-16192044-4761,8,10,74.3171,207.5053,GBP,BUY,2026-05-29
JRL-48475204-9170,1,4,86.6755,110.2264,CHF,SELL,2026-05-25
OFX-53486996-0608,10,7,55.4908,278.6818,JPY,BUY,2026-05-28
XMX-78639516-3911,2,1,36.6268,27.4338,GBP,BUY,2026-06-03
FTU-23144435-2136,7,8,85.8898,368.5342,JPY,SELL,2026-06-25
KPW-00701767-3442,1,1,84.9526,112.4065,CHF,SELL,2026-05-26
ZMQ-62775051-6196,5,4,12.2631,229.8949,EUR,BUY,2026-06-09
TDL-76576573-6017,7,9,99.1982,269.7296,EUR,BUY,2026-06-15
EAY-73853775-8232,14,5,77.0590,92.4251,JPY,BUY,2026-05-19
BHZ-89155267-8054,12,8,57.5513,102.8895,EUR,BUY,2026-05-17
TDD-35322582-1209,15,6,92.6624,498.7178,CHF,SELL,2026-06-27
IHU-29748426-7088,4,8,12.2625,303.2367,USD,BUY,2026-06-10
QKT-07156461-0468,10,5,1.3109,144.4582,USD,BUY,2026-06-22
LPG-75608264-7833,13,6,68.9005,256.3782,CHF,SELL,2026-06-14
CLA-89095397-6539,2,8,80.1085,459.6250,JPY,SELL,2026-05-26
XDA-04176023-7941,15,9,16.0581,340.2818,GBP,SELL,2026-05-11
VUS-85053674-1768,5,3,95.3496,385.0575,GBP,BUY,2026-05-26
WIC-66499671-6703,10,10,51.0007,288.6435,GBP,BUY,2026-06-01
URR-34208571-3321,8,5,29.6519,283.9213,CHF,BUY,2026-05-17
MGH-99941281-0229,5,4,74.9162,143.1048,GBP,BUY,2026-06-03
NDB-80568295-0649,7,3,24.0537,365.5811,CHF,SELL,2026-06-01
SUN-55660760-2573,3,7,26.9937,350.7891,EUR,BUY,2026-05-19
TCE-53652919-6760,6,1,32.7558,44.7280,GBP,SELL,2026-05-24
RLP-69736288-8248,7,4,64.3815,372.5230,EUR,BUY,2026-05-23
LXK-83146499-5009,7,2,82.4714,151.8262,EUR,SELL,2026-06-12
JGJ-66279546-6470,15,2,62.4824,208.5506,EUR,SELL,2026-06-03
DFX-98316940-6318,6,2,83.7704,461.9997,JPY,BUY,2026-06-09
UNC-14030463-5906,12,7,77.5846,334.6604,CHF,SELL,2026-05-30
SLE-64392937-2056,15,8,47.4036,173.8933,USD,SELL,2026-05-29
PTE-42612482-9732,15,3,17.3632,202.5491,CHF,BUY,2026-05-23
JZK-33586193-4366,3,1,37.9713,407.6068,USD,BUY,2026-06-19
QWL-34151939-2027,11,2,61.7868,40.8411,GBP,BUY,2026-06-01
MJN-95692493-6894,10,1,78.3520,171.2481,JPY,SELL,2026-06-18
WVT-42933139-5193,7,5,63.5371,46.9620,JPY,SELL,2026-06-01
HFH-18758904-9460,13,7,11.6170,76.3071,JPY,BUY,2026-05-25
PAA-40270520-1790,1,4,55.3610,310.0674,CHF,BUY,2026-06-02
POP-70398821-9830,10,6,79.5674,364.1920,EUR,SELL,2026-05-23
JFI-32909099-5301,6,7,31.2116,271.9322,EUR,BUY,2026-05-27
TWC-18400839-3637,8,5,77.4530,139.5962,CHF,SELL,2026-05-22
YKP-24387581-5782,5,6,37.9633,443.0999,JPY,BUY,2026-05-25
NDY-22531056-6274,1,8,9.2942,180.2757,USD,SELL,2026-06-07
HDJ-03519413-3122,4,6,19.5575,315.6041,JPY,SELL,2026-05-25
CGQ-74597280-4020,10,7,40.9547,343.8635,GBP,BUY,2026-06-03
DLE-20169898-3164,13,2,38.5432,251.0469,USD,BUY,2026-05-22
ERR-81667586-1650,15,9,25.4342,14.5141,GBP,SELL,2026-06-03
GRN-94375034-0566,14,8,3.6410,459.2599,JPY,BUY,2026-06-05
RWX-80776775-3602,15,2,89.7903,355.6889,GBP,SELL,2026-06-19
AIM-91442605-3931,12,5,4.6157,161.1082,CHF,BUY,2026-05-15
KDT-41494502-1620,14,6,89.4347,39.2353,JPY,BUY,2026-05-31
QQJ-15117609-1853,6,8,7.5731,198.4633,EUR,SELL,2026-06-07
AYI-68769065-9126,2,6,33.2046,401.7499,EUR,BUY,2026-05-30
EGX-81734382-5906,13,3,15.5078,100.8257,CHF,SELL,2026-06-13
IKO-34277576-0172,4,2,39.4266,468.6115,CHF,BUY,2026-05-29
VDI-55313708-2093,8,4,90.7750,153.1301,CHF,SELL,2026-05-30
KQR-91993282-8770,1,3,62.4537,89.6413,GBP,BUY,2026-06-11
KCI-50985579-5684,7,2,65.2824,160.6227,CHF,SELL,2026-06-13
ZSU-23751863-8469,1,6,25.5337,399.2449,CHF,SELL,2026-06-25
XPQ-13576087-4173,3,8,65.7958,450.6506,EUR,SELL,2026-05-22
KKU-78309649-7849,8,6,49.7261,154.2502,USD,BUY,2026-06-01
XFP-52502749-9040,2,3,16.3844,147.5841,CHF,BUY,2026-06-08
HWS-44895621-8882,9,5,49.1362,215.7854,EUR,SELL,2026-06-29
SVR-99491386-1809,5,2,29.4033,439.1473,GBP,SELL,2026-05-21
FZL-21366616-9689,12,8,27.4908,312.1261,JPY,BUY,2026-05-20
XGO-33485215-1849,1,2,99.9527,330.1096,GBP,BUY,2026-06-23
RZG-34949337-4642,1,6,22.3286,375.1810,GBP,BUY,2026-06-20
SMZ-48105809-0649,14,4,53.1182,368.5011,JPY,BUY,2026-06-02
RQL-85482065-4999,15,6,3.1888,243.1046,USD,SELL,2026-06-14
LPW-69667853-7550,9,8,27.9813,229.7481,EUR,BUY,2026-06-03
ZIQ-76862448-5548,8,3,85.6457,470.8286,EUR,BUY,2026-06-25
MZV-87630142-0864,2,5,96.4857,166.8785,CHF,SELL,2026-05-19
UKJ-56358157-7026,7,3,48.3623,75.1852,JPY,SELL,2026-06-24
MJO-69293223-1617,4,1,74.5312,419.8169,JPY,SELL,2026-06-22
SUB-61767801-1238,13,9,2.6208,354.9330,CHF,SELL,2026-06-24
UMY-38307826-6994,13,10,77.3420,70.3455,CHF,BUY,2026-06-13
WMF-19310280-0886,7,9,3.1001,497.4392,JPY,BUY,2026-05-21
SYB-23798896-6405,3,5,6.9341,100.8630,EUR,SELL,2026-06-01
OTM-64319388-0541,2,1,49.7525,104.0022,USD,BUY,2026-05-29
DUR-83887173-2757,1,4,83.7127,263.1790,GBP,SELL,2026-06-14
PKK-47046773-3218,8,5,92.5831,344.6757,EUR,SELL,2026-06-02
QJQ-60805119-2397,9,5,72.1610,197.6155,JPY,SELL,2026-05-19
VHE-20454223-2229,3,4,23.5285,269.5266,EUR,BUY,2026-06-12
JBW-82983880-9556,8,6,77.0295,248.8011,USD,SELL,2026-06-10
CGN-93537386-2573,7,5,95.6544,227.2826,USD,BUY,2026-06-05
FGW-19076220-1403,15,4,37.1076,80.0497,CHF,SELL,2026-05-28
RKL-55692415-9326,11,6,26.1814,398.5076,JPY,BUY,2026-05-28
ILT-10177970-6324,7,7,75.4246,258.1827,USD,BUY,2026-06-13
WCE-16654758-3770,7,5,10.4574,108.8564,JPY,SELL,2026-06-28
KMU-44067098-3459,1,4,69.2078,64.7430,GBP,BUY,2026-05-25
YTR-74108657-6228,8,3,40.7439,401.4980,EUR,SELL,2026-05-31
VUO-94113128-1751,13,7,50.0249,97.1075,USD,BUY,2026-05-30
JSX-04646376-1428,15,8,9.1647,419.9343,JPY,SELL,2026-06-16
HJB-50607772-9350,14,9,18.4901,335.9116,USD,BUY,2026-05-16
JFN-17812414-2592,12,6,63.3544,373.2546,GBP,SELL,2026-06-07
VTE-16583718-2076,13,1,3.5476,159.2252,CHF,SELL,2026-06-02
GUE-80684520-8713,9,3,84.5422,21.2588,CHF,BUY,2026-05-20
BKM-67983660-2399,10,8,31.3658,65.2199,CHF,SELL,2026-05-29
AQJ-03087684-3408,15,3,56.2985,212.9862,EUR,BUY,2026-06-08
BUE-19583990-7547,2,6,36.1629,303.1132,GBP,SELL,2026-05-29
SCG-58282504-1843,7,7,50.9179,322.6167,JPY,SELL,2026-05-25
BSH-24236986-3874,12,9,39.3622,257.5043,CHF,BUY,2026-05-17
HBU-99119902-2046,8,4,42.5371,390.6878,CHF,BUY,2026-05-29
SVO-70643277-4485,4,3,44.7743,92.5352,JPY,SELL,2026-06-25
VAP-27023827-5142,6,10,96.7369,176.4164,GBP,BUY,2026-06-22
TCH-86659774-2947,14,3,52.8000,300.1318,GBP,SELL,2026-06-17
WSU-11330108-5735,11,5,81.9598,264.6874,CHF,BUY,2026-05-27
HBI-66781798-9935,7,3,78.5784,348.6789,EUR,BUY,2026-06-20
EDY-04479396-3839,4,3,33.0664,83.7046,CHF,SELL,2026-05-08
TEZ-02914972-6914,7,1,7.7378,252.7656,CHF,SELL,2026-06-20
AML-60053660-4539,1,10,90.7352,190.3588,CHF,BUY,2026-05-28
MEY-33343673-1999,9,7,46.8871,98.0641,CHF,BUY,2026-05-30
SVP-28014067-2103,4,1,12.4885,153.1977,EUR,BUY,2026-06-04
TWQ-31537046-1447,1,2,88.3683,492.1642,GBP,SELL,2026-06-21
XDQ-28868020-3072,15,6,61.7702,470.8661,USD,SELL,2026-06-25
HGE-67617634-6147,5,9,20.0651,146.2740,CHF,BUY,2026-06-06
MJF-56202135-8727,12,9,29.4074,106.9607,USD,SELL,2026-06-11
LXV-76041116-1236,1,6,49.7366,130.7014,CHF,SELL,2026-06-12
NTY-40882735-9725,1,8,75.3723,403.6997,USD,SELL,2026-06-24
EPG-17302986-3049,4,3,68.5898,164.1797,GBP,BUY,2026-06-08
DRX-64557559-8016,2,1,70.9107,307.7610,GBP,SELL,2026-06-15
JOR-49881514-8161,9,9,94.4687,24.6571,CHF,BUY,2026-06-22
AOZ-41714388-2481,15,2,16.2864,180.5703,EUR,BUY,2026-05-31
WGD-31194479-2566,4,8,83.2454,147.1873,GBP,SELL,2026-05-26
WMU-07317929-9781,6,9,8.0539,230.5291,GBP,SELL,2026-06-18
UMO-16364747-1331,1,1,69.9442,283.7640,CHF,BUY,2026-05-14
JQV-14452053-0594,9,7,62.4118,196.2047,GBP,BUY,2026-06-25
FSV-40598507-4901,1,1,93.4770,260.9548,JPY,BUY,2026-06-25
RLJ-67513627-7226,4,1,33.8459,440.7814,JPY,BUY,2026-06-09
ZGJ-50312359-9328,7,7,50.5515,185.7271,EUR,SELL,2026-05-28
UNG-99125501-6908,4,2,66.9423,464.5623,JPY,BUY,2026-06-15
YDP-20489783-8565,10,6,61.3386,28.2006,JPY,BUY,2026-05-21
IQG-72590312-1084,13,2,68.2315,398.7005,GBP,SELL,2026-06-14
KEG-08139553-3782,6,6,33.5945,395.6343,EUR,BUY,2026-05-23
TFY-35355558-9655,1,5,73.0665,243.3148,JPY,BUY,2026-06-03
GQB-19312322-3456,8,3,8.8146,194.5469,JPY,BUY,2026-06-06
UGN-25974509-7588,5,10,83.9920,87.4739,CHF,SELL,2026-05-29
BQL-58477222-5533,12,7,53.0510,67.8829,EUR,SELL,2026-06-08
QTX-16075810-8217,4,8,12.1369,333.5572,GBP,SELL,2026-05-20
BEL-36802000-2008,8,3,12.1806,105.8448,CHF,BUY,2026-06-22
ZLJ-48956428-1662,12,5,58.5856,142.8794,USD,BUY,2026-05-18
ADG-67954005-5052,4,4,25.9326,287.6570,EUR,BUY,2026-06-20
RDR-89030289-4217,11,3,18.9105,197.9471,JPY,SELL,2026-06-13
SSA-07947753-4834,6,8,48.6631,338.1373,EUR,BUY,2026-06-08
PPW-93154399-8984,3,2,59.8083,160.8196,EUR,BUY,2026-06-17
ZUX-44751434-7768,9,8,93.2208,40.1860,CHF,SELL,2026-05-23
XWT-59244327-6284,9,3,57.1276,299.9906,GBP,BUY,2026-05-30
SUJ-75638921-0636,7,8,48.9728,245.1588,CHF,BUY,2026-06-14
MJV-79934242-7905,8,3,74.8525,13.4273,EUR,SELL,2026-06-06
NGX-01531024-9285,2,8,15.9270,263.2827,USD,BUY,2026-05-24
GOX-11671184-5723,12,9,38.4809,368.3897,USD,SELL,2026-06-17
ALW-28751376-4500,15,9,62.3520,425.0842,EUR,BUY,2026-06-11
GSA-16888090-7408,3,8,18.0105,260.3030,JPY,BUY,2026-05-22
FJE-63217866-0556,1,10,19.9995,188.6589,EUR,BUY,2026-06-03
MFM-55019289-0669,8,3,82.7836,484.1270,GBP,SELL,2026-05-29
RYV-20344917-4940,4,5,40.4734,15.6949,EUR,BUY,2026-06-23
KML-79262659-0797,14,3,33.0194,163.8836,USD,SELL,2026-05-19
AFZ-51546352-6325,8,6,11.4536,31.8731,JPY,SELL,2026-06-02
WUG-51721411-9922,8,4,74.4045,391.1107,JPY,BUY,2026-05-24
PUG-98996667-4997,6,9,35.1827,394.4854,USD,BUY,2026-05-26
HHS-48952044-9135,3,7,9.4561,71.2561,USD,SELL,2026-05-26
YGP-17131303-9098,7,3,82.3987,216.9676,CHF,BUY,2026-06-23
RFI-64236943-8308,8,2,38.5205,153.7698,EUR,SELL,2026-05-25
UAP-26893053-7565,4,10,38.3955,396.2431,JPY,BUY,2026-06-28
OCG-16341100-2378,15,7,88.1909,485.3309,USD,BUY,2026-06-02
IWN-61165879-5424,12,1,15.5999,488.8043,CHF,BUY,2026-06-25
ATJ-54518947-2574,1,10,28.1821,170.8376,GBP,SELL,2026-05-27
FEF-89765510-4342,10,9,81.6862,437.2480,EUR,BUY,2026-05-18
VUY-27427758-5163,9,6,63.0158,319.4163,JPY,BUY,2026-06-02
RAK-32418109-3167,11,7,48.4988,244.4549,JPY,SELL,2026-05-28
TYR-54556735-1824,12,6,19.3945,459.1633,CHF,BUY,2026-05-30
SOH-81378576-9895,9,8,10.8882,403.4389,EUR,BUY,2026-05-31
BAJ-90653121-6623,14,10,6.9905,291.0198,JPY,BUY,2026-06-03
LDR-52968267-7887,10,10,13.5915,398.5536,USD,SELL,2026-06-14
IZW-95999252-1298,9,4,62.3110,463.4675,USD,BUY,2026-06-08
LNK-99053402-1713,4,1,33.5860,483.6733,CHF,SELL,2026-06-09
CEF-01724369-5964,9,4,36.5326,404.4048,GBP,BUY,2026-06-12
YEM-70927064-7675,15,4,67.8083,335.1654,JPY,SELL,2026-05-24
HNA-34057594-4861,5,5,30.2060,352.1203,CHF,SELL,2026-06-02
OVC-48821503-2733,12,4,22.1368,222.8235,GBP,BUY,2026-05-20
JNB-36231697-2740,1,8,52.3667,263.6121,JPY,SELL,2026-06-06
SAD-47355136-7400,8,2,61.1056,374.9363,JPY,SELL,2026-05-25
AEQ-15917904-0473,1,7,12.3737,247.7404,USD,SELL,2026-05-21
SST-87178029-5454,4,9,29.5302,65.1219,JPY,SELL,2026-06-09
ESM-88146766-4398,3,10,20.9976,367.8994,EUR,BUY,2026-06-04
ECQ-39830979-1640,11,8,45.2194,246.8821,GBP,BUY,2026-05-28
CCZ-86658723-9388,11,3,2.2787,394.7070,EUR,SELL,2026-06-09
BIU-38708901-1379,1,2,38.9637,233.4332,GBP,BUY,2026-06-05
XIE-69841514-4386,4,4,83.7755,53.9045,EUR,BUY,2026-06-02
ZVC-18169106-1915,11,9,43.6295,118.6429,JPY,BUY,2026-06-24
HEN-36615452-0801,11,1,43.1895,219.7929,EUR,SELL,2026-05-26
BVB-31629833-9586,4,3,47.9594,207.3814,GBP,BUY,2026-05-16
WGA-94090149-0294,13,5,95.5338,423.2436,CHF,SELL,2026-05-12
SBQ-58847231-2333,7,5,98.8749,238.7822,JPY,SELL,2026-06-21
BXZ-06005669-7626,10,8,50.7646,237.4089,JPY,SELL,2026-06-13
PXS-33704326-7807,13,4,25.6895,443.0994,GBP,SELL,2026-05-19
ZPF-09114633-6978,6,1,52.1408,383.2862,JPY,BUY,2026-05-30
GYF-09372277-9287,1,5,84.5392,64.4254,CHF,BUY,2026-06-02
LSI-14608429-9014,9,4,24.8971,80.7466,EUR,BUY,2026-05-20
WKR-93112281-4533,8,3,55.0392,29.5365,CHF,SELL,2026-06-14
ASE-25795115-8429,9,7,3.1132,23.5424,USD,BUY,2026-05-21
RAC-50907361-1848,1,7,58.0754,13.7524,JPY,BUY,2026-06-23
IJZ-09533145-3231,5,1,55.6580,307.4376,GBP,SELL,2026-06-15
NXH-73559237-5644,10,8,3.6624,70.4825,GBP,BUY,2026-06-01
EYM-57017432-4320,11,5,66.3805,490.5340,JPY,BUY,2026-06-09
VTR-24846203-1184,1,1,15.4947,175.7348,USD,SELL,2026-05-25
QOG-76782134-8223,11,3,76.0051,117.9444,USD,BUY,2026-05-31
MBM-92658430-1061,15,6,55.4849,206.0516,JPY,SELL,2026-05-29
ZRL-60297588-9255,12,1,34.0107,359.5054,CHF,SELL,2026-06-29
KZE-22372543-0241,15,4,47.7922,319.9212,CHF,SELL,2026-05-19
GYJ-60105400-6343,12,1,1.5667,252.2717,JPY,BUY,2026-06-17
FLB-97291713-5487,11,8,55.0387,277.7497,EUR,SELL,2026-05-20
JZF-57376975-3286,15,8,45.2237,236.9361,CHF,SELL,2026-05-27
MAS-78676290-9672,6,2,59.5988,42.3941,USD,SELL,2026-05-23
ORJ-87463333-8325,4,2,53.4267,439.2836,CHF,SELL,2026-05-28
ROO-47686410-0375,12,7,86.2884,367.8487,JPY,SELL,2026-06-11
NKP-58627071-4127,8,9,58.0254,223.8756,EUR,SELL,2026-05-20
ROO-83383910-5452,6,2,38.9571,315.2464,GBP,SELL,2026-05-26
CMM-82008683-5957,2,3,51.6082,340.1256,USD,BUY,2026-06-08
RTC-87143462-4261,12,5,87.0046,374.4436,CHF,BUY,2026-05-23
YOH-29699468-8790,15,3,52.7838,17.4708,CHF,SELL,2026-05-31
OWN-17109141-9905,14,7,20.7912,397.7964,USD,SELL,2026-05-29
IHC-62903641-0540,5,2,52.4887,327.6643,JPY,BUY,2026-05-22
MLK-59501227-7597,14,4,32.9242,285.8026,EUR,BUY,2026-06-09
IQB-93357009-2980,3,7,67.8050,481.2058,EUR,SELL,2026-06-06
MHI-71462144-4603,11,3,54.6122,325.9104,USD,BUY,2026-05-25
KRZ-59329362-5760,4,8,15.3512,413.4976,CHF,BUY,2026-05-14
WVJ-07884031-7951,1,1,69.5443,242.5667,USD,BUY,2026-05-24
CPE-56864011-0790,4,1,52.8690,227.7813,CHF,BUY,2026-06-13
IQT-78463874-4648,2,7,51.1203,333.7764,USD,BUY,2026-06-07
ZQK-00245840-9842,3,8,65.3572,415.5127,GBP,SELL,2026-06-11
QNO-35342729-9532,7,3,61.9422,384.2745,EUR,SELL,2026-05-26
EWN-09435075-4289,8,5,13.1647,492.6440,EUR,BUY,2026-06-12
ARD-09812678-2333,14,8,72.4471,10.1254,CHF,BUY,2026-05-28
KHT-03592226-4718,12,10,92.1880,432.0777,USD,BUY,2026-06-16
SII-97066398-2646,15,9,26.2703,339.0658,JPY,SELL,2026-05-24
HHV-07742619-5130,15,5,58.3845,471.2820,EUR,SELL,2026-05-25
BBA-00039821-5314,10,2,60.0216,171.1147,USD,BUY,2026-06-18
LXZ-12727746-7279,7,1,52.8909,451.3983,GBP,SELL,2026-05-25
INV-09430210-7424,3,8,95.5318,288.1450,CHF,SELL,2026-06-27
ASY-70945759-9109,6,1,9.1929,288.4971,GBP,BUY,2026-05-23
QTW-85097221-7747,8,7,14.1822,101.2057,JPY,BUY,2026-06-01
KYW-85651903-6175,10,10,72.8379,214.5880,CHF,BUY,2026-05-19
VYA-40546077-9530,11,1,3.9444,93.0947,GBP,BUY,2026-06-27
WZX-42421845-1861,15,4,60.7222,487.8068,GBP,SELL,2026-06-11
YMC-04599649-8991,9,2,33.5031,220.8795,USD,SELL,2026-06-13
WRB-55360951-9270,13,3,69.0176,222.5416,EUR,SELL,2026-06-09
PQE-84511175-2058,10,10,24.0562,265.2704,CHF,SELL,2026-06-05
KVZ-36198338-4268,1,4,33.1976,449.9176,JPY,BUY,2026-05-23
MCV-59695285-8333,10,7,5.7394,232.3469,GBP,BUY,2026-05-15
RDM-39147692-3671,6,8,41.5219,390.2358,CHF,SELL,2026-05-28
NJC-10861233-5214,7,8,10.1246,31.7134,CHF,SELL,2026-05-24
PXE-61898445-7398,9,8,41.0820,452.7695,EUR,SELL,2026-05-21
TBQ-71774181-3080,12,2,10.9004,254.6561,USD,BUY,2026-05-18
FKG-00450104-9061,3,2,9.5477,79.8013,EUR,SELL,2026-06-02
XTW-67773123-0388,15,4,2.7040,109.8125,USD,SELL,2026-05-29
ZHR-73358512-3169,7,2,78.7610,231.5219,USD,BUY,2026-06-09
ZGS-71521925-2266,8,9,35.8056,26.5830,CHF,SELL,2026-06-04
PVI-83591419-3550,15,2,3.6657,49.2160,JPY,BUY,2026-06-05
PUY-58864783-7569,2,2,80.6671,270.8348,EUR,SELL,2026-06-01
UFS-91571619-2344,4,6,86.8260,103.2665,EUR,BUY,2026-05-22
GLU-15568985-0352,7,3,92.1965,102.3152,GBP,BUY,2026-05-21
BYD-71411707-6595,12,4,23.1489,366.0615,JPY,BUY,2026-05-20
BBM-03117329-2088,2,7,24.2220,371.1323,GBP,SELL,2026-05-17
GWA-59546229-3860,11,5,67.0761,18.7203,CHF,SELL,2026-05-28
GQE-39338805-5471,1,5,64.0376,38.3793,JPY,BUY,2026-05-26
LRI-23564124-8091,14,5,28.4394,251.7164,EUR,BUY,2026-06-01
EWA-99881786-3599,5,3,29.7937,208.3697,CHF,BUY,2026-06-11
WFD-23639495-6915,6,4,97.4649,351.7980,EUR,BUY,2026-06-02
JZJ-69901941-2625,15,5,31.7517,497.9614,USD,BUY,2026-05-31
RMD-01257399-3471,4,3,1.9592,261.6033,USD,SELL,2026-06-20
YNA-20899095-4010,1,10,7.0591,93.1812,EUR,BUY,2026-06-24
HJH-54855865-1665,13,5,20.9177,50.0897,GBP,BUY,2026-06-27
COQ-55238809-0733,5,5,55.4185,290.8663,EUR,BUY,2026-06-25
KMB-52634854-2651,2,6,19.8512,499.4690,GBP,BUY,2026-06-26
NLK-75968589-3306,6,2,21.9460,54.1075,GBP,SELL,2026-06-07
ASX-06751199-7857,15,9,74.3426,71.9994,USD,SELL,2026-06-08
BSP-66874446-9555,1,2,12.4024,303.3919,JPY,SELL,2026-06-23
VBV-14054874-7176,1,7,98.6138,293.5875,GBP,SELL,2026-06-19
XOT-63977409-8163,15,10,25.9265,182.9383,EUR,SELL,2026-05-15
LIL-39438527-4481,8,9,92.2964,84.6479,EUR,BUY,2026-06-18
YFX-35307221-6883,5,8,54.7415,340.5666,CHF,SELL,2026-06-23
ZJV-43390853-3972,12,7,85.2642,428.9588,GBP,SELL,2026-06-22
UAZ-72260718-2132,9,6,22.0700,40.6601,CHF,BUY,2026-06-08
TSA-48395159-9201,11,9,13.3898,453.6499,JPY,SELL,2026-06-13
MKS-71665695-2618,9,8,2.7471,35.9945,GBP,BUY,2026-06-27
UGR-39627914-2280,10,7,54.2213,251.3158,GBP,SELL,2026-05-26
WUM-30806232-2468,5,4,21.9708,393.3440,CHF,BUY,2026-05-29
PDZ-33207960-9712,5,5,59.5231,321.2374,CHF,BUY,2026-06-13
KVU-76816988-2793,7,2,37.9113,250.9556,GBP,BUY,2026-06-03
UYQ-58786030-1176,15,4,67.6027,72.0247,GBP,SELL,2026-05-29
KGG-63802113-8472,4,1,13.2281,247.7936,JPY,BUY,2026-06-23
WTG-91371351-5210,6,3,6.4595,81.0721,EUR,SELL,2026-05-31
WFN-90459794-8114,4,7,20.2045,113.5467,USD,BUY,2026-05-30
OIA-61610916-5951,10,6,31.1332,300.8606,EUR,SELL,2026-05-23
PTR-60533646-1804,5,8,40.3821,104.4049,EUR,BUY,2026-05-26
ANU-86062378-3960,4,3,54.0865,27.5843,EUR,SELL,2026-06-17
IDH-11441176-1491,14,7,80.4172,27.3488,EUR,SELL,2026-06-19
REI-89096834-1150,6,10,61.1216,337.7967,USD,SELL,2026-05-30
CCT-14099278-7388,9,10,35.4886,465.6941,CHF,SELL,2026-06-18
BTT-20761502-4013,2,2,40.3259,106.1457,GBP,SELL,2026-05-30
QWD-33255972-4910,3,6,23.2653,224.5451,USD,SELL,2026-05-26
HRK-65062747-9813,11,6,89.8937,492.9055,CHF,SELL,2026-05-28
TQR-78269176-3049,1,3,94.4711,120.2549,CHF,SELL,2026-05-23
MBY-65517170-5504,15,4,31.1334,191.1993,GBP,BUY,2026-06-29
NHK-50142583-9344,12,5,67.0745,388.8011,USD,BUY,2026-06-16
IIJ-08673698-0488,2,1,2.7374,279.6553,USD,SELL,2026-05-24
BZM-64807604-1030,10,8,49.1901,161.9349,GBP,SELL,2026-05-20
KRB-52858881-4615,13,4,43.8631,144.0860,JPY,BUY,2026-05-25
ZVC-52901483-1265,7,4,15.0288,445.6640,CHF,SELL,2026-06-06
PJW-27165316-3222,5,7,48.9649,257.6703,USD,SELL,2026-05-17
DUQ-02455666-0414,8,1,49.2977,22.8434,CHF,BUY,2026-05-19
HCM-99916149-7943,10,5,72.4459,23.6741,GBP,SELL,2026-05-15
AZT-12649492-2065,4,1,43.8821,241.9922,USD,BUY,2026-06-05
KCV-74894998-4640,15,5,80.1218,147.1087,GBP,SELL,2026-06-14
XYA-95317202-9817,11,2,63.3150,186.4787,USD,BUY,2026-05-26
JUW-99801133-8761,15,4,38.6941,421.0560,GBP,BUY,2026-06-23
MOL-85185432-6610,6,5,78.7054,185.8862,USD,SELL,2026-06-26
YQH-29332681-9811,12,9,73.4691,50.5194,CHF,BUY,2026-05-26
HJO-57585674-1130,5,3,74.2074,199.3862,JPY,SELL,2026-06-26
MRD-04446413-9391,15,2,80.6839,282.7268,USD,BUY,2026-06-06
KLT-08763736-8378,14,2,96.0185,347.1575,JPY,BUY,2026-06-12
HAD-10091439-0749,11,4,30.9181,162.0043,CHF,SELL,2026-06-15
SDI-74414961-9761,6,8,20.0141,244.0294,EUR,SELL,2026-05-30
JJB-78391459-1932,15,10,93.9710,146.4270,CHF,BUY,2026-05-30
PFA-02767040-5630,14,7,13.3834,179.8582,JPY,BUY,2026-05-17
HSN-79467999-9754,11,2,72.3266,213.0793,GBP,BUY,2026-05-28
KSC-47473999-7212,11,10,87.7144,53.8334,EUR,SELL,2026-05-30
RUY-82584991-2849,15,2,96.4894,491.5448,JPY,BUY,2026-05-19
VKQ-95314672-5832,5,9,86.9745,143.3373,EUR,BUY,2026-05-22
FDH-42246062-9809,12,7,40.7990,141.8043,EUR,BUY,2026-05-28
QVO-05819741-2843,2,8,6.8407,223.8722,EUR,BUY,2026-06-27
WZV-03437896-7134,15,10,82.4928,463.6683,JPY,BUY,2026-06-15
XXV-91317615-5120,14,9,32.2400,468.7984,JPY,BUY,2026-06-23
SII-02145837-7342,12,1,57.2449,363.9991,CHF,SELL,2026-05-21
ECO-41681243-2372,8,4,73.7369,413.7831,CHF,SELL,2026-06-07
XRU-88881214-7992,10,2,31.6598,135.6640,CHF,BUY,2026-06-18
TUZ-57533677-2795,7,5,62.2987,162.0423,CHF,BUY,2026-06-26
WBA-67556787-9395,9,9,88.6300,145.9379,JPY,SELL,2026-05-30
WBE-99771464-2170,7,7,23.8040,17.1508,USD,SELL,2026-05-19
JGP-52706478-4760,8,4,75.7591,496.5821,JPY,BUY,2026-05-25
JHN-26769295-9843,13,3,38.9498,473.2760,CHF,SELL,2026-05-18
LEU-80271413-3718,8,3,73.1812,303.1250,GBP,SELL,2026-05-22
LZE-77328474-4459,9,2,57.9312,298.6588,JPY,BUY,2026-06-10
KDJ-91063508-4662,7,10,24.1841,220.4940,CHF,SELL,2026-06-07
JDZ-48336864-0593,13,10,50.4150,442.9196,USD,BUY,2026-06-11
VVA-17690402-7915,10,4,88.1218,352.6307,GBP,SELL,2026-06-11
DSR-01374476-6139,9,8,91.0667,288.9907,GBP,BUY,2026-05-28
FJO-46209896-5239,8,7,57.9787,359.1896,CHF,BUY,2026-06-04
UCM-78523045-4529,14,6,35.4893,417.1489,EUR,BUY,2026-05-26
QQG-97447765-8205,9,5,6.4095,246.3771,GBP,BUY,2026-05-28
RDL-53278775-0404,3,2,12.3765,309.1402,GBP,BUY,2026-06-28
GTY-01651624-4905,2,4,14.5909,298.1057,USD,BUY,2026-06-20
ILA-79968227-6561,10,10,70.8032,193.6445,GBP,BUY,2026-05-24
MVR-79425213-7508,2,4,99.9090,143.9021,EUR,BUY,2026-05-22
KVC-15602875-2398,1,4,7.0422,436.9245,EUR,SELL,2026-06-12
GQH-35615459-9417,14,8,72.2399,356.1999,EUR,BUY,2026-05-27
QJC-86402530-7527,5,8,80.2284,85.1946,EUR,BUY,2026-05-24
LPT-42566692-6215,13,1,6.7584,246.2183,EUR,BUY,2026-06-02
QRP-96639760-4243,6,10,64.5943,39.8321,USD,SELL,2026-05-19
MBY-15211513-4840,12,2,61.5985,400.4323,USD,SELL,2026-06-03
NQV-12079915-9838,7,4,42.4482,84.7764,CHF,BUY,2026-05-25
FTW-56883440-1977,10,8,92.3817,45.7696,JPY,BUY,2026-06-26
SCL-11714941-2419,12,10,71.8109,178.9559,USD,BUY,2026-06-16
XKK-55936234-1498,2,10,98.4104,433.2077,GBP,BUY,2026-06-01
NJH-59793883-0949,5,8,42.2581,389.9297,GBP,SELL,2026-05-29
WZJ-15915753-1397,5,4,42.3929,287.6352,EUR,BUY,2026-06-14
OTJ-30897338-9352,2,4,14.6271,342.4234,GBP,BUY,2026-05-27
QUI-66872295-1699,13,3,39.2560,71.3853,CHF,SELL,2026-06-07
BUK-83616264-3945,5,9,4.3985,388.7809,EUR,SELL,2026-05-30
GYB-47962884-9564,6,10,60.0414,414.2423,USD,SELL,2026-05-20
FQP-12010807-1835,6,3,45.5434,485.0822,CHF,SELL,2026-05-23
OMU-01202082-4384,7,4,33.5878,437.1214,JPY,BUY,2026-05-28
KLW-10596487-0975,9,6,94.8498,191.3939,GBP,SELL,2026-06-18
TUT-19323197-6095,13,9,13.6775,421.4471,JPY,SELL,2026-06-12
JYN-79338599-4236,15,3,76.3774,336.7061,GBP,BUY,2026-05-29
TUW-66928998-8971,8,4,9.4057,488.8203,USD,SELL,2026-06-01
SVS-98501531-4616,6,7,75.7072,106.4884,JPY,SELL,2026-06-11
JZZ-35405558-3726,6,4,13.4626,245.2574,JPY,BUY,2026-06-19
JDP-32363616-5466,11,8,26.7790,307.8018,CHF,SELL,2026-05-22
FVF-66019501-2791,10,3,50.3254,441.7841,USD,BUY,2026-05-15
RPF-05395947-8690,7,7,74.0376,377.7325,GBP,BUY,2026-05-28
JDF-14511706-3230,5,9,3.1959,103.8612,JPY,BUY,2026-05-28
NBX-60952992-1590,15,1,50.8530,302.0308,JPY,BUY,2026-05-20
DAO-34013942-5517,9,5,62.5280,498.6054,USD,SELL,2026-06-03
QCF-99363153-4781,13,1,82.8313,163.2816,GBP,SELL,2026-06-21
TJF-36644375-7018,4,10,66.4834,438.5546,CHF,SELL,2026-05-14
XGM-65863303-9886,4,3,83.2837,365.7559,GBP,BUY,2026-06-18
RBR-26472257-4665,6,3,63.6509,64.5595,GBP,BUY,2026-06-16
IJI-61916103-2700,7,7,24.3008,400.5533,GBP,SELL,2026-06-19
SZS-49105143-5977,4,10,81.1380,262.6628,GBP,BUY,2026-06-02
ULQ-06001289-2565,14,10,3.5694,479.5406,JPY,BUY,2026-06-18
KGB-71419761-0514,6,3,26.1354,52.9385,CHF,SELL,2026-05-13
FOV-96840532-0358,2,8,9.4070,386.2858,USD,BUY,2026-06-02
WCL-78859846-8938,9,8,18.6785,67.5149,USD,BUY,2026-06-05
GRJ-54263605-9963,13,3,69.8860,330.0710,CHF,SELL,2026-06-04
UQT-75259979-0381,4,4,93.9903,232.0292,GBP,SELL,2026-05-24
RHV-73189312-3588,10,5,69.0661,428.0171,JPY,BUY,2026-06-17
TRN-99226898-5106,4,7,58.1026,410.5285,JPY,BUY,2026-05-28
YYQ-06510327-5704,4,10,3.7322,86.4672,JPY,SELL,2026-06-19
MNY-90964118-0927,9,7,31.4408,306.5158,GBP,SELL,2026-06-01
XAM-02409375-0256,7,10,84.8610,406.4118,GBP,BUY,2026-05-24
RPN-82228647-0446,4,4,79.9257,49.8432,EUR,SELL,2026-05-25
LBR-94232366-3630,15,5,42.9841,318.6882,CHF,SELL,2026-06-07
EOW-41644820-8807,13,6,24.4094,67.5466,CHF,SELL,2026-05-31
SWS-77528502-3637,3,1,66.1439,265.9912,CHF,BUY,2026-06-11
KVJ-46244238-6641,6,1,2.8643,130.7491,EUR,BUY,2026-06-24
UUL-60440038-8096,10,2,16.2478,471.9988,JPY,BUY,2026-05-20
WHN-65689824-2754,11,8,21.3689,20.5264,USD,BUY,2026-06-06
TCZ-87910781-5912,5,3,70.5078,116.3278,GBP,BUY,2026-05-30
ZNL-98592962-2459,4,9,19.8953,31.5371,CHF,BUY,2026-06-16
FJH-97821469-1641,10,4,34.3586,98.5826,USD,BUY,2026-06-18
JGI-38455738-6466,14,9,89.3664,176.3046,USD,SELL,2026-06-17
YDX-23372524-3190,15,7,48.7638,63.2175,CHF,SELL,2026-06-12
UJG-23383650-1821,7,3,78.1139,414.3248,JPY,SELL,2026-05-31
YHT-97072549-1373,10,9,13.5252,343.6364,JPY,BUY,2026-06-25
GAY-58213257-6948,7,7,98.2793,106.3219,JPY,BUY,2026-06-06
CEH-06289401-9978,12,9,14.9006,254.1379,EUR,SELL,2026-06-06
UXU-44348476-6350,12,1,25.4514,58.6214,EUR,SELL,2026-06-13
MDP-77724643-2856,15,2,90.1767,153.2671,USD,SELL,2026-06-07
CYD-31771730-2132,7,7,10.5990,154.3437,EUR,BUY,2026-06-14
RMU-93567692-2612,1,3,85.5665,246.6403,GBP,BUY,2026-05-23
BCP-87292559-1238,8,4,35.8624,456.3096,EUR,SELL,2026-06-17
LGQ-26967385-1087,3,2,79.8225,420.8495,EUR,BUY,2026-06-07
CAS-03764848-5984,15,10,74.9976,402.7818,GBP,BUY,2026-06-19
QVZ-57158600-9464,3,5,88.6038,221.5110,GBP,BUY,2026-05-28
OMC-90470341-3826,2,3,35.0037,440.6933,JPY,SELL,2026-05-28
LFI-14582572-6859,9,10,35.2300,84.4231,USD,SELL,2026-05-26
JPL-55697391-9890,4,10,96.9620,304.1008,EUR,SELL,2026-05-29
VLP-62569064-8404,1,8,95.2333,416.9874,USD,SELL,2026-06-01
OGE-24390148-1140,6,1,41.9327,368.2088,GBP,BUY,2026-06-05
YNK-72225994-5553,10,10,54.8814,148.3957,CHF,SELL,2026-06-08
QWG-93007658-4441,7,7,69.2767,274.8192,EUR,BUY,2026-05-22
RPF-66154364-1763,10,1,20.2564,305.8973,EUR,SELL,2026-06-03
XWC-23575016-3724,1,9,49.9286,489.9462,CHF,SELL,2026-05-20
XXN-37446552-8591,15,8,1.4616,293.6824,USD,SELL,2026-06-03
NSH-16796265-9004,14,5,2.0766,319.7625,JPY,SELL,2026-06-02
LUR-81543238-1523,3,9,83.8779,472.2628,USD,SELL,2026-05-24
BHL-51570836-5576,7,2,87.3329,150.0570,GBP,SELL,2026-06-25
XWS-55855928-8834,3,7,82.1812,111.4583,GBP,BUY,2026-05-26
YOD-98046642-9183,13,6,61.8879,196.0526,GBP,BUY,2026-05-26
RWH-39442623-2294,3,6,28.1373,306.7755,GBP,BUY,2026-06-29
AKP-67345894-3148,4,10,86.7467,416.1494,CHF,SELL,2026-05-30
KZN-94009866-6125,5,1,42.5858,406.1493,USD,SELL,2026-06-29
IZH-79998197-7620,4,5,13.5015,16.2928,JPY,SELL,2026-05-27
YYU-89816669-8391,13,8,81.7793,100.5876,EUR,SELL,2026-06-21
PKK-53781729-4310,10,1,12.8583,155.6619,JPY,BUY,2026-05-29
HXB-92796110-1774,9,1,72.1922,210.7169,USD,BUY,2026-05-23
BCT-25005015-2572,4,3,41.5832,405.1506,GBP,BUY,2026-05-19
ETA-68643303-8380,8,4,32.9181,208.5606,USD,SELL,2026-05-30
WLE-76444613-9940,11,3,26.6570,31.1434,JPY,SELL,2026-06-22
GUQ-94917694-9492,3,8,92.2579,402.8751,GBP,BUY,2026-06-08
CPY-52249104-5458,8,3,23.7464,109.1383,JPY,BUY,2026-05-31
OSZ-54266213-4025,13,7,44.2929,282.9975,JPY,SELL,2026-05-22
PBQ-11448580-4279,4,4,53.1027,491.4286,GBP,BUY,2026-05-29
YNM-83089272-3795,9,8,60.5120,279.4504,USD,BUY,2026-05-29
TBD-73335569-3465,14,6,16.8471,305.4603,CHF,SELL,2026-05-24
MIQ-16903653-9014,11,10,71.4411,304.1750,GBP,BUY,2026-05-19
LSA-79142193-6133,1,5,71.1507,60.8093,EUR,SELL,2026-06-04
LHC-05156849-3062,13,1,5.6596,101.5608,GBP,BUY,2026-05-24
SEU-90833687-5922,4,4,92.8176,118.2409,EUR,SELL,2026-05-30
NYB-32126237-9220,3,9,75.6304,337.7708,GBP,BUY,2026-06-12
RLG-18059253-0623,4,1,37.4447,136.8631,JPY,SELL,2026-06-17
SJA-14745487-6542,8,8,96.7139,228.6122,GBP,SELL,2026-06-08
CBT-97487826-3687,14,4,3.1943,342.6820,JPY,BUY,2026-06-20
BDG-98205758-4039,15,3,48.4255,254.7070,USD,SELL,2026-05-28
XZY-34832797-8137,13,6,67.0576,109.1576,USD,BUY,2026-06-07
MNZ-33700922-2171,7,9,18.0843,406.7962,USD,SELL,2026-06-26
QEZ-11811578-2851,3,2,31.6482,32.9316,GBP,SELL,2026-06-14
HRY-57905419-9498,9,5,2.4534,153.7014,CHF,BUY,2026-06-07
XQF-68847114-6071,11,10,31.4346,270.7857,EUR,BUY,2026-05-26
BSL-69909448-7498,1,10,78.3490,302.1571,GBP,BUY,2026-06-18
KVS-30088015-0600,8,2,25.4910,379.8525,USD,BUY,2026-05-15
WOM-40036133-7101,3,4,15.9152,487.1626,USD,SELL,2026-05-07
ELJ-84849514-7493,4,4,47.3570,239.5491,EUR,SELL,2026-06-11
TYA-29678394-1769,7,9,62.1795,210.8989,JPY,BUY,2026-05-21
OOL-14871922-6011,6,10,34.6658,290.8652,EUR,SELL,2026-06-01
LUZ-30268907-9740,5,5,92.9888,302.4522,USD,BUY,2026-06-03
MWB-03915728-6986,4,10,45.9919,201.5688,USD,BUY,2026-06-01
HNW-12403323-5168,14,9,13.2030,246.9019,CHF,BUY,2026-06-25
CJQ-17994852-1359,10,7,80.0659,284.1584,CHF,BUY,2026-06-05
SZE-66962057-9788,10,9,3.8332,292.6845,EUR,SELL,2026-05-17
XBC-95330367-0784,15,1,34.1412,107.0367,JPY,SELL,2026-05-27
REB-90853965-4223,5,1,71.0666,73.8306,EUR,BUY,2026-05-25
GDL-21268531-3242,2,7,75.6098,483.2835,EUR,SELL,2026-05-21
FEK-94738360-5594,3,9,66.4373,192.1859,GBP,SELL,2026-05-15
CJK-78355732-3320,14,3,62.2263,56.1018,JPY,BUY,2026-05-25
LHK-84146850-1377,12,2,90.4593,436.9181,USD,SELL,2026-05-29
MXD-33219886-7643,9,7,22.5482,310.8664,EUR,BUY,2026-05-22
BUT-45618817-4470,9,3,42.1750,407.6488,EUR,SELL,2026-06-19
JYL-70011445-8354,10,10,90.2834,70.3058,CHF,BUY,2026-06-04
INX-44224165-5527,12,5,13.1526,117.2987,JPY,BUY,2026-06-27
BJI-55764408-4723,4,9,86.8721,187.9722,JPY,SELL,2026-06-02
KJU-38273772-0462,13,8,4.7961,487.1814,JPY,SELL,2026-05-29
XKW-57098717-2105,4,9,78.7567,104.6927,USD,BUY,2026-06-21
UKU-61270873-1923,6,9,52.7354,347.0729,JPY,SELL,2026-05-29
FUS-71140883-3181,6,9,6.3795,425.2592,CHF,SELL,2026-05-16
BXK-01916754-8795,4,6,59.6954,16.1447,CHF,BUY,2026-06-13
XUZ-20022211-5274,10,10,51.4825,248.8565,GBP,BUY,2026-06-27
QDV-34354125-8466,4,2,96.0158,14.3307,USD,SELL,2026-06-06
TOJ-24711814-5487,6,8,76.5597,433.2055,USD,SELL,2026-06-24
UJV-57106130-9745,14,3,70.8851,207.1125,USD,BUY,2026-05-20
XCG-76452176-3254,7,8,82.9384,184.3822,EUR,BUY,2026-05-21
EES-73973949-8489,13,6,91.0002,493.9586,EUR,BUY,2026-06-20
AOF-83264990-7683,8,4,60.9180,219.7747,JPY,SELL,2026-06-15
ROI-86387456-8838,2,3,17.7974,394.9805,JPY,BUY,2026-06-17
BNV-69795414-3753,13,4,53.1514,479.6271,GBP,SELL,2026-05-26
UZT-67106411-4750,4,7,28.7417,264.4228,USD,BUY,2026-05-30
FAK-74516619-0700,9,1,66.5228,328.2037,CHF,BUY,2026-05-28
TVX-65489386-1583,13,2,37.3299,135.1481,USD,BUY,2026-05-29
IPX-64549924-7656,15,7,44.3042,290.0779,JPY,SELL,2026-05-20
WCZ-94403673-9039,13,5,86.5321,376.6930,USD,BUY,2026-06-26
OBQ-88780448-0708,15,8,87.1442,78.7481,CHF,BUY,2026-06-01
AGM-27341090-6762,10,3,23.0545,130.8382,JPY,SELL,2026-05-13
LDZ-71901206-5626,11,4,55.1825,419.3857,USD,BUY,2026-06-17
GLH-42051304-6619,10,7,44.2337,367.4243,JPY,BUY,2026-05-16
PAM-99032587-6911,6,2,38.3786,25.6349,GBP,BUY,2026-06-15
ESF-09640560-7524,3,3,98.7593,341.6396,CHF,BUY,2026-06-11
DTJ-95319793-4518,3,4,68.7501,437.3912,EUR,SELL,2026-05-20
IQO-68872810-5001,2,6,9.2144,409.8255,GBP,BUY,2026-06-17
RHS-87322020-6094,15,4,77.8020,324.9586,JPY,SELL,2026-05-30
KBB-43029371-9174,14,1,35.8731,16.6382,JPY,SELL,2026-06-19
WWN-90644892-6194,2,8,64.6785,212.2322,GBP,BUY,2026-06-16
UBN-66767642-8016,4,9,84.9622,323.4409,JPY,SELL,2026-05-31
GTB-02941817-1606,8,7,68.4847,436.2644,GBP,BUY,2026-05-01
GMF-45901259-3545,13,6,30.8639,71.5002,GBP,BUY,2026-06-18
DTX-73209671-1820,2,5,44.1810,135.4253,EUR,BUY,2026-06-06
AUW-67125310-9007,5,10,30.3032,208.5261,CHF,SELL,2026-06-11
XYD-86362238-6173,6,1,54.0032,263.9788,EUR,BUY,2026-06-14
HNU-20090401-1781,3,5,79.9481,13.4562,USD,SELL,2026-06-08
IAD-31652044-8004,5,1,38.7160,74.8217,CHF,SELL,2026-05-28
VQX-62309453-9699,7,4,29.6076,198.7682,CHF,SELL,2026-06-20
DGR-04742939-3939,14,4,79.2738,37.3293,GBP,SELL,2026-05-31
PRA-96209777-1734,4,6,58.7631,347.4525,EUR,SELL,2026-06-17
UOP-14892991-1575,4,10,60.8343,221.6406,EUR,BUY,2026-05-31
JDS-63828704-9802,4,8,2.1634,176.7304,GBP,SELL,2026-06-02
EQD-61592353-4820,6,10,29.7186,414.3226,CHF,BUY,2026-06-23
UJU-11843192-5163,8,2,62.7272,165.2947,CHF,BUY,2026-05-22
HTP-58013189-0489,14,8,54.8884,323.9997,USD,BUY,2026-06-06
KAC-81765942-8571,7,4,93.0696,44.6263,JPY,SELL,2026-05-28
QGY-87605978-3453,5,8,90.7859,462.3212,USD,BUY,2026-06-05
RLK-28374342-6727,3,7,83.4343,339.0876,GBP,SELL,2026-06-28
PSP-89817189-9425,7,7,36.8187,467.8050,USD,BUY,2026-06-06
ONK-30410525-9608,8,2,33.1633,80.9500,JPY,BUY,2026-05-26
VHS-28212296-0406,9,6,25.8631,50.8677,EUR,BUY,2026-06-22
FBU-98306046-6886,14,3,32.4518,81.1737,JPY,SELL,2026-06-05
GWW-04183650-4237,5,3,66.1944,49.5669,JPY,BUY,2026-05-29
ZNN-59493350-5084,1,2,52.0908,426.1887,CHF,BUY,2026-06-20
ZUI-98660004-6999,9,1,7.1935,316.0856,CHF,SELL,2026-06-08
NXS-05034320-8663,5,3,51.8811,57.5928,EUR,SELL,2026-05-22
BZY-20758844-8568,12,6,78.4241,26.6895,GBP,BUY,2026-05-27
ZYO-93528182-6618,11,6,80.9876,91.0526,JPY,BUY,2026-06-25
GSW-99677824-6969,10,6,67.1337,470.2658,EUR,SELL,2026-05-29
RGG-09756368-4796,10,2,99.1073,497.3815,EUR,SELL,2026-06-05
UGF-21596106-2945,15,2,53.3285,145.7325,CHF,SELL,2026-06-07
YYU-24062468-8370,7,7,6.3329,366.9733,EUR,BUY,2026-06-10
BRI-73815493-7442,1,5,94.8525,91.9369,JPY,SELL,2026-06-04
NRN-99786046-5282,8,8,97.9542,305.7579,JPY,BUY,2026-05-28
YDF-40974117-5075,7,2,61.7318,235.6399,CHF,SELL,2026-06-01
TEM-70673980-7972,11,9,93.6265,274.5048,CHF,SELL,2026-05-23
TKD-67701270-5485,13,10,37.8187,285.0696,JPY,SELL,2026-05-23
IST-73415301-3927,11,8,50.8524,232.5195,CHF,SELL,2026-05-22
UNU-51077144-3339,7,2,25.2466,374.3785,USD,BUY,2026-06-07
MDE-49375258-9545,7,10,54.0676,495.1651,JPY,SELL,2026-06-19
WMJ-76554669-9954,7,7,56.2207,209.9366,JPY,BUY,2026-06-27
GRX-79496198-4929,6,1,57.3764,322.4406,USD,SELL,2026-06-17
XBQ-09178151-4696,8,5,68.7941,395.6215,USD,BUY,2026-06-20
OSH-46794635-6490,13,10,21.9308,332.2362,GBP,BUY,2026-05-20
OYT-00145996-9846,8,4,6.5666,150.1562,GBP,BUY,2026-06-16
ZPH-24170473-4317,8,1,75.6878,29.3729,CHF,BUY,2026-05-19
FUK-23063799-9899,8,7,58.8926,363.6351,USD,BUY,2026-05-19
AEY-70070588-1456,8,4,43.9848,185.9582,JPY,SELL,2026-06-02
KUD-74418244-4453,7,9,59.7584,360.4939,EUR,BUY,2026-06-04
XAS-01091718-0686,2,3,18.9118,118.1727,EUR,SELL,2026-05-30
YMQ-22049566-0166,1,8,39.8739,135.6920,GBP,BUY,2026-06-12
ISQ-80784226-0745,10,6,32.7231,136.1258,EUR,BUY,2026-06-27
HPB-27511562-8080,11,8,17.9479,189.9105,CHF,SELL,2026-06-14
HQP-22588823-3666,5,10,21.7227,183.8417,USD,BUY,2026-05-17
SOL-11823645-7614,10,3,59.8601,64.0605,USD,BUY,2026-05-22
LOB-47964471-1365,2,9,90.3056,39.1420,USD,SELL,2026-05-27
HQC-61381475-9506,10,8,42.9164,307.8120,GBP,BUY,2026-06-28
CNU-30151963-7849,13,10,84.7700,229.4073,GBP,BUY,2026-05-17
XVP-37096707-7997,3,8,11.9202,436.1513,USD,SELL,2026-06-05
QWU-38929907-5975,13,3,10.3466,57.9042,CHF,SELL,2026-05-26
WBW-68164756-5095,3,1,67.5868,375.5175,GBP,SELL,2026-06-08
LEQ-31539791-7131,9,5,5.5738,261.9323,GBP,BUY,2026-06-12
XZO-65067821-4699,4,2,35.7566,367.5632,EUR,BUY,2026-05-19
TKW-19781827-1785,14,7,54.8171,78.9869,CHF,BUY,2026-05-24
AYR-43497698-6238,11,1,75.3674,499.6952,USD,BUY,2026-06-03
NYN-88795494-9299,9,2,42.2417,260.8153,GBP,SELL,2026-05-23
RAX-48909028-0449,6,7,69.6587,204.3352,JPY,BUY,2026-05-13
UQO-49552133-1766,12,9,60.9012,253.5070,USD,BUY,2026-05-22
ITQ-63711495-4635,4,10,20.9274,22.4551,USD,SELL,2026-06-22
USL-36656251-1699,8,2,43.2487,156.4200,USD,SELL,2026-06-06
BNH-68043893-6073,15,7,73.9389,128.6685,GBP,SELL,2026-06-07
SZM-67908600-6436,6,7,47.0190,131.2285,GBP,SELL,2026-06-12
HRW-24107018-5160,6,2,86.7756,114.4427,USD,SELL,2026-06-24
PHT-23945852-6137,4,7,83.1836,496.2614,GBP,BUY,2026-05-29
HQO-20788215-9964,10,2,50.4196,198.8528,USD,BUY,2026-06-25
CRJ-43622384-0832,6,5,10.2971,181.4876,USD,SELL,2026-05-16
WAA-29170721-9059,8,9,41.9053,403.5666,GBP,SELL,2026-05-31
IAV-16500106-8374,6,5,83.4797,424.8297,EUR,SELL,2026-06-07
CRL-08697943-4372,14,1,48.0931,132.6810,USD,SELL,2026-06-17
IJB-94182169-2393,2,2,72.1080,252.7247,GBP,SELL,2026-06-05
DBS-85234948-3891,1,9,66.4881,322.4589,CHF,SELL,2026-05-24
AVJ-28063423-5503,12,10,18.7808,197.8901,CHF,BUY,2026-06-14
DRJ-74795480-5975,15,9,91.0728,383.5848,JPY,BUY,2026-06-20
EMC-75966244-9730,5,8,12.2927,97.1591,CHF,SELL,2026-05-27
SRX-33179212-4340,2,3,27.9895,382.8671,JPY,SELL,2026-05-29
OAA-09524305-2853,15,5,69.8401,159.8267,USD,BUY,2026-05-19
QRB-01553251-9933,10,5,17.4348,137.6046,USD,BUY,2026-06-13
NLS-08787605-9721,5,6,68.7116,40.6655,GBP,BUY,2026-05-24
ODH-08761843-4110,14,10,46.0927,96.9528,EUR,BUY,2026-05-21
PNF-26513738-0400,10,7,99.7347,422.3692,JPY,SELL,2026-06-19
AUQ-13993997-2273,10,10,66.4199,402.5344,USD,BUY,2026-06-03
BMG-61605444-9019,14,3,27.8202,64.6965,EUR,BUY,2026-06-05
MDG-58845380-7391,12,10,63.5779,343.8978,USD,SELL,2026-06-01
PZX-11094089-8731,3,3,18.6719,395.8218,USD,SELL,2026-05-19
LYZ-03320059-8972,7,9,73.5278,172.4042,USD,BUY,2026-06-01
CUV-19585211-1008,12,3,25.1962,152.6962,GBP,SELL,2026-05-31
EKB-62026433-0538,12,4,32.1392,415.7719,EUR,BUY,2026-05-25
GCJ-28233632-0033,3,10,25.1280,454.7581,USD,BUY,2026-06-09
EGI-06773151-1212,10,3,59.8422,479.7732,GBP,BUY,2026-06-17
EBM-52265022-5115,13,4,28.3526,77.6044,GBP,SELL,2026-06-04
PZS-73323112-8648,5,3,62.3774,384.2329,JPY,SELL,2026-05-26
FVE-54416660-7079,14,8,94.4162,305.5223,CHF,SELL,2026-05-30
DLO-89753478-6858,10,5,31.3729,400.4267,JPY,BUY,2026-05-30
VSE-12294918-8273,10,6,75.6026,274.2083,GBP,BUY,2026-06-01
XFS-41313604-8960,7,1,70.1825,391.1405,EUR,SELL,2026-06-14
PDY-25359943-9348,11,4,84.8385,227.9581,GBP,SELL,2026-06-22
JBA-10914671-7005,5,2,54.9930,375.2582,GBP,SELL,2026-05-31
CVY-61401611-0684,14,9,79.5366,484.9210,USD,BUY,2026-06-18
ULJ-92940792-0014,3,3,63.6579,292.7829,EUR,BUY,2026-06-18
HLS-08447908-1761,7,2,98.3324,192.0296,JPY,BUY,2026-06-07
BQO-04738913-5605,9,9,62.8986,238.5267,JPY,BUY,2026-06-17
JBC-66787464-1891,3,7,42.9452,88.4118,USD,SELL,2026-06-17
BLD-70285983-9303,14,6,4.9424,29.7602,USD,BUY,2026-05-26
IFO-60119782-4024,5,6,40.1682,387.0241,USD,SELL,2026-05-27
HLS-25889860-7805,11,7,79.4857,167.8509,CHF,BUY,2026-06-07
DQP-87244461-2083,15,4,50.6021,397.0780,EUR,SELL,2026-05-22
GGR-71601021-2039,14,4,22.0913,372.2115,GBP,BUY,2026-05-23
QYF-10308728-3353,13,1,65.9190,358.6181,EUR,SELL,2026-06-10
GUN-02111676-6413,4,8,51.8382,449.4275,JPY,SELL,2026-06-09
RMR-89645669-1316,12,9,78.8750,301.8428,USD,BUY,2026-05-23
GYV-17764970-4539,6,6,31.3436,265.1065,CHF,BUY,2026-06-24
WFL-90735319-5918,8,7,76.6469,263.5535,GBP,SELL,2026-06-20
BDA-04469573-6815,6,2,65.2082,304.6822,JPY,BUY,2026-06-09
RUL-36061689-4410,2,5,94.3245,114.5152,USD,SELL,2026-06-07
ICT-51287130-5275,7,8,95.1774,361.7990,USD,SELL,2026-05-27
EEO-99785676-5432,1,3,93.2590,309.1938,USD,SELL,2026-05-18
WDE-72656088-8416,1,5,92.2890,292.0434,USD,SELL,2026-05-22
BSH-22397779-1274,1,8,13.4124,204.4514,CHF,SELL,2026-05-22
LNQ-08589146-4814,15,9,90.5385,340.7792,USD,SELL,2026-06-02
GVN-67675688-1779,2,1,4.1982,178.2360,JPY,BUY,2026-05-15
RWE-53589228-3960,5,5,20.1783,155.2252,CHF,SELL,2026-06-18
ODA-05305999-8644,2,4,69.4182,306.0003,USD,BUY,2026-05-13
LEB-59572229-6496,10,1,32.3567,396.8860,EUR,SELL,2026-06-08
KYW-47455368-5147,12,6,63.0380,455.3587,CHF,SELL,2026-06-19
MFR-66344925-5387,13,5,70.8717,341.1061,GBP,SELL,2026-06-03
FRB-45893332-3876,13,10,76.3910,104.0635,EUR,BUY,2026-05-23
FQH-12280858-9212,14,3,83.8410,383.7982,JPY,SELL,2026-05-30
VTO-30575702-5789,9,7,83.2169,377.9597,USD,SELL,2026-05-29
XNS-67851038-7867,11,8,6.6522,56.5650,USD,SELL,2026-06-13
KGZ-66111764-0823,11,4,66.5702,228.2270,JPY,BUY,2026-06-27
DBU-14400421-2289,12,5,96.7074,210.3809,CHF,BUY,2026-06-21
TFY-32452687-8779,8,6,71.4221,295.9503,GBP,BUY,2026-06-25
XAO-51895970-7419,7,2,3.5124,67.8462,USD,BUY,2026-06-03
FVY-72895703-2330,11,4,45.0669,384.5537,CHF,SELL,2026-06-06
MCS-02264900-1815,1,10,34.3012,113.0109,GBP,SELL,2026-06-19
DYR-47408787-7391,10,6,99.1324,309.5123,JPY,BUY,2026-06-21
BWT-29215331-3516,5,7,28.0441,369.6786,CHF,SELL,2026-05-25
HHI-87324549-1385,6,3,44.3350,382.4659,GBP,SELL,2026-06-01
PGA-68373567-1209,13,8,67.3575,137.0924,JPY,BUY,2026-05-21
HWH-83237955-3414,12,5,25.4713,352.6422,CHF,BUY,2026-06-03
GNT-03627797-8686,4,3,19.4175,219.5583,CHF,BUY,2026-05-19
NBX-76785501-3911,7,5,91.4962,301.3068,GBP,SELL,2026-06-04
LKZ-40425247-9085,1,6,55.8338,74.2066,EUR,SELL,2026-06-17
RQG-10784754-0455,4,5,14.2900,131.7526,CHF,BUY,2026-06-22
QAT-54280633-1764,1,8,63.2830,139.7707,GBP,SELL,2026-06-01
SEZ-31426927-2244,6,6,9.0219,71.7417,GBP,SELL,2026-06-05
OZA-17643359-8579,15,1,38.4934,232.9159,CHF,BUY,2026-05-24
HJO-24798015-9832,15,10,11.3469,417.2020,GBP,BUY,2026-06-09
RVG-98557822-4724,10,8,94.5657,297.5717,EUR,SELL,2026-05-29
NID-40841375-5271,12,3,79.7970,257.8578,EUR,BUY,2026-05-26
KPN-71713275-1645,8,8,34.2492,241.5397,GBP,BUY,2026-05-20
VZS-19746879-2295,9,10,39.0752,396.5880,GBP,BUY,2026-05-26
JCT-50733791-0262,10,7,18.9383,306.8149,CHF,SELL,2026-05-18
WDD-84025242-2684,7,1,67.2129,202.8567,EUR,BUY,2026-06-14
NSL-17675044-1311,14,3,18.7335,422.4153,GBP,SELL,2026-05-22
TJM-02545377-1637,13,4,82.2880,10.1175,GBP,BUY,2026-06-03
GTG-88193766-5009,8,8,95.9714,96.8178,JPY,BUY,2026-05-18
EYL-34786988-9131,9,1,68.7836,257.3164,EUR,BUY,2026-06-19
TSR-97584779-5888,11,7,21.0433,96.8160,EUR,BUY,2026-06-25
UAB-46022874-5193,12,6,50.5103,432.3101,GBP,SELL,2026-06-16
KIV-28118707-9645,9,8,18.4934,478.5720,CHF,BUY,2026-06-03
BTG-92387237-3068,5,3,18.4186,17.7941,USD,BUY,2026-06-05
QGU-17276547-9533,5,6,40.8424,432.7742,USD,SELL,2026-05-25
PFQ-82903026-2366,7,3,45.4578,37.8397,CHF,BUY,2026-05-29
ITI-96545245-2163,14,7,45.8447,499.4115,USD,SELL,2026-06-24
AKU-39541932-2192,4,3,80.0994,162.8542,JPY,SELL,2026-05-12
ZJG-32416809-4947,11,8,46.2972,414.6971,CHF,BUY,2026-05-07
LME-20950771-3620,13,8,38.0024,236.1399,GBP,SELL,2026-06-26
FVG-22762991-3886,12,5,53.4760,130.2277,USD,BUY,2026-06-10
IPU-55967896-1685,5,9,60.3706,176.8977,CHF,BUY,2026-05-17
MTH-85151539-5260,9,8,57.9052,201.5237,USD,BUY,2026-06-12
BRQ-74247104-4970,12,10,76.6425,464.2082,USD,BUY,2026-06-29
DBI-29287722-5181,12,9,72.4861,167.8800,EUR,BUY,2026-06-29
UEP-87545115-7216,14,2,70.3496,282.2090,USD,SELL,2026-06-26
TCF-71484512-8019,14,6,46.4030,328.3122,USD,BUY,2026-05-23
SWV-69434559-4487,6,8,71.1377,309.9488,GBP,BUY,2026-05-20
PHO-27907648-8790,15,5,17.4641,458.7074,USD,SELL,2026-05-30
OVO-68650652-7343,10,7,25.0911,171.2001,CHF,BUY,2026-06-16
UPA-35923912-6019,2,4,98.3874,136.7703,EUR,BUY,2026-06-05
IFQ-44342342-1283,6,5,78.6034,392.1245,JPY,BUY,2026-06-06
QHW-96720761-1025,7,6,34.9447,124.2029,JPY,BUY,2026-05-28
VLN-96363157-0815,8,3,81.5293,225.5900,USD,SELL,2026-05-28
TWT-85269211-6160,9,3,62.5146,470.4127,CHF,SELL,2026-06-01
QSL-95039688-8146,13,9,75.5732,200.4714,EUR,BUY,2026-05-23
KYN-54042263-1599,13,4,94.7008,294.9671,GBP,BUY,2026-06-18
DSY-45274734-9763,10,3,61.8567,147.2033,CHF,BUY,2026-06-09
NJT-47587168-9169,7,9,61.0547,363.8740,USD,BUY,2026-06-04
WLI-16508259-9869,14,6,58.7995,230.6266,USD,SELL,2026-05-09
RKB-00667730-4795,14,2,73.8959,208.0352,EUR,BUY,2026-06-03
IEH-47463482-9097,7,9,87.4598,418.7000,GBP,SELL,2026-06-20
OWL-35114937-3625,12,7,51.0396,372.4962,JPY,BUY,2026-05-22
ZOK-80507098-9669,15,5,26.9078,400.5499,GBP,BUY,2026-06-14
FOA-18436601-6360,1,10,66.2763,284.3118,CHF,BUY,2026-06-11
XEO-15133293-3181,11,9,64.0358,233.3783,GBP,SELL,2026-06-17
OYE-37280389-1132,14,5,39.4934,71.6517,GBP,BUY,2026-06-15
SDC-45303304-1701,10,6,38.7542,295.0393,JPY,BUY,2026-06-17
IUI-31260196-9350,10,2,52.1277,377.3592,EUR,BUY,2026-06-01
VUA-62901152-7317,13,2,4.1118,176.6653,GBP,BUY,2026-05-25
APS-82821589-7026,9,9,91.8003,414.5571,EUR,SELL,2026-06-25
HNH-81911558-9718,5,5,13.6884,114.0330,USD,BUY,2026-05-07
WRV-25479229-5191,2,9,35.8781,174.1826,EUR,SELL,2026-05-26
YCK-78255058-3131,11,7,23.3323,418.7360,GBP,BUY,2026-05-28
AZM-50558788-8716,7,5,48.4421,322.5561,JPY,BUY,2026-06-13
ZFD-19963641-3543,15,1,30.7886,465.7533,GBP,SELL,2026-06-14
PAE-56222027-4108,6,10,25.2032,352.0589,EUR,SELL,2026-05-22
VYZ-84740009-1904,11,6,1.1074,182.1524,EUR,SELL,2026-05-27
OYT-83197989-7174,13,1,58.0248,74.9838,EUR,SELL,2026-05-14
UAM-97448079-1649,5,6,96.8570,322.3155,USD,SELL,2026-06-29
PIS-49623116-9539,7,3,10.5496,189.4889,EUR,SELL,2026-06-16
DWW-89195886-7216,14,8,59.8207,267.7256,USD,BUY,2026-06-14
EBY-12786991-9816,10,9,69.5756,128.6488,EUR,SELL,2026-06-10
UKD-86245812-0608,13,9,5.1140,423.9584,JPY,BUY,2026-05-28
WNR-69108388-7706,15,2,93.1963,358.1760,CHF,SELL,2026-05-24
WBU-03923963-2558,10,6,55.9598,410.6859,CHF,BUY,2026-05-31
ZGR-43764492-7396,15,5,90.0008,45.0144,EUR,BUY,2026-05-25
GER-22304272-5554,14,10,78.1914,430.9041,GBP,SELL,2026-06-23
EFI-36175658-5855,10,9,59.0051,424.4711,JPY,SELL,2026-05-28
AAH-91422516-9088,5,5,54.3832,225.6467,JPY,SELL,2026-05-28
RBC-84635451-1485,1,5,96.4641,442.2047,JPY,BUY,2026-05-27
CPS-35671652-3493,14,1,98.1986,404.6166,USD,BUY,2026-06-24
WDN-08281784-2796,8,4,13.0880,493.9451,USD,BUY,2026-06-18
ADY-50536256-8699,14,5,21.4126,31.1949,USD,SELL,2026-06-17
DST-82834681-4172,14,5,97.5007,313.8778,JPY,BUY,2026-05-20
ZPQ-98578200-7981,1,8,36.4178,127.8375,GBP,BUY,2026-06-10
ENA-49596005-0110,1,9,53.6028,243.9588,CHF,BUY,2026-05-26
OMK-10507898-1815,8,3,53.8432,159.8716,EUR,BUY,2026-06-16
OJY-96190405-6732,4,4,60.8712,350.3334,CHF,BUY,2026-06-15
RUT-29966283-7506,12,6,43.4526,211.3555,GBP,SELL,2026-06-04
ZLS-30553861-4348,14,1,4.5024,139.2910,GBP,SELL,2026-05-31
OGC-14566366-0888,11,4,23.8768,355.2903,GBP,SELL,2026-06-01
NAL-35931533-9193,7,4,69.0629,61.1163,GBP,SELL,2026-06-27
LRP-56345861-6362,9,7,40.5170,131.9487,GBP,BUY,2026-05-22
YXV-65780772-6650,1,1,98.9933,48.4990,CHF,BUY,2026-05-23
XGA-15554968-6418,12,1,97.1447,55.3209,EUR,BUY,2026-05-29
JHK-94872093-4379,4,2,73.7151,438.2599,USD,SELL,2026-06-21
GRC-57892961-5781,11,3,90.4734,235.0710,USD,SELL,2026-05-26
RHJ-14130345-9371,11,1,44.8747,431.0055,CHF,BUY,2026-06-01
OAN-75505569-2640,2,4,21.8626,116.0335,EUR,SELL,2026-06-14
LVC-76979166-0743,14,6,34.6460,367.6602,EUR,SELL,2026-06-01
HFZ-41433175-6233,2,1,25.0159,249.9910,USD,SELL,2026-06-05
SVT-55607661-0935,14,3,71.0353,214.2785,JPY,SELL,2026-05-28
MDK-19001756-8489,3,7,67.1501,289.0356,CHF,BUY,2026-06-21
BFV-62808237-1797,10,3,28.0076,17.6775,GBP,SELL,2026-05-29
LRS-59293099-8350,14,9,88.3935,431.6984,JPY,SELL,2026-05-19
CTN-59766786-1958,8,1,75.8729,65.8767,CHF,SELL,2026-06-24
VKS-49752329-3781,1,10,47.6457,51.9181,JPY,BUY,2026-06-18
QBC-90160119-4867,7,3,80.9474,385.3793,JPY,BUY,2026-06-14
XLM-74776356-3776,6,10,34.1302,202.5454,GBP,SELL,2026-06-10
MJE-45171779-3968,4,8,96.8819,88.4621,CHF,BUY,2026-06-23
LOJ-16052947-1017,7,10,20.4137,492.5314,USD,BUY,2026-05-25
XCS-85835287-6523,5,1,37.2292,327.9588,JPY,BUY,2026-06-05
HIJ-60024923-2109,4,8,15.1621,416.2739,GBP,BUY,2026-05-29
XFA-14330471-9383,5,6,87.6317,100.1679,GBP,SELL,2026-06-12
QPV-64746119-8954,14,10,33.1586,377.1016,USD,SELL,2026-05-27
UGB-59696149-4073,4,3,38.1098,34.5325,EUR,SELL,2026-06-02
MRU-28912782-9295,1,4,37.0319,207.1210,GBP,BUY,2026-05-27
PQB-57578120-2934,8,6,76.7953,28.7889,JPY,SELL,2026-05-22
IWX-33334779-2709,11,3,4.2188,212.7754,EUR,SELL,2026-05-31
SWA-43653933-7365,11,9,17.0590,91.1895,CHF,BUY,2026-05-13
FYJ-02177088-0725,3,5,58.2053,218.2826,USD,BUY,2026-05-27
RUT-27308367-1120,6,1,81.4964,271.0551,USD,BUY,2026-06-19
SFO-24960689-6936,9,7,75.5139,491.0006,CHF,BUY,2026-05-29
EBH-80753246-1668,10,10,98.5056,353.1998,GBP,BUY,2026-05-24
VUM-74725682-5953,15,6,24.3827,494.0624,EUR,BUY,2026-05-16
NOC-62882791-6090,7,10,33.6248,444.2931,EUR,BUY,2026-06-11
NZM-59000219-3031,11,6,47.0989,489.7799,EUR,SELL,2026-06-26
ETL-95005248-9104,1,5,34.6894,288.9672,GBP,SELL,2026-05-17
XOM-22346676-6234,12,6,72.8152,401.5758,CHF,BUY,2026-05-26
QAA-73164553-5547,6,2,46.9350,498.9368,EUR,SELL,2026-05-29
IUJ-86619363-0048,12,9,44.1898,199.1854,USD,SELL,2026-06-04
YTT-05744488-6053,13,8,14.4845,161.3198,USD,BUY,2026-06-29
GJK-35781121-6102,11,3,49.5765,330.5953,JPY,BUY,2026-05-13
HVG-28555400-7750,8,2,81.0163,252.5928,GBP,SELL,2026-05-30
SJN-59138124-3461,15,8,64.5399,244.9318,EUR,BUY,2026-05-27
XBW-97035176-5814,10,2,91.8203,281.0572,GBP,BUY,2026-05-24
ONC-34555617-8509,1,1,84.3064,18.1348,USD,SELL,2026-05-21
GSH-50936446-4552,12,8,19.0895,140.7800,EUR,BUY,2026-06-06
JMQ-95657821-1728,3,9,5.7834,45.9983,JPY,SELL,2026-06-07
UQE-66383319-4538,8,3,69.9266,221.7329,USD,BUY,2026-06-03
TMO-96720173-6184,1,1,26.3893,299.1422,EUR,BUY,2026-06-01
YDI-18196131-3778,14,4,51.0314,23.2387,JPY,BUY,2026-06-05
BXF-86104628-1975,7,6,65.3864,281.2138,GBP,BUY,2026-05-28
LFY-22626763-9064,9,2,64.1710,356.0288,USD,BUY,2026-05-28
TNT-25494225-4289,2,8,80.9633,343.0831,GBP,BUY,2026-05-26
YDD-37108961-1603,14,5,4.2264,93.1441,JPY,BUY,2026-05-18
JAV-68118539-7613,3,3,36.1082,272.8494,GBP,SELL,2026-05-30
ASA-28746425-8093,10,3,71.0366,36.2821,CHF,BUY,2026-06-13
NOW-00020904-1962,4,1,71.2750,334.9454,EUR,BUY,2026-05-24
CUN-70072913-2183,11,3,76.5274,373.2509,USD,BUY,2026-05-20
RTE-55768223-8299,10,7,53.8833,485.4867,JPY,SELL,2026-05-20
PSE-31649649-8660,7,3,74.4307,37.7442,GBP,SELL,2026-05-23
FOD-13698879-2941,15,3,70.5665,325.5877,CHF,SELL,2026-05-21
LHF-05034690-7367,2,3,42.3926,341.6874,CHF,BUY,2026-05-20
IWO-28690192-4949,12,9,27.2125,157.7888,CHF,SELL,2026-05-29
ZFF-93053282-3605,2,9,95.4494,169.2692,EUR,BUY,2026-06-12
MLL-18820042-5465,13,7,56.6494,234.8348,GBP,SELL,2026-06-01
HYQ-32971073-3736,12,6,21.9080,320.5088,EUR,SELL,2026-05-31
ZWX-90195800-1073,14,3,26.8768,464.7168,JPY,BUY,2026-06-02
KJF-88703386-3763,5,6,11.0969,102.4303,JPY,SELL,2026-05-26
ECT-55732862-7002,3,9,63.6980,335.1555,USD,BUY,2026-05-26
VRJ-54258025-0859,10,5,82.9045,363.5300,GBP,BUY,2026-06-22
ODD-85889904-8680,6,9,53.5271,157.8980,CHF,SELL,2026-06-24
XFS-16244749-8860,3,5,18.6839,74.0493,GBP,SELL,2026-05-28
XBE-91730790-3098,8,1,28.6972,395.8127,JPY,SELL,2026-06-14
FXO-43274390-6474,3,7,77.4458,307.3060,CHF,BUY,2026-05-28
JEO-32065699-4318,9,9,49.7127,242.8520,CHF,SELL,2026-06-16
YMC-61984772-6907,4,4,44.1942,72.6400,GBP,SELL,2026-05-31
IIZ-08585474-2086,5,7,9.2021,54.8186,GBP,BUY,2026-05-20
XNK-07964470-9269,2,6,14.6588,229.0393,EUR,BUY,2026-06-04
VBL-05702865-6908,11,2,95.4958,155.9698,USD,SELL,2026-05-31
XZN-67364565-6276,7,5,73.6507,275.9174,EUR,SELL,2026-06-13
XDM-36878745-1404,12,7,54.3416,413.2305,CHF,BUY,2026-06-14
MQV-28028788-5424,3,3,24.9626,457.7605,JPY,BUY,2026-05-27
NVS-08015661-5057,6,3,7.7580,91.6979,EUR,SELL,2026-05-31
NXC-84915089-2976,6,10,28.1405,118.6121,JPY,BUY,2026-06-21
VBR-59616670-6426,11,7,43.6388,164.3836,JPY,SELL,2026-05-29
GOA-69631169-4793,6,6,40.4140,375.0939,CHF,BUY,2026-06-22
QAW-56935735-1218,11,10,41.8705,207.0907,USD,BUY,2026-06-21
VXP-89542572-8423,4,7,94.6655,333.5030,GBP,SELL,2026-05-22
XAX-21158156-2536,8,1,1.0894,479.7837,CHF,SELL,2026-06-14
ZNI-99203173-5466,6,7,68.5408,281.2426,CHF,SELL,2026-05-26
FTB-83671956-4859,8,1,63.0037,363.9015,CHF,SELL,2026-05-27
MKR-81673989-6061,9,10,92.3893,422.4135,GBP,SELL,2026-05-29
JGZ-53006369-2678,8,1,27.5056,277.4773,EUR,BUY,2026-05-25
FYX-60795561-9957,11,1,43.7523,459.1874,EUR,SELL,2026-06-07
ABP-49687193-1353,14,2,3.6926,69.5670,EUR,BUY,2026-06-11
MRZ-06140290-8720,9,3,98.9451,360.8878,CHF,BUY,2026-05-25
UQN-25724738-4015,2,10,45.7881,22.5650,CHF,BUY,2026-05-23
CJD-59707144-4259,3,2,99.2381,472.9406,EUR,SELL,2026-06-17
XQW-98910729-0970,10,7,73.5604,239.0612,EUR,SELL,2026-05-30
CLY-34890986-7778,7,9,37.8184,372.4799,JPY,BUY,2026-05-17
GKX-30067100-3923,7,10,94.8702,16.0719,EUR,SELL,2026-06-01
TYX-41979509-7475,4,9,88.5495,489.1352,USD,BUY,2026-06-29
DXY-27085928-3545,5,10,87.6171,287.4974,CHF,SELL,2026-06-19
XOC-69380314-8930,15,2,74.9157,211.1977,JPY,BUY,2026-05-25
FIF-01643103-8532,9,9,36.0519,70.4443,CHF,SELL,2026-06-27
EMJ-61940331-0320,11,5,84.2083,66.6979,USD,BUY,2026-05-22
UZA-87134494-0585,8,2,20.9321,460.1143,GBP,SELL,2026-06-06
HZK-96072707-2711,3,5,72.9868,333.7662,EUR,BUY,2026-06-06
ZGA-06680393-6259,7,5,23.6927,109.7175,EUR,BUY,2026-06-15
LNI-81603075-9595,10,6,54.4884,373.5018,CHF,BUY,2026-06-06
ZJM-44992999-2079,13,5,1.4218,240.7392,CHF,SELL,2026-06-15
IHK-19413824-7409,2,8,5.4761,33.2321,GBP,BUY,2026-06-03
ANJ-37223338-9205,3,10,89.2137,10.7964,JPY,BUY,2026-05-21
GCD-75103230-5714,8,4,11.6213,169.0722,USD,BUY,2026-06-24
LIP-23098276-0917,14,3,58.6012,65.6021,GBP,SELL,2026-05-20
DOD-51146650-7484,14,9,24.1030,51.4442,EUR,SELL,2026-06-14
NGW-85782856-9499,11,2,19.9384,496.6609,JPY,BUY,2026-05-26
WVR-79653657-0675,1,3,61.4593,372.9716,EUR,SELL,2026-06-24
GDF-12618263-5983,3,9,67.9872,189.5400,JPY,SELL,2026-05-21
FTZ-10121044-5032,2,6,44.5325,43.9978,CHF,SELL,2026-06-02
TYZ-65140730-4996,14,10,32.1160,487.5102,EUR,SELL,2026-05-19
XMQ-90708791-7122,2,5,89.9752,10.8492,GBP,BUY,2026-05-29
BVL-62999431-5315,1,4,8.1927,146.4608,JPY,BUY,2026-05-21
IJA-94809317-8475,6,3,23.7262,334.4494,GBP,SELL,2026-06-27
UKM-43348438-8374,1,10,37.5825,437.3978,GBP,BUY,2026-06-01
QNM-06199090-2072,7,9,41.3893,129.0781,USD,BUY,2026-05-20
JXC-67757120-4156,12,1,20.7495,174.3169,JPY,BUY,2026-06-05
IWY-60779446-2359,12,9,82.1233,238.3932,JPY,SELL,2026-06-23
FVN-14941931-6777,14,5,71.1736,241.9782,CHF,SELL,2026-06-04
XVK-78756010-1350,10,9,44.1778,249.6364,EUR,SELL,2026-05-21
OPI-95324578-3223,15,6,16.6146,296.6056,CHF,SELL,2026-05-22
YGN-64773463-8000,3,5,84.2457,348.7579,CHF,SELL,2026-05-21
JDK-99454053-4852,3,9,48.0400,58.0100,EUR,BUY,2026-05-28
TML-51378347-4635,7,4,17.0864,85.7795,EUR,SELL,2026-06-12
UZK-01372924-3986,7,2,23.1123,184.2639,EUR,BUY,2026-06-03
DSG-47205936-8761,13,1,73.9118,119.8692,JPY,SELL,2026-06-05
EZF-89558269-8786,15,5,23.6105,285.9415,GBP,BUY,2026-05-23
OWC-75048770-8868,12,5,73.5084,35.4567,JPY,BUY,2026-06-16
MGT-50079595-4106,11,9,44.2308,431.5532,GBP,SELL,2026-05-22
SPU-53331636-5546,2,7,62.3713,338.5947,JPY,BUY,2026-05-17
LYH-25833302-9970,7,3,63.7452,166.7304,EUR,SELL,2026-06-15
PBH-95455447-3831,12,3,58.1536,181.9660,GBP,BUY,2026-06-06
GAJ-23622138-2564,12,7,1.7112,30.3268,CHF,BUY,2026-05-27
IIM-13605694-2540,3,7,39.9148,482.5554,EUR,SELL,2026-05-29
WYX-42675554-7639,6,1,35.2490,401.5908,CHF,BUY,2026-06-05
XQS-17726074-9799,13,9,27.2796,364.7488,GBP,SELL,2026-06-22
KIR-68497965-6118,9,8,21.9146,164.8916,EUR,BUY,2026-06-20
EPH-37747750-1861,8,2,65.3794,462.0675,EUR,BUY,2026-05-21
EKG-66904915-3947,12,10,34.1577,109.9739,EUR,SELL,2026-05-21
KYJ-74531743-9643,3,5,41.0360,362.3194,USD,BUY,2026-05-31
EQI-47506286-0376,7,2,89.6723,316.9196,USD,SELL,2026-05-22
QHG-90214655-7430,10,8,12.5140,277.8102,USD,SELL,2026-05-24
VLD-56910639-4878,5,8,19.6100,292.2593,GBP,BUY,2026-06-23
GAU-20797640-5371,15,4,68.0327,151.2317,EUR,BUY,2026-06-03
XZG-92226726-5183,8,9,58.5725,90.3854,EUR,BUY,2026-06-04
SUR-68254125-8434,1,8,66.1491,161.8036,EUR,BUY,2026-05-20
HRQ-86155672-2398,2,5,76.6246,131.9766,EUR,BUY,2026-06-03
PJX-95501211-0360,15,5,63.8946,148.9047,USD,BUY,2026-06-25
RHN-97059545-6595,7,2,12.3229,329.4224,CHF,SELL,2026-05-16
HKL-61199670-4307,3,6,93.6049,451.9552,JPY,BUY,2026-06-21
FRJ-29696039-5473,9,1,54.2490,426.0262,JPY,SELL,2026-06-19
KZV-31273886-1811,5,2,19.1267,175.3185,USD,BUY,2026-06-05
HAW-70724217-5815,12,8,99.7983,146.7094,USD,SELL,2026-05-28
XZV-18250653-0936,14,10,48.6196,483.2649,EUR,SELL,2026-06-20
QPF-60246064-0751,15,5,49.5608,378.4760,CHF,BUY,2026-05-18
GPM-20501032-9141,6,4,29.5571,422.5924,GBP,BUY,2026-06-11
PRT-83241213-0574,1,5,80.9676,77.3167,GBP,SELL,2026-05-24
YKB-93903715-5434,10,7,91.2065,437.8860,JPY,BUY,2026-06-10
PXY-24080709-6143,8,1,77.6177,478.5177,EUR,BUY,2026-05-29
RHB-48926252-2030,7,9,60.1155,94.7766,USD,BUY,2026-05-19
ONW-09802358-0781,7,9,8.4085,157.1544,USD,SELL,2026-06-17
LRE-52872208-2387,15,7,85.6199,102.7317,CHF,BUY,2026-06-29
PVF-16345264-7584,15,3,75.3241,145.0626,USD,BUY,2026-05-27
NCG-09652667-0266,7,10,40.2897,384.2536,EUR,SELL,2026-05-17
LYQ-54338414-5753,9,1,90.3952,281.6400,CHF,SELL,2026-06-22
MUU-55221974-8890,4,1,81.8221,41.7683,JPY,SELL,2026-05-28
IPO-39817797-2925,2,5,46.4064,270.6763,GBP,BUY,2026-05-21
KEK-03031359-5102,1,5,56.9319,480.1585,GBP,SELL,2026-06-25
SNU-25614825-2037,14,6,96.0474,406.5639,GBP,BUY,2026-05-25
HIG-51696713-7396,10,6,23.2742,46.7448,USD,BUY,2026-06-04
GEL-86297217-0317,12,10,8.5041,139.3623,CHF,BUY,2026-06-01
YRI-91822843-2317,11,3,82.0227,366.0074,JPY,BUY,2026-06-22
UCK-21271891-9802,2,4,21.2100,115.0996,EUR,SELL,2026-05-26
DZY-88855449-5351,10,10,96.6511,483.2473,USD,SELL,2026-05-20
LEM-47331858-9344,14,4,76.3530,108.2849,USD,SELL,2026-05-13
HMC-56901101-7352,2,1,37.6072,421.9945,GBP,SELL,2026-05-23
MTC-38254386-5470,11,8,45.5250,337.0724,GBP,SELL,2026-06-09
VFA-93153817-0571,1,6,38.8540,146.9180,GBP,BUY,2026-05-22
EEU-97727964-1356,5,5,75.3400,19.0551,CHF,SELL,2026-05-31
CQD-71838197-1095,9,10,92.0971,217.9241,EUR,BUY,2026-05-21
KCR-34032600-1497,12,10,49.5364,324.3111,USD,SELL,2026-06-11
RUA-92105329-7297,15,4,73.3550,448.8881,JPY,SELL,2026-05-31
BLC-35426538-5863,3,10,8.9884,327.6633,USD,SELL,2026-06-11
WNG-73584155-4933,3,8,93.5206,40.2926,EUR,SELL,2026-06-05
FHB-19627961-4109,4,9,7.9975,288.2164,JPY,SELL,2026-06-02
QCU-05658006-4185,10,6,51.1558,498.1906,CHF,BUY,2026-05-22
ZZL-61511634-1262,13,10,79.4070,466.8698,CHF,SELL,2026-06-05
GAA-99211609-0850,11,2,1.4981,295.2735,EUR,BUY,2026-05-31
GJW-95621030-2240,12,9,68.0333,304.5172,JPY,BUY,2026-05-20
TCW-10819661-1428,6,1,55.2657,300.6885,GBP,SELL,2026-06-06
KQY-44140368-2463,4,6,16.6843,30.7654,USD,BUY,2026-06-12
NSQ-03990761-9863,14,4,47.3115,34.4600,GBP,SELL,2026-06-07
GER-94432480-6260,10,5,17.5689,212.7332,EUR,SELL,2026-05-29
DYW-89703308-0952,13,4,45.6337,445.8141,CHF,BUY,2026-05-16
DBP-85807184-2292,7,8,61.2036,114.6866,CHF,SELL,2026-05-26
XZB-32959312-3686,2,7,60.1388,161.9770,CHF,BUY,2026-06-11
EZP-47614198-1339,1,1,41.4177,307.4256,EUR,BUY,2026-06-10
LON-16794571-0187,12,1,95.9714,286.6750,CHF,SELL,2026-06-08
IPY-42352310-0675,9,10,45.9033,449.5001,JPY,BUY,2026-06-21
AKW-71502681-7640,15,1,18.8776,19.6394,GBP,BUY,2026-06-18
EBN-83543409-9484,14,2,81.9153,15.3306,EUR,BUY,2026-06-29
SAI-10997205-3560,1,4,93.4420,216.7428,EUR,BUY,2026-06-20
PDX-96314557-1764,6,4,71.7953,309.9205,GBP,SELL,2026-05-24
VGU-94043379-0669,8,6,90.8761,39.0931,EUR,BUY,2026-05-26
KJV-67691484-5800,6,6,95.1936,399.4709,GBP,BUY,2026-06-15
YWY-73671824-3892,5,2,91.9860,398.5909,EUR,BUY,2026-05-25
YKH-30835751-5013,7,6,37.5700,54.0340,USD,BUY,2026-06-02
OSD-18007848-4478,13,7,98.2933,210.8301,GBP,SELL,2026-06-06
WWW-27139873-1248,5,1,24.0610,380.9081,GBP,SELL,2026-06-20
VYJ-16258110-4368,3,10,22.7006,231.2109,JPY,SELL,2026-06-16
JLH-69869674-7807,4,10,72.0242,162.4286,CHF,BUY,2026-06-18
KBM-94021043-7493,12,1,89.1434,378.8389,CHF,SELL,2026-05-22
HFZ-55609456-9922,11,7,17.5273,468.1370,USD,BUY,2026-05-27
IBK-84829991-2137,13,5,60.3769,12.0787,EUR,BUY,2026-05-31
MKC-20087107-2408,3,5,69.8581,413.7779,JPY,BUY,2026-05-27
VVF-52167243-2859,4,6,41.0708,390.1890,EUR,BUY,2026-05-18
MGF-50086805-9438,5,7,35.1272,252.0934,JPY,SELL,2026-06-17
DPM-04972143-2134,9,3,88.5084,364.6748,USD,SELL,2026-05-29
SAL-13765965-4472,5,4,67.1306,399.3181,JPY,BUY,2026-05-29
BPJ-98090431-5386,2,9,19.1511,381.4834,USD,BUY,2026-05-26
BGE-71401122-3503,3,1,69.0538,235.5267,CHF,SELL,2026-06-10
YDO-12443804-6766,12,8,25.0654,400.8992,GBP,SELL,2026-05-26
KLN-12599921-5170,7,6,59.6148,28.7021,GBP,SELL,2026-05-31
YGX-98787246-6575,2,1,90.9989,372.6221,CHF,BUY,2026-06-19
UKH-71957273-1132,10,8,51.7215,254.2013,GBP,BUY,2026-06-13
TFK-44782867-9011,1,5,88.6354,255.1360,EUR,BUY,2026-05-26
OVK-91273480-7556,5,7,2.0112,351.2426,GBP,BUY,2026-06-17
NIA-02011354-2323,11,8,9.2785,118.6877,CHF,BUY,2026-05-22
IZX-71999779-5011,11,7,40.4031,410.6764,JPY,BUY,2026-05-22
KHO-67252882-7216,1,6,39.6312,151.1594,CHF,BUY,2026-05-25
MZX-53305978-6295,11,8,1.7327,237.1330,GBP,SELL,2026-06-20
FZE-25971239-6009,2,8,55.8172,479.4843,USD,BUY,2026-05-22
BNO-97909346-9370,7,2,18.9321,492.0461,USD,SELL,2026-05-26
LRJ-16444545-1805,3,5,35.6160,418.9103,USD,SELL,2026-06-16
NNO-04573278-9709,13,8,89.4322,62.4124,EUR,SELL,2026-06-03
OEN-97735760-7109,4,9,37.9087,346.9285,USD,SELL,2026-06-25
CZI-34587155-7260,2,4,15.2303,403.9308,CHF,BUY,2026-05-15
QLD-00501172-6395,3,2,2.8448,260.6707,CHF,SELL,2026-05-26
FLX-99000828-4844,3,2,1.3539,90.7080,USD,SELL,2026-06-20
JYG-96103158-7097,7,3,21.6157,498.5641,GBP,SELL,2026-06-16
KQJ-78525084-4318,3,3,82.4593,212.0857,CHF,BUY,2026-06-23
JDT-13847307-5860,15,5,11.2166,189.3014,JPY,BUY,2026-06-01
SPD-53853759-2125,13,9,77.4756,94.8161,GBP,BUY,2026-06-22
MDI-00977639-5025,3,6,47.6636,456.3919,USD,SELL,2026-06-25
IIL-79783946-9051,3,8,70.2475,174.5808,GBP,BUY,2026-05-25
IVT-20261034-7475,4,6,26.5765,57.9607,USD,SELL,2026-06-12
CLY-17211764-5558,13,1,74.9287,34.6198,GBP,BUY,2026-06-24
ZKJ-36103294-0639,4,7,89.1021,45.1553,JPY,BUY,2026-06-04
FGA-34939818-8256,2,10,15.6505,319.9945,JPY,BUY,2026-06-01
DWN-52212193-6238,2,2,99.7268,58.3924,CHF,SELL,2026-06-23
YLS-63264869-4658,15,2,64.1837,221.2932,GBP,BUY,2026-05-29
IAK-44260564-4092,3,4,80.1692,322.0140,GBP,BUY,2026-06-15
NBV-03209669-7669,9,5,92.2590,317.2157,CHF,BUY,2026-05-14
HBC-66370264-0963,6,7,60.2745,208.5627,USD,BUY,2026-06-01
TSM-35042106-7110,13,1,77.1640,302.4892,CHF,BUY,2026-05-27
CFY-85790806-2642,5,3,65.4539,454.4065,USD,SELL,2026-05-26
JNO-52425526-4482,12,4,15.9986,409.3204,JPY,BUY,2026-06-20
CQZ-50759839-6853,2,1,12.6065,295.4906,GBP,BUY,2026-05-26
QDA-02230531-3922,9,2,42.2079,232.5371,GBP,BUY,2026-05-11
AFP-61439130-9294,13,1,76.3570,114.9505,EUR,SELL,2026-05-24
XYA-58860738-8539,13,6,80.9926,301.9213,EUR,SELL,2026-06-23
GRV-31346149-9521,4,2,81.6245,39.1960,EUR,BUY,2026-06-09
LNV-49192305-4820,3,3,64.8427,318.5676,EUR,BUY,2026-05-18
VBO-99904130-1174,1,1,7.7128,384.5007,GBP,BUY,2026-06-26
QLS-99114815-1585,13,4,16.9533,257.2185,JPY,SELL,2026-06-04
CRT-91632999-4290,1,8,25.7256,39.4411,GBP,BUY,2026-06-26
JEX-21971226-6601,9,8,21.4724,437.5403,CHF,BUY,2026-05-27
GDJ-48783167-1496,8,7,60.0671,53.0436,GBP,BUY,2026-05-14
LKT-55440992-2517,14,5,38.9297,51.1321,GBP,SELL,2026-06-01
YJB-26370864-7546,13,5,22.4450,409.3180,JPY,BUY,2026-05-14
ZZS-16560126-7875,10,9,68.8782,361.4369,GBP,SELL,2026-06-01
FBU-62538563-2482,9,2,74.4932,299.7444,GBP,SELL,2026-05-20
SZM-45340853-6253,8,1,61.2709,417.5306,USD,BUY,2026-05-29
AZA-31433673-6935,13,6,34.1460,18.2598,EUR,SELL,2026-06-22
XYB-60963137-7578,14,1,20.3847,204.7997,JPY,BUY,2026-06-19
GUQ-76789275-3811,9,8,95.7644,387.0313,GBP,BUY,2026-05-24
AVS-50226130-1649,9,3,43.8096,262.8052,USD,BUY,2026-06-24
RDJ-05285570-0210,10,2,94.5604,178.4116,CHF,BUY,2026-05-22
AYC-43844562-2235,3,2,87.6215,293.1520,GBP,SELL,2026-06-11
XJU-29054040-2013,11,10,68.9446,40.8025,CHF,BUY,2026-05-17
WRA-79438031-5854,2,5,44.3651,442.5845,USD,SELL,2026-05-22
EXV-88623211-6146,4,10,27.9946,52.4496,USD,SELL,2026-05-31
BBV-57065307-4226,8,4,48.8947,394.1650,CHF,SELL,2026-06-14
UNG-94301082-1139,2,9,26.5194,276.0484,EUR,SELL,2026-06-27
DCN-34254959-9984,6,6,10.6963,247.7477,GBP,BUY,2026-06-20
GQM-17519020-2377,7,8,81.4667,269.6091,GBP,SELL,2026-05-21
UFO-47414279-3126,7,7,72.1809,292.8594,GBP,BUY,2026-06-22
ULX-54223268-1018,5,4,80.0479,59.2352,GBP,BUY,2026-06-07
VRT-10580625-9662,6,7,93.5158,36.5690,JPY,BUY,2026-05-21
WPP-96989572-9240,9,5,51.3926,273.8982,EUR,BUY,2026-05-31
MYW-30323914-2311,12,9,82.6909,460.3739,GBP,BUY,2026-05-27
ZAB-77589581-4954,1,4,23.4576,493.5640,CHF,BUY,2026-05-23
GTJ-05877628-9306,9,2,62.5594,24.1346,EUR,SELL,2026-05-24
GUQ-96368321-7998,2,10,4.5045,344.0479,USD,SELL,2026-06-09
ZTT-95302638-6863,15,8,11.5984,375.1352,EUR,BUY,2026-06-10
BQS-86340107-9900,1,5,11.4776,179.1539,CHF,BUY,2026-05-14
USB-04579069-1253,3,4,27.8410,408.4026,CHF,SELL,2026-05-20
ZWR-63376871-5305,8,10,76.1593,144.6520,USD,SELL,2026-06-03
XZG-74548110-9102,15,3,26.5096,57.6366,EUR,SELL,2026-06-20
MXU-58360961-1494,13,7,54.4552,357.2712,GBP,SELL,2026-05-22
JCN-79828371-8679,10,4,58.9746,288.3019,GBP,SELL,2026-05-14
ESA-35360142-7979,2,9,6.3295,378.3966,USD,SELL,2026-06-09
IGG-53983509-6307,4,1,47.4256,449.3244,GBP,SELL,2026-05-31
KRB-81153550-5448,2,1,20.5353,227.3156,EUR,BUY,2026-06-03
WRZ-70384022-1706,6,7,82.9636,131.2859,USD,SELL,2026-05-13
PGH-86933969-7754,5,7,73.8184,296.8091,EUR,BUY,2026-06-22
OMY-80646730-9419,1,3,81.7962,302.6182,CHF,SELL,2026-05-22
NDP-67266266-5876,5,3,88.1183,443.8395,JPY,BUY,2026-06-15
NBU-45457166-4212,3,1,19.3170,401.5379,GBP,SELL,2026-06-10
SJL-50761217-0748,8,9,67.2031,64.5060,JPY,SELL,2026-06-01
EAB-96666855-6651,4,10,53.8311,483.1340,EUR,BUY,2026-06-06
KYT-81813305-9233,3,6,48.6697,209.0238,EUR,BUY,2026-06-05
USM-10102818-9139,5,4,4.3430,200.8940,GBP,BUY,2026-06-27
DWT-30411653-6250,10,4,84.0867,278.8024,USD,BUY,2026-06-22
HJX-25259574-0070,11,8,10.4786,172.0091,GBP,BUY,2026-05-24
RHH-41661270-9728,2,2,7.8509,191.0048,USD,BUY,2026-06-17
NTK-35893311-0090,15,5,85.5536,284.0631,EUR,BUY,2026-06-02
WMQ-55402276-8910,1,8,81.0099,133.7703,CHF,BUY,2026-06-17
SUB-18564073-9526,10,4,72.1551,29.4057,EUR,SELL,2026-05-27
YNO-20079172-5537,6,9,11.1867,408.8710,CHF,SELL,2026-06-07
ALJ-07583741-8795,7,5,55.6913,444.5065,CHF,SELL,2026-05-28
DNR-67589288-6106,9,4,52.3342,55.0341,CHF,BUY,2026-05-25
XRU-27873161-2131,11,9,80.8046,30.4599,EUR,BUY,2026-06-23
WDA-49894301-5704,6,9,68.1884,40.9795,CHF,BUY,2026-06-21
KYH-61750561-4614,8,1,36.1416,443.6887,GBP,BUY,2026-05-23
TIH-09165120-8892,13,6,96.3740,286.4378,EUR,SELL,2026-05-21
BWS-60000295-8198,1,4,37.1715,110.4418,CHF,BUY,2026-05-26
OSL-53042375-0433,5,6,89.7185,311.7553,EUR,BUY,2026-06-03
QYF-77342330-1796,4,10,47.4306,205.2441,EUR,BUY,2026-06-06
ZTN-40667346-1635,2,7,98.2219,14.7599,JPY,SELL,2026-05-24
JKE-16401985-4205,1,4,5.2628,17.6652,USD,SELL,2026-06-04
MXN-22775071-1423,6,5,70.4857,155.9911,USD,SELL,2026-06-19
EEN-79336902-6123,1,6,73.3344,29.6916,EUR,SELL,2026-05-28
VWI-44936626-1701,6,4,63.6773,235.8699,EUR,SELL,2026-06-19
HMQ-19681857-6160,3,5,29.3524,185.6861,EUR,SELL,2026-06-08
GQM-19219992-1836,11,7,4.9084,481.0835,CHF,BUY,2026-05-28
CUD-88094171-8367,15,4,55.6959,362.2584,CHF,SELL,2026-06-13
YLE-22041005-5761,5,6,45.4970,132.6409,JPY,SELL,2026-06-17
JAS-72405005-0767,8,6,62.2590,351.9373,USD,BUY,2026-05-21
PGA-29660628-7409,4,10,39.5781,234.9401,GBP,SELL,2026-05-19
NKG-65733184-8912,7,7,64.2721,97.4037,USD,BUY,2026-06-04
JLH-18182188-1274,14,8,64.0235,102.2105,JPY,BUY,2026-06-23
LXK-88144681-9898,5,6,28.3618,72.8056,CHF,BUY,2026-06-25
PJZ-88587200-7512,4,6,50.3156,72.0179,JPY,BUY,2026-06-06
WBB-42407160-3245,7,8,30.9374,247.8812,CHF,SELL,2026-06-20
NWU-74020385-2126,6,6,28.6965,85.7566,USD,SELL,2026-06-27
ZBJ-71777933-8771,2,7,35.2403,169.0829,GBP,BUY,2026-06-23
LTP-47182771-2604,8,4,13.3411,132.4521,GBP,SELL,2026-05-15
MKC-35830689-4015,9,4,59.1920,432.8445,GBP,SELL,2026-05-26
EHK-01735596-8994,8,7,2.6310,399.3468,CHF,BUY,2026-06-27
AWH-39399430-5906,6,3,13.0695,276.7912,EUR,SELL,2026-06-16
LIN-70200641-9501,1,9,59.4854,342.5147,GBP,SELL,2026-05-21
BYJ-32485454-6397,10,1,84.9258,269.6411,GBP,SELL,2026-06-04
HEJ-94771514-4230,10,5,64.2772,103.9614,USD,BUY,2026-06-09
ZQB-39647261-9413,9,3,56.7245,189.2991,EUR,SELL,2026-05-16
PDV-95757272-8391,5,6,46.4476,270.7091,GBP,SELL,2026-06-24
SUX-83971373-5515,8,4,57.9542,395.4465,USD,BUY,2026-06-18
ERH-76886925-1652,9,7,77.8954,389.0651,EUR,BUY,2026-06-18
OTA-49185499-4389,2,4,28.7273,210.9305,USD,BUY,2026-06-04
GLL-57906865-6244,3,1,65.7990,147.8600,JPY,BUY,2026-05-26
PQA-82076274-2327,9,9,14.9617,453.6788,CHF,BUY,2026-05-28
AAM-04495112-8173,4,7,83.6451,65.1622,GBP,BUY,2026-06-18
QIL-05868781-5953,13,8,90.1515,202.1355,GBP,BUY,2026-06-04
BMC-99163736-0137,13,9,97.4645,182.8597,GBP,SELL,2026-05-31
YCQ-87381568-1846,6,4,89.9644,497.2103,EUR,SELL,2026-06-24
ZTB-15449494-4213,5,10,27.4991,315.7977,USD,SELL,2026-05-29
UDU-02021978-0038,11,8,56.4103,341.6719,JPY,BUY,2026-05-28
SWN-98467152-5348,15,8,27.8830,490.4306,EUR,BUY,2026-06-08
LXX-56354531-9089,1,5,33.7057,214.2063,EUR,SELL,2026-05-22
RRW-34658095-6488,6,6,4.4692,266.0909,JPY,BUY,2026-06-12
DDZ-46951510-0236,10,3,59.0779,323.3338,CHF,BUY,2026-05-30
EPL-64305197-6908,3,2,20.3142,185.0368,USD,SELL,2026-05-12
DBO-23080321-2181,2,10,91.9776,122.9855,GBP,BUY,2026-06-28
XPT-66766849-1273,15,9,94.1461,411.7597,JPY,BUY,2026-05-22
OXW-31791868-8217,5,5,96.7590,168.8221,GBP,SELL,2026-06-02
APF-43950929-1213,9,7,3.2628,445.7875,EUR,SELL,2026-05-31
HSD-96336750-0243,10,2,31.3334,240.1205,EUR,SELL,2026-05-30
BWZ-42823542-7964,7,10,77.4122,418.9981,CHF,SELL,2026-05-25
UKI-43154512-2858,2,4,33.2734,390.9425,EUR,BUY,2026-06-13
DSF-87000503-6036,1,10,32.6404,208.3743,GBP,BUY,2026-06-22
IPV-60417438-9719,1,5,90.5198,363.6424,EUR,SELL,2026-06-28
HDZ-83167867-6760,15,6,40.3612,409.4568,CHF,BUY,2026-06-17
NXU-94222221-3397,3,2,49.3594,295.1924,GBP,SELL,2026-06-01
OUC-41284812-0105,5,2,13.3892,284.2811,CHF,BUY,2026-05-19
LUN-70500238-8262,13,5,92.8801,420.3241,CHF,BUY,2026-06-11
JOG-30705360-1319,2,3,92.1377,177.4022,JPY,SELL,2026-06-14
MAW-11521030-7340,15,5,85.8171,202.5669,JPY,SELL,2026-05-22
LVE-64827108-8365,15,9,69.1775,295.6527,USD,BUY,2026-05-24
ACN-54392503-2190,8,3,44.2898,155.7328,EUR,BUY,2026-05-29
VNH-58656724-7453,13,10,21.6137,65.1654,JPY,SELL,2026-06-02
RXC-07830568-6474,14,8,50.5454,229.5126,CHF,SELL,2026-05-30
DQW-76756713-2499,15,4,86.0214,245.7663,JPY,SELL,2026-06-03
YJM-42897721-5196,11,10,52.8380,340.0789,USD,BUY,2026-06-25
MLH-64329317-8094,2,2,85.5686,339.7871,GBP,BUY,2026-05-20
ATP-96129346-4344,1,5,73.7714,365.2833,JPY,BUY,2026-05-25
ENT-29910527-1384,3,7,95.7054,452.7046,USD,SELL,2026-06-12
HIP-32772559-8759,12,2,19.9975,371.8066,USD,BUY,2026-06-07
USK-11064404-8494,8,9,43.9767,169.8403,JPY,SELL,2026-05-25
QBR-10399327-6185,8,3,6.2940,181.0567,JPY,BUY,2026-05-26
NZA-64782468-9528,4,8,60.1351,38.5235,USD,SELL,2026-05-15
RCZ-82333218-4951,11,2,88.3941,106.5239,JPY,BUY,2026-05-28
NBB-80581367-2952,10,3,47.1113,361.1069,USD,SELL,2026-06-02
MOT-97111830-3871,14,2,20.4706,310.3192,EUR,SELL,2026-05-31
SMC-19142600-0971,12,1,76.7949,34.7464,USD,BUY,2026-06-16
ZZI-73926672-2227,2,9,53.9075,182.8954,USD,BUY,2026-05-15
BYV-18936317-7377,9,6,73.3411,363.8053,CHF,BUY,2026-05-28
NBU-54233211-0818,12,1,69.5456,268.7671,USD,SELL,2026-06-02
NJL-98118106-8899,5,1,31.5392,471.3781,CHF,BUY,2026-06-29
LAN-71062978-7099,12,7,67.5432,62.7880,GBP,BUY,2026-05-31
YMH-68522858-1464,5,4,19.0504,214.3017,CHF,BUY,2026-05-28
FKN-06253809-7741,7,7,83.2787,471.3662,GBP,SELL,2026-06-03
KSB-64603893-1588,2,9,79.6359,436.6638,GBP,SELL,2026-06-03
EKZ-24290271-7668,8,9,3.5358,61.2741,GBP,SELL,2026-06-11
RFR-56218529-6943,7,8,30.6818,352.7328,EUR,SELL,2026-05-22
XOM-64053732-5324,7,3,46.2372,213.5026,JPY,BUY,2026-06-15
NDI-90517416-3681,11,10,83.8321,156.2290,EUR,SELL,2026-06-02
WHJ-46216869-5130,10,1,63.1261,409.3134,EUR,BUY,2026-05-12
GLU-78620076-9871,8,8,60.2661,123.7057,USD,SELL,2026-06-06
NIY-82041078-1975,15,10,19.1082,432.6370,USD,BUY,2026-05-23
UZS-85830942-6391,3,4,51.8483,333.0065,USD,BUY,2026-06-17
NZG-78950104-4312,10,4,85.7689,486.5746,USD,SELL,2026-06-20
QKO-37351429-3998,3,1,42.7339,82.4906,USD,BUY,2026-05-28
TLF-83352302-7780,8,6,95.7927,215.3984,EUR,SELL,2026-06-14
FOK-76340750-7905,11,6,11.5519,266.5502,JPY,BUY,2026-06-20
FDB-49944248-5928,7,1,31.0032,345.2027,GBP,BUY,2026-06-10
YDU-25190906-8200,13,4,36.2858,264.1515,JPY,BUY,2026-05-31
AOR-20972874-3175,2,5,50.1060,302.5788,GBP,SELL,2026-06-20
XLL-44324921-8595,15,4,96.3593,172.1737,CHF,BUY,2026-06-04
AGB-50168545-7942,11,3,47.6637,378.0425,EUR,SELL,2026-06-01
OTU-05320373-1507,10,3,52.9003,207.5694,JPY,BUY,2026-05-22
OFH-52973604-7463,4,3,40.5573,77.4091,USD,BUY,2026-06-22
LMH-23495402-1530,6,1,83.2849,178.5916,CHF,SELL,2026-05-21
YWJ-01182796-1853,12,2,15.4267,250.3057,GBP,BUY,2026-05-25
KRZ-62081998-8015,12,3,48.7450,119.6351,EUR,BUY,2026-06-12
BEP-11215384-7407,11,10,79.3708,112.7887,USD,BUY,2026-05-23
QXP-37592104-7954,3,4,3.4707,414.0135,GBP,BUY,2026-05-11
AYM-53783481-7432,15,3,27.1590,254.0237,USD,BUY,2026-06-17
YCH-59726380-8562,8,3,12.3507,281.8351,EUR,BUY,2026-05-25
OZV-52439224-5481,2,4,13.5659,83.0783,GBP,BUY,2026-06-09
MGE-20094754-7298,8,8,22.5209,348.0481,USD,BUY,2026-06-02
FIX-86314724-2315,10,1,14.3641,63.7918,EUR,SELL,2026-05-11
KLY-93772247-5504,9,5,99.6696,351.9957,EUR,BUY,2026-06-20
RMG-52554601-6368,6,8,26.6210,87.7417,CHF,BUY,2026-05-14
NXY-39873089-3818,7,3,50.9292,41.3223,GBP,SELL,2026-05-23
TVH-45729847-9579,6,9,78.0895,75.8334,EUR,SELL,2026-06-16
QTY-30344363-0585,10,8,65.3920,387.1798,USD,SELL,2026-06-13
RHU-49543643-6682,15,9,99.0203,107.1229,GBP,SELL,2026-05-13
IJD-12955463-9518,5,8,81.1143,221.0510,JPY,BUY,2026-06-01
KCB-10556794-6274,2,4,73.0887,211.7485,GBP,BUY,2026-05-29
XBI-58166905-6447,4,6,3.9453,196.6830,EUR,SELL,2026-06-01
WUF-72836927-0851,10,8,20.7215,455.7735,EUR,BUY,2026-05-20
JAW-93346399-8252,10,9,88.5002,393.8960,GBP,SELL,2026-05-19
GTB-76445503-6738,3,9,6.3549,131.2670,GBP,SELL,2026-05-25
YVK-67402789-2563,11,9,2.9212,416.3084,EUR,SELL,2026-06-16
MON-05059650-8433,2,3,38.0202,422.9510,USD,SELL,2026-06-09
SIK-82045862-4929,5,3,62.2645,345.1999,JPY,BUY,2026-05-25
QFV-35071935-3165,8,1,68.5007,359.4566,EUR,BUY,2026-05-20
PIF-02690235-4627,13,5,73.9077,39.5110,GBP,BUY,2026-06-22
GFJ-18103235-7197,1,2,10.9836,355.2245,JPY,SELL,2026-06-05
HUM-09479718-4539,9,1,20.3336,155.8808,JPY,BUY,2026-05-29
OOS-58947484-5103,1,6,3.2370,156.5999,JPY,SELL,2026-05-22
YBM-26268161-2555,5,10,11.4073,288.1727,CHF,SELL,2026-06-02
ZEK-11948150-7095,13,7,43.4819,276.0010,CHF,SELL,2026-06-20
FPQ-78756013-6328,8,3,99.3107,191.0961,JPY,BUY,2026-05-17
FWN-74197628-5314,13,7,86.8284,436.9638,GBP,SELL,2026-06-19
OMS-33946843-8393,3,8,40.1746,428.0400,EUR,SELL,2026-05-15
PJE-19671060-5186,7,5,61.8858,442.0285,CHF,BUY,2026-06-05
GQY-53101067-5645,2,7,88.2855,367.4374,USD,SELL,2026-06-03
AMH-84957877-9553,3,4,9.1460,337.4326,EUR,SELL,2026-06-08
LXM-82881923-6065,6,7,25.3981,338.7266,EUR,SELL,2026-05-24
KJS-46524680-2213,15,10,70.0290,38.4095,EUR,BUY,2026-06-23
DSL-37347055-7304,4,6,12.6645,83.7684,USD,SELL,2026-05-30
HWK-85185028-2825,7,1,93.6762,87.6933,USD,SELL,2026-06-29
JZY-87100598-3694,3,10,1.3342,398.4307,EUR,BUY,2026-05-15
HEE-78126559-6456,6,6,44.0091,89.2610,EUR,BUY,2026-06-25
ACZ-78910479-0121,3,7,75.2995,207.1360,CHF,SELL,2026-06-27
PZO-20440254-8289,13,8,86.0470,20.8787,EUR,BUY,2026-06-08
IKG-12445476-3500,4,1,99.2141,317.3848,JPY,BUY,2026-06-07
PDT-97631070-0655,3,6,28.6784,298.4537,EUR,SELL,2026-06-19
EPD-77066567-0130,10,6,33.2733,342.8483,EUR,BUY,2026-06-23
OUP-13836026-0516,5,3,76.0748,176.0953,JPY,BUY,2026-05-21
APM-30661585-7954,1,3,48.4059,332.3571,CHF,BUY,2026-06-29
KXS-88468934-3151,14,10,23.3739,431.3220,CHF,BUY,2026-05-25
JEL-09522505-5104,12,3,54.7343,409.6947,USD,SELL,2026-05-16
XUQ-28048176-3218,4,7,1.0075,186.6489,USD,SELL,2026-05-26
KCW-81189328-2874,6,5,1.8094,293.1019,USD,SELL,2026-05-22
GDR-45142548-3042,4,1,61.7569,63.9385,CHF,SELL,2026-05-27
TEE-34083066-4696,4,10,71.6525,352.5493,JPY,BUY,2026-06-06
LNS-32123943-9409,7,9,3.1093,208.9188,CHF,SELL,2026-05-28
RIH-98692091-1123,10,5,60.4284,280.6401,GBP,SELL,2026-05-23
ZWT-67321000-8523,1,8,60.3549,343.0261,GBP,BUY,2026-05-13
SWZ-94452974-6516,12,6,61.8638,364.1742,USD,SELL,2026-06-24
USW-03422154-5864,2,8,48.2529,132.0201,CHF,SELL,2026-06-10
MST-09369818-1631,14,6,12.8921,133.7807,JPY,SELL,2026-06-04
POX-55903064-9409,11,10,49.1666,164.2520,CHF,SELL,2026-05-21
KOF-47709571-6762,14,5,8.5734,115.4221,GBP,SELL,2026-06-01
PPE-04367337-2670,1,7,17.3860,358.0322,CHF,BUY,2026-05-30
WQZ-98101825-3544,8,9,18.7952,376.7649,CHF,SELL,2026-05-19
XKD-42430321-2639,2,2,51.9538,493.7976,GBP,SELL,2026-06-28
PXL-15387188-1029,7,5,16.3777,418.9669,JPY,SELL,2026-06-14
ROD-91256566-6449,10,9,75.1915,232.2685,USD,SELL,2026-05-28
FNT-76714756-4098,10,4,88.7250,492.9775,JPY,BUY,2026-06-10
YUT-82863312-3199,3,8,3.9963,418.2062,CHF,BUY,2026-05-26
NKR-54873550-0445,10,2,80.2374,398.9577,EUR,SELL,2026-06-19
LYV-72583924-8228,9,3,16.3291,195.2406,GBP,BUY,2026-05-30
KUH-30388334-5279,13,4,58.2146,137.5440,GBP,BUY,2026-05-20
QLW-35447214-2742,15,7,66.4218,447.5682,USD,BUY,2026-06-07
ZTH-87956995-4310,3,3,67.6295,383.2447,EUR,SELL,2026-06-24
GOM-40342654-3264,2,1,60.3416,259.3493,CHF,BUY,2026-06-10
LDH-45916707-3418,4,5,53.9083,14.6679,CHF,BUY,2026-06-27
XSJ-83085036-2602,14,6,23.4461,86.1256,GBP,SELL,2026-06-06
UDJ-24749328-2568,2,10,17.8765,16.4850,GBP,BUY,2026-06-17
BME-63485748-4257,4,7,81.3973,328.4560,USD,SELL,2026-06-01
DSC-78437527-1982,12,3,69.4546,441.0522,USD,SELL,2026-06-03
LDE-96560309-2056,7,10,97.6446,387.5314,CHF,SELL,2026-06-16
UMH-81679662-1411,14,2,12.6065,122.2210,CHF,BUY,2026-05-26
XLR-59454206-0373,8,1,58.0937,45.1329,CHF,BUY,2026-06-06
WBU-07395924-2846,11,8,73.4693,209.0007,EUR,SELL,2026-06-16
LEX-06369887-9321,5,5,51.2424,175.4419,GBP,SELL,2026-05-22
UCJ-22113776-0034,12,2,16.6673,172.4858,CHF,BUY,2026-06-27
GYS-65505055-9822,10,8,6.9617,353.2418,CHF,BUY,2026-05-26
ZJI-19394228-0635,13,3,18.3217,159.2395,GBP,SELL,2026-05-22
JHL-11651966-2480,4,2,4.5268,316.3011,EUR,SELL,2026-06-01
YAW-35945739-7415,14,7,35.2853,164.3708,EUR,SELL,2026-06-19
PWH-46652226-4288,15,3,79.8413,130.3250,USD,SELL,2026-05-26
JGZ-92476341-6725,3,9,72.6681,225.4436,CHF,BUY,2026-06-21
ETS-91905120-0402,11,7,43.7141,110.0126,EUR,BUY,2026-05-22
BZP-06719289-2173,15,2,48.9758,429.8538,CHF,SELL,2026-05-23
GTN-98796864-3383,10,10,36.1172,345.8884,CHF,BUY,2026-05-29
EGO-75667682-8150,5,2,6.7207,234.9476,USD,SELL,2026-05-31
KUW-39938705-0850,10,6,16.4430,185.8073,GBP,BUY,2026-05-30
EBS-44169325-4209,11,9,45.7839,492.2650,USD,SELL,2026-06-09
CLH-49591614-3247,6,7,97.1728,437.4057,EUR,BUY,2026-06-09
HLV-47315553-4028,9,4,29.8105,377.7438,CHF,BUY,2026-05-17
HZT-13387126-8245,15,7,39.3024,57.8988,EUR,SELL,2026-05-27
RIF-38158565-3356,1,8,86.0981,343.2021,JPY,SELL,2026-06-29
ZGF-20399590-6120,5,1,87.8016,91.6618,EUR,SELL,2026-06-07
FXA-05893259-7597,9,5,19.6797,215.3214,USD,SELL,2026-06-13
KEK-24919902-6443,12,4,64.7625,249.5935,EUR,BUY,2026-06-24
JUC-11403505-7650,15,2,82.8228,139.4888,CHF,SELL,2026-05-23
ZWW-17297058-3500,3,3,70.9947,488.7235,USD,SELL,2026-06-10
RXU-25139216-8805,14,10,37.3592,66.8116,CHF,SELL,2026-06-25
DAA-46969040-9261,7,8,48.5801,379.8672,GBP,SELL,2026-05-24
VML-17686719-7656,9,2,16.6887,446.9290,JPY,BUY,2026-06-18
AHJ-39435496-4162,2,9,34.4844,121.6081,GBP,SELL,2026-06-25
YTS-26726104-1079,3,7,23.4061,160.8195,USD,SELL,2026-05-27
YGI-54193092-2504,12,6,45.8548,470.8452,GBP,BUY,2026-05-19
HNG-58486241-4732,2,7,62.1604,486.4645,GBP,BUY,2026-05-31
PSC-45653871-4807,11,6,51.7347,372.3684,GBP,SELL,2026-06-11
CDT-80263087-3490,14,6,58.3552,350.6821,GBP,SELL,2026-05-23
ION-28215956-3537,12,6,49.2817,434.2443,JPY,SELL,2026-06-06
JBJ-74343622-3456,13,3,80.9091,253.3942,JPY,SELL,2026-05-21
SYO-48522650-6637,9,4,14.1763,361.8575,GBP,BUY,2026-05-29
KEX-06210225-7758,9,9,1.5628,381.2525,CHF,BUY,2026-05-25
HQN-92121452-7299,11,3,76.2297,358.8044,EUR,SELL,2026-06-28
MVC-50464314-7646,2,3,38.9106,257.4838,GBP,SELL,2026-05-19
FII-17265435-3164,6,4,70.2309,491.3092,USD,SELL,2026-05-23
SDV-17827536-8075,6,4,12.2509,316.8727,USD,SELL,2026-06-08
XFR-87746501-1342,4,6,64.6650,441.3939,JPY,SELL,2026-06-17
WAH-98858780-6581,13,1,30.8225,269.0143,USD,BUY,2026-06-29
LLT-91868596-2369,7,7,20.8166,194.7570,JPY,SELL,2026-05-26
ECZ-79721552-0791,5,4,78.7612,320.5372,JPY,SELL,2026-06-06
FNE-63426875-6344,8,8,43.1582,347.5741,GBP,BUY,2026-05-27
OJE-83968535-9602,8,3,20.8820,428.7437,GBP,BUY,2026-06-15
SCS-26836221-5739,7,5,4.2724,470.3613,CHF,BUY,2026-05-15
BVD-51784307-3170,8,9,73.7643,362.0366,EUR,BUY,2026-06-29
ZXT-96257133-0165,2,2,74.3824,77.6594,USD,SELL,2026-05-21
HYE-88915097-6027,2,4,95.1294,450.0535,JPY,BUY,2026-05-21
UQE-52099447-9891,3,4,91.1162,449.9403,EUR,BUY,2026-05-22
UFW-87943723-5246,15,4,64.3822,393.7412,JPY,SELL,2026-06-23
EYD-87614007-6933,2,5,50.8769,276.4110,EUR,SELL,2026-05-30
TYB-35920988-8908,12,2,17.4423,250.4983,USD,SELL,2026-06-28
QLW-39707640-1261,7,6,41.4480,30.8460,GBP,SELL,2026-05-23
BXR-00701126-7915,4,7,93.1538,313.6545,CHF,BUY,2026-05-29
EAB-18714531-3774,7,5,8.9985,198.9978,CHF,BUY,2026-05-30
KRH-36085080-2309,15,8,7.7552,336.1467,GBP,SELL,2026-05-25
GOQ-16860716-1134,1,8,35.0263,121.8633,USD,SELL,2026-06-26
SIN-50503545-2489,1,3,50.7522,65.3302,CHF,BUY,2026-05-27
TYF-22832156-4491,12,10,75.1850,197.7863,GBP,SELL,2026-06-20
XTL-95734732-1289,7,1,24.3924,96.1255,CHF,BUY,2026-06-15
QWI-52403986-4545,12,8,70.5475,323.7900,EUR,SELL,2026-05-22
QHL-55956711-1304,4,2,39.2197,316.8791,JPY,SELL,2026-06-15
YBM-38838886-2400,10,10,51.5708,356.2940,GBP,BUY,2026-05-26
EPC-19332379-6867,3,9,86.2327,43.2377,GBP,BUY,2026-06-19
ZSA-68693335-1184,10,4,87.8125,424.6728,CHF,BUY,2026-06-17
FIT-14328540-2669,4,4,1.0091,233.6505,GBP,BUY,2026-06-07
WAG-52573300-4954,4,7,62.6114,428.4542,JPY,BUY,2026-06-11
VZB-91867876-1943,13,3,44.0444,284.3123,CHF,SELL,2026-06-04
EIC-78675497-2375,5,2,64.9783,71.2619,JPY,SELL,2026-06-10
YYO-29822303-6172,5,1,5.0277,21.0876,JPY,SELL,2026-05-19
FGT-00759788-7785,15,2,56.2541,19.7286,JPY,BUY,2026-05-27
PZX-89338106-7962,10,6,78.8762,184.1234,CHF,BUY,2026-05-29
CPU-10020250-8979,4,4,46.6779,490.7428,CHF,SELL,2026-05-20
HHC-30020229-7020,6,7,56.6115,118.3832,GBP,SELL,2026-06-18
TFD-61001558-6325,1,5,54.8328,155.4392,CHF,BUY,2026-06-05
VVZ-76738295-8107,6,8,10.7767,29.5238,USD,BUY,2026-06-12
EZR-37896593-3381,10,6,39.0063,53.3929,EUR,SELL,2026-05-19
FXY-04886251-3836,14,8,21.9178,276.5307,USD,SELL,2026-06-27
QVG-84303884-5004,3,3,35.1154,322.5471,EUR,BUY,2026-06-03
IYN-56772174-7571,8,9,49.0388,422.4873,CHF,BUY,2026-05-23
VVX-14238454-3239,6,9,34.1678,380.0216,CHF,SELL,2026-05-27
IFM-69918018-8320,7,1,97.5218,154.0887,USD,BUY,2026-05-28
YGU-65273192-7961,15,9,48.4421,261.1145,JPY,BUY,2026-06-17
TGM-94475794-0493,15,8,79.3600,433.5956,CHF,SELL,2026-05-28
IKH-09681072-0497,7,3,31.7983,38.1917,JPY,SELL,2026-06-26
NXU-86197801-9860,14,6,40.5391,452.4147,EUR,BUY,2026-06-26
QRR-56374978-4764,8,7,32.8256,116.6998,USD,BUY,2026-06-25
GNS-05403358-2600,7,8,66.2175,155.6556,JPY,BUY,2026-06-08
BCL-72049486-5550,9,1,76.8969,16.6986,CHF,BUY,2026-05-29
EFK-32717461-0725,1,5,76.0820,51.5683,CHF,SELL,2026-06-06
SSB-23870496-3303,6,7,75.5869,487.1049,USD,BUY,2026-05-22
JUE-89972402-9886,12,5,33.7847,346.0584,EUR,SELL,2026-05-22
WGK-58560833-9306,12,7,61.5367,375.3200,EUR,BUY,2026-05-31
YGK-47727046-7536,3,9,76.2249,95.5239,CHF,SELL,2026-05-15
MPR-20171234-1935,4,1,27.7921,459.6697,USD,SELL,2026-06-05
QUI-56748034-7599,4,2,24.3662,14.7965,EUR,BUY,2026-06-10
EXK-32971625-9306,15,4,75.9592,383.4065,EUR,SELL,2026-06-21
VKC-55248379-5949,1,3,57.3867,267.3192,USD,BUY,2026-06-01
SUH-62857927-5556,1,3,90.5946,445.5495,CHF,SELL,2026-06-01
FEB-73068979-8465,6,5,93.4378,339.3719,EUR,SELL,2026-05-05
OEL-09107678-1126,6,2,81.1718,396.5996,GBP,SELL,2026-06-11
HUN-19195893-7822,10,10,91.5216,352.2373,USD,BUY,2026-05-28
SFF-58315926-8213,14,8,9.2125,474.2733,JPY,BUY,2026-05-28
ARI-03890265-4494,8,7,19.8185,324.7865,GBP,SELL,2026-06-28
KRH-25484568-6927,6,8,86.5301,49.4161,CHF,SELL,2026-05-18
XRD-82249216-0885,4,6,89.7147,475.7291,EUR,SELL,2026-06-15
KBD-51489352-4289,1,7,11.7458,259.8179,GBP,SELL,2026-06-24
FBP-91376196-6202,10,8,89.3360,143.0974,USD,SELL,2026-05-21
FQU-91665256-1864,7,1,89.8929,208.7324,USD,BUY,2026-05-30
QAN-45139136-5581,8,4,70.1826,353.1373,CHF,BUY,2026-06-15
YLP-73216553-0318,1,5,9.4568,365.3966,CHF,SELL,2026-05-21
TUD-87081148-2376,12,5,27.3191,407.0278,GBP,SELL,2026-06-01
GML-28185427-2776,13,4,33.8622,123.8921,CHF,SELL,2026-06-21
DVQ-13260499-8478,8,7,13.0100,367.4303,EUR,SELL,2026-06-04
CAQ-87783928-5493,14,6,54.0811,436.4906,JPY,SELL,2026-06-01
YJC-62325313-1329,12,9,29.1590,214.1558,JPY,BUY,2026-06-13
REX-51865831-7776,1,9,72.6654,70.4577,JPY,SELL,2026-06-19
OTX-12423159-0210,7,2,17.6635,402.4709,GBP,BUY,2026-06-04
VAL-23072431-2485,2,10,39.8516,193.3231,EUR,SELL,2026-06-03
GIQ-40683876-6919,1,3,78.9933,254.5515,USD,SELL,2026-06-14
SKU-65109005-2323,1,10,42.4171,387.7874,JPY,BUY,2026-06-04
LUA-70218290-0960,5,6,63.3337,50.0057,USD,SELL,2026-05-21
BJB-94075699-7211,10,10,59.2051,333.7062,CHF,BUY,2026-06-22
SJS-99957031-8580,14,7,14.6711,29.8956,JPY,BUY,2026-06-03
DEI-22500540-4586,12,4,46.5810,213.1752,JPY,BUY,2026-06-27
KKT-61405486-4735,5,3,73.1493,445.0890,JPY,SELL,2026-05-16
JBB-95053671-1844,14,2,50.2378,321.2710,GBP,SELL,2026-06-27
JXH-82874317-6069,2,6,32.5498,151.8012,JPY,BUY,2026-05-31
SFE-14488227-9192,1,8,95.0758,31.9884,CHF,BUY,2026-05-25
WXU-98040272-3643,14,8,72.2034,451.8125,CHF,SELL,2026-05-26
MQY-29028158-4117,1,8,7.1534,22.7917,USD,BUY,2026-05-31
FVM-67259898-2199,6,5,15.8429,164.6906,EUR,BUY,2026-05-15
FXL-79836478-6027,11,10,88.6742,258.2553,CHF,SELL,2026-05-16
DDC-25505229-6634,3,1,75.6370,121.5635,GBP,BUY,2026-05-26
QUF-52104619-7579,3,9,22.1603,129.6410,CHF,SELL,2026-05-28
AVN-90884128-4962,15,2,91.1424,210.7334,USD,BUY,2026-06-03
MOB-80027944-0250,5,5,74.1778,177.4804,GBP,SELL,2026-05-23
ZIV-55083050-6208,7,4,76.5625,199.9134,USD,SELL,2026-06-06
DQH-52436078-2128,1,4,93.0168,369.6326,CHF,BUY,2026-06-06
QNJ-23113418-9701,12,8,30.3210,180.4796,CHF,BUY,2026-05-27
CUM-46192495-0649,14,5,55.2966,242.4458,JPY,SELL,2026-06-19
JCX-95096804-2439,9,2,87.0009,435.9783,GBP,SELL,2026-06-23
BEL-99178773-7531,3,9,74.4818,376.6940,GBP,BUY,2026-06-17
FLK-66150205-6154,4,5,7.1912,206.2048,JPY,SELL,2026-05-26
TJR-76922987-5547,11,6,94.7418,311.8173,JPY,SELL,2026-05-30
FYS-64694250-3654,13,2,93.5717,431.0898,USD,BUY,2026-06-22
ICT-37164147-3968,6,6,46.2409,355.0296,CHF,SELL,2026-05-21
JPX-11576492-5836,4,10,63.1909,250.9111,EUR,BUY,2026-05-26
QUI-82422607-8098,2,5,60.4038,338.1856,CHF,SELL,2026-06-20
ZAR-21048844-8277,13,3,33.2890,423.9884,USD,BUY,2026-05-26
LZD-90919660-9164,11,7,48.4800,434.7783,CHF,BUY,2026-06-17
FJB-61153115-7334,13,5,91.3501,386.8456,USD,BUY,2026-06-09
VOF-68249101-2016,4,5,72.9849,444.3444,GBP,SELL,2026-05-24
VPF-96219166-0891,4,6,92.4170,194.1675,EUR,BUY,2026-06-02
MSP-46322975-4979,3,2,35.6025,76.7454,JPY,BUY,2026-05-21
TUC-75807725-3142,6,4,91.3776,122.5208,USD,BUY,2026-05-19
MRI-45583510-4140,6,3,20.7103,113.6484,CHF,BUY,2026-06-27
XNN-29549606-9731,10,9,35.7206,144.6606,GBP,SELL,2026-06-29
MQJ-66770456-6181,13,6,18.6462,470.0321,USD,SELL,2026-06-05
UOR-98301127-3175,4,2,27.8252,341.6142,CHF,BUY,2026-06-17
WZR-30967790-6416,14,8,88.4346,416.1173,GBP,SELL,2026-06-02
SZN-43962191-3206,5,8,87.4119,124.2074,USD,BUY,2026-05-23
XHI-19110850-5459,2,4,17.2904,489.3170,USD,SELL,2026-05-31
PAF-10978305-2898,4,1,65.9345,340.7429,USD,SELL,2026-06-01
GKI-91744153-6898,9,9,39.7769,392.5209,JPY,BUY,2026-06-22
UUC-81647473-1365,12,10,94.6205,374.5583,EUR,BUY,2026-05-17
KMC-98864176-1592,14,10,67.3273,370.7359,USD,SELL,2026-06-25
JFQ-40181174-1338,14,10,13.5569,44.7872,JPY,BUY,2026-05-23
KUJ-71920789-7373,8,1,60.7751,246.7486,GBP,BUY,2026-06-26
AYI-28621134-5798,11,8,84.3942,405.5974,CHF,SELL,2026-06-28
YMM-19669417-8450,14,8,6.9321,141.5913,EUR,BUY,2026-06-03
UFG-98394694-7529,3,2,15.3971,285.0780,GBP,BUY,2026-06-08
NBA-30815337-3598,12,10,67.7368,336.1262,GBP,SELL,2026-06-01
OHD-28629494-3697,12,7,7.9564,301.9821,GBP,BUY,2026-05-30
MZM-37045904-4686,14,1,43.0736,108.0768,USD,BUY,2026-06-21
GCG-51711862-8954,2,10,56.2821,218.1070,CHF,SELL,2026-06-08
OXC-37532977-3153,1,2,71.2886,292.2087,USD,BUY,2026-06-07
AZZ-72586386-9223,4,4,91.9125,61.1998,GBP,SELL,2026-06-19
PHL-86021145-1561,5,2,76.8136,164.8348,EUR,BUY,2026-05-18
BJE-02994379-1358,12,2,61.3046,214.8171,CHF,SELL,2026-06-04
JOD-81911332-7171,7,1,94.2767,228.7422,GBP,BUY,2026-05-30
URT-93068479-3905,9,7,97.5436,108.3143,CHF,BUY,2026-05-28
JZB-86187220-4546,12,4,29.3417,91.3507,JPY,BUY,2026-06-03
TDU-94289352-0431,10,4,11.7577,287.1761,CHF,BUY,2026-05-30
JOJ-23194247-7369,6,3,25.5393,148.3789,JPY,BUY,2026-06-28
NJS-77491358-3742,6,6,33.8491,470.3708,GBP,SELL,2026-06-15
EEF-81442813-4285,1,10,42.8419,231.2949,EUR,SELL,2026-06-16
FEA-54013514-6578,2,2,65.1010,439.9455,JPY,SELL,2026-06-05
CHG-29081663-4881,5,9,51.8676,72.0627,JPY,BUY,2026-05-24
ETH-50938655-6592,14,1,37.4144,459.5677,EUR,SELL,2026-05-31
NGY-64724707-3249,13,5,16.4264,287.2469,CHF,SELL,2026-05-25
MFK-32552006-1255,1,3,39.9373,29.9225,JPY,SELL,2026-06-10
LPQ-98001031-0027,15,4,18.9614,448.7342,GBP,BUY,2026-05-19
MLE-47927123-9273,5,8,83.7628,113.0032,USD,SELL,2026-06-29
RNP-81871145-1144,5,5,34.3145,484.6008,USD,SELL,2026-06-09
TDQ-49461526-8060,15,6,95.1851,406.4320,GBP,BUY,2026-06-05
NKN-48372061-7479,4,9,14.7231,328.7633,GBP,SELL,2026-06-21
WFJ-00191994-9421,14,8,67.5388,421.6845,CHF,SELL,2026-06-20
BLN-59205667-3335,15,4,26.2397,248.6483,CHF,BUY,2026-06-07
LTF-87061391-2079,4,9,50.2111,104.9237,CHF,BUY,2026-05-30
MEX-91206661-7298,4,5,72.0388,210.7428,USD,SELL,2026-06-22
YIN-05738463-2366,5,3,57.1336,403.2612,CHF,SELL,2026-05-19
AUF-06453248-5722,1,1,36.0382,58.6638,JPY,SELL,2026-05-19
WVG-97153774-9925,13,3,84.0625,10.9900,EUR,BUY,2026-05-22
TVN-23174741-3534,12,8,81.8811,361.8038,USD,SELL,2026-06-04
WKS-87750425-5377,15,3,63.1902,473.1711,CHF,BUY,2026-05-20
RSE-00008418-9211,15,9,69.1459,32.2614,CHF,BUY,2026-05-29
ERK-27486717-8978,6,4,47.3426,145.9606,CHF,BUY,2026-06-20
BJF-31824773-7656,3,1,80.0281,87.0426,EUR,SELL,2026-05-26
VAO-72492677-9361,1,6,45.2567,97.6507,CHF,BUY,2026-06-22
FGZ-71955655-8580,12,4,83.6690,283.8022,GBP,BUY,2026-06-12
QRN-10327122-4138,11,6,10.4602,448.7508,EUR,BUY,2026-05-09
GUZ-32190277-5318,11,7,55.0486,196.8690,JPY,SELL,2026-06-22
ZMX-60064214-5603,11,5,1.9049,144.2937,CHF,BUY,2026-06-02
PCS-62435531-9881,3,8,71.0608,179.4390,CHF,BUY,2026-05-16
PQK-25380252-6220,13,7,58.8775,118.8882,GBP,SELL,2026-05-31
QGB-27287138-6750,10,5,95.1892,357.5752,EUR,SELL,2026-05-22
YMK-30627131-2979,7,6,47.6206,34.9651,CHF,BUY,2026-06-23
WGH-25100698-6931,14,8,22.2088,380.9387,CHF,SELL,2026-06-05
CEI-06990539-8597,12,6,70.6452,449.3836,GBP,SELL,2026-05-26
CPO-08650293-9799,7,4,78.9087,366.9178,EUR,SELL,2026-06-18
NTC-59917685-3978,15,2,2.4466,396.6770,EUR,BUY,2026-06-02
RWJ-42836330-8517,15,6,2.9003,69.7819,CHF,SELL,2026-06-16
UVG-01299788-8650,4,10,90.7531,33.1005,USD,BUY,2026-06-28
ZLT-79390572-9312,15,4,50.9247,38.8109,USD,SELL,2026-06-24
RBV-77483945-7393,3,8,37.5932,403.2351,EUR,BUY,2026-05-22
FDZ-74824454-1730,14,7,91.2306,239.0472,EUR,SELL,2026-05-30
SNV-79574082-0483,7,5,86.8929,79.9239,USD,SELL,2026-05-30
RRM-55026195-3527,10,1,64.5538,197.3806,EUR,SELL,2026-05-26
UNV-06494508-0831,5,4,47.7021,110.3758,USD,SELL,2026-06-19
PKE-37702363-6700,15,8,84.5714,246.2003,GBP,BUY,2026-05-22
QDR-92100030-6817,13,1,25.0550,487.5610,CHF,SELL,2026-06-19
EBR-81890291-4161,11,6,9.4495,362.4996,CHF,SELL,2026-06-28
GNA-07282005-7023,12,1,4.4968,179.6771,EUR,SELL,2026-06-26
ZVD-40476389-1438,11,3,2.8513,420.6645,EUR,BUY,2026-05-26
CFG-29511601-2137,4,1,41.3628,429.5295,GBP,BUY,2026-06-06
HLE-08074041-9944,8,8,11.0243,453.1528,USD,BUY,2026-05-24
IZU-95162860-7208,5,3,54.6840,274.0343,JPY,BUY,2026-06-05
TDG-12366223-1274,15,3,63.2948,253.7666,USD,SELL,2026-05-27
BMM-44933650-1397,10,1,67.5550,462.8244,CHF,BUY,2026-06-28
AYE-53071445-0306,3,5,14.4047,165.9195,USD,BUY,2026-06-12
EXR-73586127-8842,1,4,56.7760,79.1221,USD,SELL,2026-05-21
SFT-27385651-8462,12,1,94.2529,259.4035,GBP,SELL,2026-05-26
WMV-39375541-2648,8,7,64.0010,437.7606,USD,BUY,2026-06-18
BRM-56632761-6881,10,5,61.1535,144.5131,USD,BUY,2026-06-01
ROV-63085041-1465,13,9,49.8831,484.7671,JPY,SELL,2026-05-18
BSI-47981717-7190,11,6,15.3362,313.1323,EUR,BUY,2026-05-28
XKG-78267346-2716,10,9,3.0079,322.5083,CHF,BUY,2026-06-10
VTT-69886614-7188,1,6,94.5383,34.3526,CHF,SELL,2026-05-17
WTC-83067101-0235,1,2,81.6126,263.1983,CHF,SELL,2026-05-23
RER-70396544-9279,14,5,41.3633,77.5936,GBP,SELL,2026-06-29
GZW-98036065-3111,1,4,86.1916,277.0739,JPY,SELL,2026-05-18
RRB-66386297-4538,4,10,7.1917,151.7823,GBP,SELL,2026-06-18
WJT-18588662-4584,12,10,28.8452,58.2477,USD,BUY,2026-06-14
IUU-33223650-1688,13,5,4.2878,47.9083,GBP,SELL,2026-05-29
GMD-42929097-0539,8,2,75.8465,29.3666,EUR,SELL,2026-06-16
QHQ-15648660-4460,1,6,18.9776,238.9512,USD,SELL,2026-05-22
NDR-06869894-5468,1,8,73.2549,94.1944,USD,SELL,2026-05-25
LXA-42575461-4620,5,7,15.0172,204.4083,USD,SELL,2026-05-28
LMV-33235761-2972,2,3,53.5866,108.3635,CHF,BUY,2026-06-19
ERT-79044855-0673,12,4,63.3796,372.4185,JPY,SELL,2026-06-13
TEM-32506640-7888,6,4,56.6689,403.7209,CHF,SELL,2026-05-30
OQG-93214043-0479,14,9,3.8840,265.6035,EUR,BUY,2026-06-29
ZNL-49378666-4454,14,9,46.3175,492.0513,CHF,BUY,2026-05-25
JXJ-44332299-9101,12,5,38.4368,22.2728,GBP,BUY,2026-05-24
AUF-55729494-5030,1,8,78.6187,439.7178,JPY,SELL,2026-06-06
RSG-05907495-2710,6,6,89.2961,175.6250,JPY,SELL,2026-06-01
KSU-18065682-8678,2,7,10.9496,289.9135,GBP,SELL,2026-05-22
NWP-25429391-5881,9,6,86.6360,153.8808,EUR,BUY,2026-05-27
GOM-31656563-6985,15,2,78.0295,242.0162,CHF,SELL,2026-06-24
PRI-51189237-8821,2,4,49.4610,195.5681,USD,BUY,2026-05-27
VPX-66299230-9404,3,3,64.6118,68.8658,USD,BUY,2026-05-21
VDM-83024439-0756,6,7,5.3340,129.9611,GBP,SELL,2026-06-25
YSG-59764377-8422,2,6,41.4890,461.6277,GBP,SELL,2026-05-23
IMI-23089082-9977,8,3,13.7215,485.3762,JPY,BUY,2026-06-02
QZP-67154682-5600,9,3,25.3886,252.0178,GBP,SELL,2026-05-23
RHE-35636611-1287,15,8,57.3612,249.3121,USD,BUY,2026-06-11
NAE-79075790-9754,14,1,33.0800,218.7650,EUR,SELL,2026-06-29
EPP-26317097-9068,1,5,11.2912,308.9574,EUR,BUY,2026-06-03
MEO-13217383-6530,9,3,72.0605,70.3261,JPY,BUY,2026-05-23
NQM-61084697-8667,12,3,77.3064,455.7706,USD,SELL,2026-05-29
BHR-03038820-4250,9,6,36.5307,139.8698,CHF,SELL,2026-06-29
PQY-80930828-5808,2,2,64.8491,280.4474,GBP,SELL,2026-06-20
GED-21209472-8044,10,2,96.4684,34.2090,EUR,SELL,2026-05-29
EZB-95043818-8457,5,9,65.6947,262.0566,JPY,BUY,2026-05-19
ITU-68367529-8329,9,8,19.4089,208.3283,GBP,SELL,2026-06-24
UKF-44106069-5285,9,6,24.0117,384.2420,EUR,SELL,2026-05-17
ZTG-42711951-0713,2,5,50.2578,113.1037,CHF,SELL,2026-06-09
JJV-67357320-5386,8,4,51.6733,329.6606,USD,SELL,2026-06-29
OQY-48108039-8404,8,5,1.2876,396.0658,EUR,BUY,2026-06-19
KMO-09219500-7884,6,10,1.6410,314.2403,JPY,BUY,2026-06-22
HSY-41029512-6387,10,1,87.4979,364.6803,USD,SELL,2026-05-18
IHA-41300243-3347,2,4,3.5636,55.0107,CHF,SELL,2026-06-28
BSK-72803069-4168,1,2,39.9318,130.6058,USD,SELL,2026-05-14
RRH-69194827-6435,8,9,74.9792,344.3516,JPY,BUY,2026-05-25
WET-41243751-7818,15,5,68.6401,218.6964,CHF,SELL,2026-06-03
RJY-74061763-2705,10,6,61.2372,84.9834,USD,SELL,2026-06-16
GSZ-55832874-7078,1,6,80.6476,329.5679,EUR,SELL,2026-05-29
MLQ-46911340-7654,2,2,33.0132,293.7640,USD,SELL,2026-06-21
EEQ-38423119-9781,10,3,46.6314,109.0196,EUR,BUY,2026-05-24
FJT-99923669-5881,9,2,18.5527,95.3088,CHF,SELL,2026-05-28
ASQ-18384093-1867,6,8,11.6977,68.4405,USD,BUY,2026-06-01
WKX-12646740-6333,4,10,96.9815,81.7738,USD,BUY,2026-05-17
CMF-80630399-1177,4,8,59.8408,377.2099,JPY,SELL,2026-06-23
HEC-33067791-8765,15,6,83.3078,152.4889,JPY,BUY,2026-06-22
EZI-79173162-8502,8,3,59.2154,364.8517,EUR,BUY,2026-06-03
NKJ-35555165-5477,1,9,99.4847,117.0700,GBP,SELL,2026-06-04
YXR-19614887-4982,7,6,83.9577,239.5634,CHF,BUY,2026-06-01
QTT-15031374-4637,14,3,25.5906,480.0906,GBP,SELL,2026-05-27
RYB-82002902-8075,7,4,55.6065,368.9863,USD,BUY,2026-06-26
SEQ-07571112-0220,13,7,64.2122,419.9470,EUR,BUY,2026-05-15
LLF-11649576-6632,1,8,30.6370,330.9931,EUR,SELL,2026-05-26
CSP-18303205-0445,7,7,31.7482,318.6316,JPY,BUY,2026-06-19
UNS-44886297-3186,6,8,42.4045,118.2565,JPY,BUY,2026-05-23
ETW-64493211-6187,11,3,40.1034,403.5016,EUR,SELL,2026-05-25
YYG-67695766-6943,3,6,17.5888,151.1452,EUR,SELL,2026-05-25
NEF-10699950-5661,8,6,82.2956,341.4898,USD,SELL,2026-06-26
BBV-82825114-5906,1,4,72.8238,439.1693,JPY,SELL,2026-06-01
VSM-21215923-3624,5,5,86.3527,22.9254,CHF,BUY,2026-05-27
MTY-53045506-7988,11,2,2.0716,150.8896,EUR,BUY,2026-06-21
CZH-37190543-2006,5,6,57.5428,214.1167,CHF,SELL,2026-05-19
RBC-10400690-5520,9,5,96.6388,157.8345,GBP,BUY,2026-05-23
CKI-97319055-3286,15,2,61.1252,397.5553,JPY,BUY,2026-06-15
NPP-14905317-4776,14,2,49.0778,165.6847,CHF,SELL,2026-05-24
MIH-53915743-9660,4,7,62.9681,444.5803,JPY,BUY,2026-05-23
PXU-42974926-4471,13,3,94.1435,465.7133,EUR,SELL,2026-05-30
BKV-16973258-6007,4,7,37.0635,285.7052,JPY,SELL,2026-06-21
MAT-25343401-2197,5,8,35.6813,192.2578,CHF,BUY,2026-05-26
QNO-81705837-6390,11,2,4.8995,334.4494,GBP,SELL,2026-05-26
UBU-45574917-2261,8,7,79.8876,69.9027,EUR,BUY,2026-05-29
NEK-92347492-3418,3,5,81.2737,471.0629,GBP,SELL,2026-05-30
DIT-68533440-4648,3,6,13.1291,199.6342,EUR,BUY,2026-05-24
TVW-65169958-3419,12,1,67.4165,34.1078,GBP,BUY,2026-05-30
AOX-94592977-8472,12,2,61.7647,203.8710,JPY,SELL,2026-05-30
BMJ-23372627-7470,7,6,95.4392,333.4937,CHF,SELL,2026-06-23
YZH-67565560-2589,6,9,64.9781,368.8985,JPY,BUY,2026-06-10
AIZ-94494706-1009,7,2,34.6907,393.6304,CHF,SELL,2026-05-20
MVU-05828444-7221,7,6,64.7195,125.3537,JPY,SELL,2026-06-15
IHY-21090124-7407,3,4,80.6467,103.4319,GBP,SELL,2026-06-05
QHJ-27464850-1571,7,5,67.7408,62.7897,EUR,SELL,2026-05-24
PSB-08993695-3958,10,6,13.2407,447.7626,EUR,BUY,2026-05-20
YGS-41589488-0381,6,7,39.7579,144.0711,EUR,BUY,2026-06-16
BRN-76384794-1305,6,2,81.3944,310.6693,CHF,BUY,2026-06-12
DVZ-72637585-0649,3,1,30.4804,297.4721,CHF,SELL,2026-06-29
QSF-74103760-7469,15,1,21.3762,199.4777,EUR,SELL,2026-06-27
FQP-81127932-7359,3,3,68.3034,24.0411,GBP,BUY,2026-06-13
HZG-21046713-7831,8,2,88.2090,367.9696,EUR,SELL,2026-05-27
UUW-89184388-4102,3,3,58.2780,296.3170,USD,BUY,2026-06-13
VPR-05565704-6461,6,8,94.1596,81.3811,GBP,SELL,2026-06-05
QWB-34927395-6697,6,8,27.7388,143.2895,JPY,BUY,2026-05-30
EWG-75950521-4032,7,5,58.0562,463.0896,EUR,BUY,2026-06-11
BUN-57998030-0954,1,8,73.6651,391.3686,CHF,SELL,2026-06-03
SXS-97463042-4410,9,8,58.3725,358.1502,USD,BUY,2026-06-01
BYL-76317777-1176,15,8,53.7909,348.2525,EUR,SELL,2026-06-09
PZJ-56699959-5765,14,4,56.9807,143.2772,EUR,SELL,2026-06-28
CDE-85050075-8975,2,3,33.9612,292.5053,JPY,BUY,2026-06-23
POK-50801323-8686,1,10,64.4870,378.1514,EUR,BUY,2026-05-22
GLD-60762663-8255,4,6,75.7304,86.0644,JPY,SELL,2026-05-27
YER-25654561-0749,14,9,27.2746,384.1816,CHF,SELL,2026-06-16
MFP-49214905-8662,9,6,13.2925,174.7736,CHF,SELL,2026-06-17
DZP-39887166-4356,7,5,12.1265,212.3854,USD,BUY,2026-05-30
JFW-88205656-5518,9,10,70.4763,360.4830,USD,BUY,2026-05-31
QAR-07300290-6206,15,1,97.6210,236.2777,CHF,BUY,2026-05-23
ESR-09578225-4486,5,7,40.5484,89.9295,CHF,SELL,2026-05-19
CIV-61911441-4454,4,2,35.7582,444.0069,JPY,BUY,2026-06-14
NSM-51572131-7387,15,6,10.0856,428.7954,CHF,SELL,2026-05-30
BHT-26271346-1723,7,9,96.5553,195.4830,CHF,BUY,2026-06-01
SJB-92943435-9725,6,5,72.1419,128.3472,GBP,SELL,2026-05-21
RDI-11803918-6328,4,7,81.5630,367.2903,CHF,BUY,2026-05-23
XIX-69972809-3170,4,6,73.8024,214.7773,GBP,BUY,2026-05-20
LOF-49327381-5152,9,5,10.0083,233.4864,CHF,BUY,2026-05-14
CJP-67528716-7716,1,2,15.4769,14.8745,EUR,SELL,2026-06-23
HWK-60985843-0134,1,10,6.7135,50.8865,JPY,BUY,2026-05-28
FQH-92837578-9528,3,9,34.7746,287.5152,GBP,BUY,2026-06-21
TLV-52457874-0805,2,4,5.2458,157.6108,JPY,BUY,2026-06-06
DUI-62954913-4712,8,7,32.2938,12.5836,USD,BUY,2026-05-27
HEG-63453343-1113,11,1,33.0464,459.1830,GBP,SELL,2026-05-24
BOZ-35901443-1096,1,3,62.9415,202.2604,GBP,SELL,2026-06-23
LCO-62487652-4101,13,4,44.3683,338.5292,GBP,SELL,2026-06-28
SFG-44673354-7617,12,6,36.5039,227.4335,GBP,BUY,2026-06-10
KEC-13743229-6327,9,1,76.5225,78.7957,CHF,SELL,2026-06-19
BLE-17510890-3621,13,3,93.0018,472.0173,CHF,BUY,2026-05-25
MKY-78811166-3443,10,9,42.2553,155.4151,EUR,SELL,2026-05-18
LSN-83427580-7868,3,4,13.0865,193.3939,USD,SELL,2026-05-27
MRY-39875560-6616,15,8,27.2526,178.6379,GBP,BUY,2026-05-30
DYF-02033319-9228,11,2,30.4113,299.0500,JPY,SELL,2026-06-19
NJQ-83846090-4569,4,6,4.2374,273.9035,CHF,BUY,2026-05-20
TJJ-83383605-8412,9,6,38.7365,113.9799,USD,BUY,2026-05-21
EOO-97693483-5770,10,1,17.0746,442.0261,USD,SELL,2026-06-20
HSQ-97813465-8515,2,9,39.6719,90.0279,JPY,BUY,2026-06-20
AVS-73337784-7605,6,4,28.4384,275.0004,EUR,SELL,2026-05-30
NGB-89203460-5895,7,2,86.1301,248.8635,EUR,BUY,2026-06-02
LJM-69068617-7323,5,8,66.8012,89.3580,GBP,SELL,2026-05-25
LBX-82676787-6078,4,9,89.2590,203.1735,GBP,SELL,2026-06-03
SCV-73154148-1292,12,1,58.7754,157.7272,EUR,SELL,2026-06-25
MVD-34211716-1881,13,6,90.3293,330.7541,USD,BUY,2026-06-11
RTO-20438950-2849,9,5,32.1382,284.1920,USD,BUY,2026-05-30
MWU-98033283-2495,13,2,36.7916,417.6863,CHF,SELL,2026-06-07
QMK-91173632-3652,13,2,10.7143,56.7989,EUR,BUY,2026-05-22
THJ-89001904-5710,14,3,78.6356,92.4569,EUR,SELL,2026-05-21
VCY-34267836-8195,5,7,68.5133,440.4884,JPY,BUY,2026-06-01
NMT-50364368-0645,10,10,88.1994,211.2895,GBP,BUY,2026-05-24
DED-10999659-6028,4,10,48.7019,144.8386,EUR,BUY,2026-05-30
XPT-53405417-4034,9,8,44.4316,198.6169,GBP,SELL,2026-06-16
IPH-97672485-0411,15,5,31.4667,17.1274,EUR,SELL,2026-06-20
UHR-77620950-9793,10,7,3.0757,48.3083,JPY,SELL,2026-05-30
YVR-95922740-0040,9,7,66.4581,243.2809,JPY,BUY,2026-06-07
PUP-78804514-9066,14,7,18.4419,208.8404,JPY,BUY,2026-06-26
UZV-35608956-8657,7,5,67.8692,134.8014,JPY,BUY,2026-05-21
DSP-35357283-9461,5,4,17.2181,21.1018,EUR,BUY,2026-06-24
KNU-16928325-1818,6,2,80.1650,282.9249,EUR,BUY,2026-05-24
FOL-36677480-3367,13,7,24.4177,499.1955,EUR,BUY,2026-06-14
IQO-17551312-8984,6,7,16.3782,496.0297,JPY,BUY,2026-06-05
DLG-06228138-9356,14,9,78.0271,164.0028,USD,SELL,2026-05-22
CIQ-64276981-9183,5,3,92.5942,135.2846,EUR,BUY,2026-05-11
LTV-59450237-2642,7,10,39.8590,156.7782,GBP,BUY,2026-05-24
MBW-96919023-9510,15,8,46.1523,100.0640,USD,SELL,2026-06-22
MJW-13964786-7037,5,4,87.8645,12.6846,GBP,SELL,2026-05-26
KWL-60737126-9513,11,9,92.4631,466.8872,GBP,BUY,2026-06-15
GGC-45026200-2171,12,2,24.8965,287.4093,JPY,SELL,2026-05-26
BBC-80075868-0275,12,2,6.9693,354.4948,JPY,BUY,2026-06-21
BRJ-70846388-6520,7,9,58.3594,447.9192,GBP,BUY,2026-06-17
HWM-28867192-2640,1,6,30.1574,61.0367,JPY,SELL,2026-05-18
FOW-48514897-6420,8,5,40.3240,20.8715,CHF,SELL,2026-06-07
LSC-37864245-3006,2,9,13.5075,309.7625,USD,BUY,2026-06-11
IIM-09531026-0800,5,3,79.8497,348.1723,USD,BUY,2026-06-10
JLN-07432441-3436,12,10,23.4537,335.8540,GBP,BUY,2026-06-16
ZSM-14424877-5849,10,7,55.8933,204.1949,USD,SELL,2026-06-20
CRF-95643113-7533,3,3,90.7766,133.6498,EUR,BUY,2026-06-06
SJJ-69431342-8664,7,9,29.0305,269.9920,GBP,SELL,2026-06-20
LTP-36718450-8609,13,6,74.7991,74.9848,EUR,SELL,2026-05-08
DLX-43296184-4928,12,5,31.4495,225.7023,EUR,BUY,2026-05-28
CZK-11697261-8851,6,7,34.4525,177.5914,JPY,BUY,2026-06-17
ANF-84230315-4126,8,2,7.3762,458.4797,EUR,BUY,2026-06-07
SSE-34843778-0815,14,2,84.7927,106.9896,GBP,SELL,2026-06-17
VVP-06369443-0980,13,2,77.3876,71.1023,JPY,BUY,2026-05-31
PBV-84400529-2856,10,9,37.5983,314.0977,CHF,BUY,2026-06-10
BQD-00666063-6761,4,1,31.7268,224.8125,JPY,SELL,2026-05-18
CEK-48166438-3490,3,8,13.4289,24.6997,CHF,SELL,2026-05-26
CTY-22345541-7703,1,2,45.9198,400.0871,CHF,BUY,2026-06-09
PEG-47824848-6993,11,4,56.7418,193.1804,EUR,BUY,2026-05-20
FIV-54520631-8362,1,7,9.5355,204.7724,USD,SELL,2026-05-19
CRO-00937027-4270,14,3,73.5283,156.4850,JPY,SELL,2026-05-30
SDX-37912755-7455,11,4,22.7024,425.5082,GBP,SELL,2026-05-22
KJV-68531141-2872,6,1,38.7910,126.9511,CHF,SELL,2026-06-07
SAN-66695265-6931,2,5,38.5100,228.5212,GBP,SELL,2026-06-02
YTS-80945549-8845,5,3,20.2960,229.7878,GBP,SELL,2026-05-23
CZU-29597694-7648,15,4,80.0497,303.5476,EUR,BUY,2026-06-24
RMV-65633301-7783,3,2,77.3821,338.4162,JPY,SELL,2026-05-27
QSM-92207843-7708,14,8,48.7434,191.2204,USD,BUY,2026-06-03
ERN-13176257-4935,5,5,11.8582,120.5415,CHF,SELL,2026-06-20
SKH-36410822-9176,10,5,51.7631,477.3462,JPY,SELL,2026-06-20
WOJ-79751222-8437,1,8,96.3504,230.5300,EUR,BUY,2026-05-13
DJD-82375274-4020,6,2,1.1534,57.9629,CHF,BUY,2026-05-28
KNO-33265106-4144,12,5,64.7593,371.9692,CHF,SELL,2026-06-12
EBX-40303317-7739,15,5,77.6773,197.2535,EUR,BUY,2026-05-29
NTH-45749382-2709,9,4,22.5082,356.7125,CHF,SELL,2026-05-28
GDS-83936324-0512,13,5,30.8056,496.3518,GBP,SELL,2026-06-04
NQQ-30482017-0157,5,1,19.9517,39.2726,CHF,BUY,2026-05-24
MIM-22557566-1313,2,9,98.1084,261.3002,USD,BUY,2026-06-07
OZL-36519097-1458,4,9,65.4102,199.0004,EUR,SELL,2026-06-01
VZR-93619229-2157,13,4,17.6508,302.5709,GBP,BUY,2026-05-27
WCH-31841603-7996,12,1,65.8407,497.7333,GBP,SELL,2026-06-24
PWW-00367885-3719,2,10,71.9376,322.8072,EUR,SELL,2026-06-22
UNV-03113742-0808,5,8,3.1203,292.1599,JPY,BUY,2026-06-02
NFM-49443369-7509,1,7,1.8114,384.9581,GBP,SELL,2026-06-02
KKL-33072142-8887,8,2,70.9342,324.4080,JPY,BUY,2026-05-11
PNG-87587487-0710,13,5,50.5133,49.5088,JPY,BUY,2026-05-19
NFG-32070977-3674,15,7,98.5059,294.2642,JPY,BUY,2026-06-20
HQX-80860880-1087,10,3,60.5686,42.0820,EUR,SELL,2026-05-21
PBM-00571150-5612,12,6,41.7823,469.4856,EUR,BUY,2026-05-23
LRD-34020916-2109,1,8,45.5205,224.0427,CHF,SELL,2026-05-26
KUX-54656607-6886,11,8,12.2427,400.3178,JPY,SELL,2026-06-03
FRT-97084111-4688,11,10,96.6301,195.5813,EUR,BUY,2026-05-24
GVZ-30487013-7723,6,2,41.9051,350.6008,GBP,BUY,2026-06-15
ABX-49798342-3594,5,1,42.8534,426.5907,GBP,SELL,2026-05-26
YJY-92815790-5253,3,6,7.9606,376.4857,JPY,BUY,2026-06-17
AAT-63974357-0609,1,3,63.1563,34.2759,CHF,BUY,2026-06-04
EPJ-74828067-5922,9,6,68.8863,215.3098,GBP,SELL,2026-06-04
XCI-10884088-4604,2,1,65.4126,232.8824,USD,BUY,2026-06-15
TSJ-51335370-2179,1,5,46.1870,65.7955,JPY,SELL,2026-05-27
UZR-33472384-2368,10,1,99.9152,308.8135,JPY,SELL,2026-05-26
RRL-67565664-2825,15,6,76.6655,475.5229,USD,BUY,2026-05-23
FFY-31858748-5769,3,3,77.9622,148.2398,GBP,BUY,2026-06-16
QQQ-78427100-2534,7,5,54.4055,184.8722,GBP,BUY,2026-06-25
VFH-75265901-9622,8,3,70.1524,75.2235,CHF,BUY,2026-06-03
OIS-11544878-7574,6,4,37.6200,353.1304,CHF,BUY,2026-05-23
NZT-58609720-3580,8,3,83.0980,370.5434,USD,SELL,2026-05-27
ZSS-73422460-9609,12,10,42.4468,264.8308,JPY,BUY,2026-06-14
EGF-16312091-2659,8,7,69.4501,330.6337,USD,BUY,2026-05-31
AQD-86776091-5679,5,1,29.1249,11.2443,JPY,SELL,2026-06-10
OAI-63559010-3415,13,9,78.7102,332.7099,JPY,BUY,2026-06-28
VXF-27887969-8889,10,7,41.3571,296.9341,USD,BUY,2026-05-24
RQE-83774945-6127,1,5,71.3690,365.3597,JPY,SELL,2026-06-02
MIY-30178556-1018,15,8,41.7137,267.2690,USD,SELL,2026-05-21
BWT-34109256-3720,8,7,45.1579,331.5333,JPY,BUY,2026-05-24
FGV-16561028-6410,8,5,86.7676,86.1357,USD,BUY,2026-06-14
CKB-08277415-2780,10,10,15.2080,311.1221,GBP,BUY,2026-06-26
FVD-26606418-2402,9,4,40.9585,82.9855,USD,SELL,2026-06-26
LOQ-17220363-2385,6,1,30.4297,431.9278,GBP,BUY,2026-05-30
EHW-68537165-0868,14,4,2.1760,277.3768,USD,SELL,2026-06-29
EGN-24560848-0683,4,8,72.7076,216.4619,GBP,BUY,2026-05-28
RGZ-54194222-4401,3,5,64.4192,269.3049,CHF,SELL,2026-05-22
MRA-72872648-6779,15,8,94.3865,333.5746,GBP,BUY,2026-06-27
UFW-86657749-3555,9,2,34.1356,206.2340,EUR,SELL,2026-06-01
QYN-26089002-1681,11,6,45.4074,476.0845,JPY,BUY,2026-05-30
LGT-04710590-3093,1,2,36.2973,87.2435,EUR,BUY,2026-06-06
DRV-48814857-0540,7,4,83.2118,188.2844,CHF,SELL,2026-06-27
CNZ-48262177-3077,12,6,87.9671,414.9921,EUR,BUY,2026-06-07
PTN-34258633-7625,5,7,18.9378,381.0872,GBP,BUY,2026-06-29
ISY-96121670-1584,10,2,4.7222,228.0737,GBP,BUY,2026-06-10
DRG-52584595-8118,7,9,10.1472,261.0485,USD,SELL,2026-06-16
REZ-61854236-0926,2,2,35.9463,49.5014,USD,BUY,2026-06-02
BJH-20158064-8306,13,1,4.1462,11.6893,JPY,BUY,2026-05-17
DCX-69740109-8952,2,9,8.5698,132.5077,GBP,BUY,2026-05-27
IEX-65942260-5238,8,1,65.6803,92.7404,EUR,SELL,2026-06-19
GZX-70567021-8049,12,2,38.4320,61.5420,JPY,BUY,2026-05-27
ESN-24861602-9302,8,10,83.1111,334.3759,CHF,BUY,2026-05-26
CQC-61337434-8148,2,9,62.6782,85.1365,GBP,SELL,2026-05-20
VOU-60592216-7942,14,3,19.6225,213.0699,USD,SELL,2026-06-29
KUQ-87295246-5542,3,10,83.1007,454.9633,USD,BUY,2026-06-04
LMC-59013853-4013,5,10,95.0880,164.5086,GBP,SELL,2026-05-27
ZFL-61607855-4431,11,8,86.9405,417.0111,CHF,SELL,2026-05-16
QXS-08649198-5049,3,7,98.6517,383.2895,GBP,SELL,2026-06-10
MXA-27399378-3243,14,2,82.3437,330.3942,GBP,BUY,2026-06-29
TNU-45757597-6560,12,7,94.1731,386.4451,USD,BUY,2026-06-14
QBV-94913307-2590,3,6,24.6145,321.6862,JPY,SELL,2026-06-02
KAN-03002779-0397,11,10,97.9898,158.3892,USD,SELL,2026-05-31
SKI-40497620-0105,13,10,25.2394,297.9495,GBP,BUY,2026-06-18
SDV-06916779-6659,2,2,43.0051,278.7581,USD,BUY,2026-05-31
NHL-68845049-8546,3,6,89.9949,43.4429,GBP,SELL,2026-06-06
BCU-82495938-9517,2,3,42.8093,161.1574,CHF,BUY,2026-06-04
HUU-23552751-8867,15,2,46.2520,43.2727,GBP,SELL,2026-06-01
DHM-75084476-7626,5,2,61.5926,254.0037,GBP,BUY,2026-05-25
AAW-41792553-4757,10,9,51.9137,452.1927,CHF,BUY,2026-06-24
DWJ-97706131-4618,9,1,59.7697,221.3047,CHF,SELL,2026-06-02
RXK-63085544-4090,9,3,52.0256,485.6177,USD,BUY,2026-06-15
RIZ-96599287-8645,3,10,55.1376,424.4284,CHF,BUY,2026-05-11
KLF-59749994-3409,2,9,42.4288,22.6652,USD,SELL,2026-05-29
HAQ-64180284-5129,8,1,32.8671,471.6053,CHF,BUY,2026-05-30
FFY-53759497-1638,13,3,60.5962,341.1820,JPY,SELL,2026-05-22
OQP-52627959-2723,6,5,41.9067,177.6935,USD,BUY,2026-06-04
VOZ-25587461-4144,6,4,78.0964,385.9331,GBP,SELL,2026-05-26
EAU-50188923-9547,9,7,81.3431,431.1566,CHF,SELL,2026-05-28
HAD-00387466-1434,7,3,34.2829,172.7779,JPY,BUY,2026-05-24
PSM-15720891-1018,1,3,97.8570,59.8630,CHF,SELL,2026-05-31
JGH-03439660-3219,13,10,27.7679,231.7868,GBP,BUY,2026-05-25
MQD-29960346-5201,15,9,50.1373,241.4614,CHF,BUY,2026-05-26
TWC-90085899-0745,10,4,95.3031,397.5919,EUR,BUY,2026-05-29
NGT-71265342-5421,1,1,98.1920,98.6086,CHF,SELL,2026-06-24
PHJ-44114004-0251,15,2,50.4142,473.1950,CHF,SELL,2026-05-24
VYP-23595509-5419,8,3,1.1194,418.0041,USD,SELL,2026-06-12
FFK-25350326-4437,14,6,3.0548,482.7558,EUR,BUY,2026-06-09
OAF-95911526-7866,13,5,99.3280,470.1420,CHF,SELL,2026-06-20
VQG-67872637-7751,3,8,98.5499,156.5770,CHF,SELL,2026-06-23
XDW-29744383-1586,11,3,28.3724,482.3664,CHF,SELL,2026-06-10
CZU-61801099-9732,8,10,51.2721,12.5529,EUR,SELL,2026-05-19
DOB-72512000-2925,5,2,69.5405,27.7813,EUR,SELL,2026-05-31
MKQ-45172082-5499,2,5,61.3505,100.6144,JPY,BUY,2026-06-03
LBV-67196745-1770,9,6,93.6825,164.4331,EUR,SELL,2026-05-27
TRR-35431427-7833,4,3,56.8003,393.8694,USD,BUY,2026-06-18
XNJ-55960359-9691,9,8,2.5800,72.5677,JPY,SELL,2026-06-02
NRN-08497674-4505,3,5,63.9411,204.2925,EUR,SELL,2026-06-16
ISX-34208736-2649,14,8,31.3775,88.5615,GBP,BUY,2026-06-02
SIZ-75968961-6628,9,5,81.0919,263.8475,CHF,BUY,2026-06-10
BIC-14748324-9277,7,10,62.2148,26.2298,USD,BUY,2026-05-29
VDL-75830050-2076,14,7,3.2151,453.6858,EUR,SELL,2026-06-04
SVX-52923445-7396,7,2,98.8105,458.3292,GBP,SELL,2026-05-23
HPK-10184337-2876,8,8,10.0210,195.5978,EUR,SELL,2026-06-04
ZBD-59444107-9138,5,3,65.0929,454.8315,EUR,BUY,2026-06-06
LXA-94215695-5368,6,8,53.8647,36.6974,JPY,SELL,2026-05-28
CRQ-89535099-9918,9,1,78.3606,444.5278,USD,BUY,2026-05-21
BGB-71583418-1897,5,5,52.5121,327.8718,EUR,SELL,2026-06-14
RJY-04227482-1333,5,4,71.1758,155.2677,GBP,SELL,2026-05-24
IPU-19131244-2971,10,9,89.4478,235.6277,CHF,BUY,2026-06-04
CHZ-37341572-4473,14,7,87.1830,251.9843,JPY,SELL,2026-06-18
JJG-69635433-7979,4,7,8.6578,128.2240,CHF,SELL,2026-06-07
JDX-24898142-4398,13,4,7.7268,321.0366,GBP,BUY,2026-05-21
CWP-36290430-1220,10,8,5.5388,492.3946,GBP,BUY,2026-06-07
HUZ-14684672-1611,2,7,63.6233,497.9744,EUR,BUY,2026-05-21
AVY-67619337-6686,14,8,45.7166,287.8274,USD,BUY,2026-05-25
JXN-82737411-5687,4,4,38.3601,52.0900,CHF,SELL,2026-05-17
MMP-21839458-0452,6,10,21.7694,226.3443,GBP,SELL,2026-06-03
KNO-79740604-1621,9,6,23.2225,269.0773,JPY,SELL,2026-06-23
SSD-98094708-4579,4,3,35.6313,336.8028,EUR,SELL,2026-05-31
CYM-93850858-7001,3,1,98.6996,263.8786,EUR,SELL,2026-05-22
STJ-63459227-6113,8,9,73.5797,113.8476,CHF,BUY,2026-05-21
QUJ-74391605-3470,14,9,60.2895,79.4581,GBP,BUY,2026-06-23
HHL-00695987-2958,5,4,31.5891,176.7926,EUR,BUY,2026-05-15
DQT-15213634-9581,15,5,43.3110,51.9424,JPY,SELL,2026-05-23
QDA-78254943-8252,6,10,41.3205,353.2075,JPY,SELL,2026-05-31
KVL-18706138-1560,1,10,73.7535,185.6918,JPY,SELL,2026-05-25
YEO-27847647-4709,7,5,21.2797,149.3881,EUR,SELL,2026-05-20
YMA-68810467-3035,8,4,93.0501,437.9890,GBP,SELL,2026-05-31
JAK-43543446-7921,2,1,86.1292,492.4515,EUR,BUY,2026-06-17
VHD-19173826-5441,12,2,66.7428,57.4187,CHF,SELL,2026-05-24
MJO-34929150-7417,7,1,19.9932,412.1186,USD,SELL,2026-06-01
DKP-95203808-3935,8,7,11.0199,487.8967,JPY,BUY,2026-06-07
CYC-22591181-1225,12,8,20.9808,433.2782,JPY,BUY,2026-05-16
OQS-48329768-9883,12,2,49.1704,472.1682,CHF,SELL,2026-06-01
XVE-40599885-9914,3,9,62.1567,396.0427,GBP,SELL,2026-06-13
XDZ-93739273-5444,12,4,31.6615,362.1957,CHF,SELL,2026-05-23
MXX-56711650-4728,12,7,61.6578,160.4059,JPY,BUY,2026-06-09
MPY-55075211-5483,4,4,48.1355,153.6049,GBP,BUY,2026-06-09
DRK-78113010-6198,14,9,38.4900,290.8678,JPY,SELL,2026-06-09
HZH-64201446-1413,1,5,86.0614,126.1653,CHF,BUY,2026-05-26
YDW-12681972-3420,15,4,21.1912,82.9981,EUR,BUY,2026-05-04
FLW-19990157-0212,12,4,5.6200,323.9244,EUR,SELL,2026-05-31
WUJ-31743992-6284,7,8,24.7952,374.8463,GBP,SELL,2026-05-28
SGL-79797485-6341,5,4,99.2948,177.7736,GBP,BUY,2026-05-23
VSL-95807994-2058,12,3,20.7573,133.5189,JPY,SELL,2026-06-24
SXW-19394633-7420,2,6,99.6416,236.1052,CHF,SELL,2026-05-26
VFO-78144853-3479,3,10,90.7499,80.6327,EUR,BUY,2026-05-26
JHI-99347513-8090,10,1,21.1623,398.1592,EUR,SELL,2026-05-31
YCH-92012322-1631,9,7,29.1646,434.0825,CHF,SELL,2026-05-23
FGD-40106958-6004,9,2,14.8099,147.6235,USD,SELL,2026-06-03
SLB-99485544-5070,5,7,98.0069,405.8166,GBP,SELL,2026-05-23
TGH-21409255-9774,6,2,88.1926,289.8995,JPY,SELL,2026-06-01
GWE-35315899-0368,8,4,25.6697,120.6455,CHF,SELL,2026-06-13
KTO-29229932-9035,9,7,53.5233,81.4296,GBP,SELL,2026-05-25
VNY-56444741-7118,10,7,50.6960,187.6641,USD,SELL,2026-05-19
WXH-79268634-9731,6,8,86.0545,150.7021,GBP,BUY,2026-05-26
XVD-03564621-2743,14,5,12.9012,86.4939,CHF,BUY,2026-05-23
PWY-74915852-6999,7,1,52.8950,304.7433,USD,SELL,2026-06-19
WNZ-38286390-3506,9,7,40.3371,220.7716,USD,SELL,2026-05-15
SKB-99432380-4281,4,7,62.9466,332.3834,JPY,SELL,2026-05-17
PAG-42676148-9146,14,8,94.9212,77.6171,JPY,SELL,2026-06-03
ZWB-53175202-9182,13,5,60.1178,212.6250,CHF,BUY,2026-06-04
SWM-83423813-4551,6,5,74.9231,46.3276,GBP,SELL,2026-05-11
UHO-49856065-0812,6,4,16.2806,293.3967,USD,BUY,2026-06-27
WQD-15978352-1482,10,2,49.5249,158.2150,CHF,BUY,2026-06-18
GFG-03136253-7142,8,4,73.2827,179.2314,EUR,SELL,2026-06-26
YOS-82648452-8678,7,3,20.7930,79.1928,EUR,BUY,2026-06-04
IKM-01081054-2031,13,10,73.6796,46.3311,GBP,SELL,2026-06-09
JVU-11074343-7979,11,9,31.1696,74.0813,EUR,SELL,2026-06-14
HBB-03917190-4515,14,5,41.2093,19.2592,USD,SELL,2026-06-24
QIQ-41194634-4533,9,9,25.3407,162.6624,USD,SELL,2026-06-01
XDY-06093540-1020,4,4,62.9314,323.7207,JPY,BUY,2026-06-15
QIY-01904696-3568,7,3,92.2930,340.2037,GBP,BUY,2026-06-09
AKM-06589100-6503,13,2,83.6818,499.1558,CHF,BUY,2026-06-02
EVN-36360531-0733,15,8,19.0700,293.0076,USD,SELL,2026-06-04
WIK-20017506-5543,11,1,75.9735,412.2670,EUR,SELL,2026-06-21
DIH-90546792-6049,2,7,5.2239,110.5226,JPY,BUY,2026-06-06
XSR-35412548-2794,3,4,48.0721,230.3570,JPY,BUY,2026-05-27
BJU-42527771-8591,12,10,48.4258,238.6937,GBP,SELL,2026-05-22
CMP-96434491-1949,11,8,83.5949,171.6019,GBP,BUY,2026-06-25
SQX-99805949-8293,1,7,16.9910,281.4422,EUR,SELL,2026-05-28
AJD-78434843-9447,1,4,13.8076,352.9132,USD,BUY,2026-05-30
IHN-98698172-6314,9,5,69.5512,369.0881,USD,SELL,2026-05-29
DXJ-39999150-2476,8,3,94.0120,44.7603,GBP,SELL,2026-05-24
ZJY-01064367-9770,3,2,11.8327,416.6870,USD,BUY,2026-05-30
VWH-13877064-8165,1,10,14.6034,395.5079,GBP,BUY,2026-06-09
AYE-46703358-3556,7,5,46.8538,497.6750,EUR,BUY,2026-05-22
ROK-84310743-1426,3,3,19.6185,77.4670,USD,BUY,2026-05-31
GPO-78771252-1717,13,9,61.9059,137.9675,USD,BUY,2026-05-29
TDK-48187246-4424,3,7,4.7681,471.6104,USD,SELL,2026-06-29
AJI-56402347-4990,9,4,82.7492,216.6219,CHF,SELL,2026-06-06
OAE-00400133-2190,8,6,76.4639,241.9423,JPY,SELL,2026-06-03
LRR-85979459-5756,13,6,71.7873,257.7468,USD,SELL,2026-06-06
YCQ-17411226-8436,15,9,6.7898,433.8463,GBP,SELL,2026-05-18
DRR-12650786-3216,2,9,28.4510,244.1756,JPY,BUY,2026-06-18
NTR-73354936-5665,2,5,19.5765,295.0915,CHF,SELL,2026-05-28
PUA-68196472-3220,10,10,61.3105,424.8245,JPY,SELL,2026-06-03
IDE-01405757-6839,10,6,97.3706,449.6394,EUR,SELL,2026-05-22
TVV-86097033-4918,14,3,96.2464,331.6469,JPY,SELL,2026-05-22
JOK-98831152-6573,5,4,42.2106,100.9412,USD,BUY,2026-05-20
DQQ-63423223-1289,2,9,41.2800,150.5407,JPY,BUY,2026-06-02
AKL-09283728-2957,2,1,83.6875,97.8847,GBP,BUY,2026-06-08
TXP-38513387-8383,8,5,43.3836,317.4038,GBP,BUY,2026-06-06
FPS-27452074-5235,14,5,19.2138,108.6923,CHF,SELL,2026-05-24
FPN-09387027-0373,3,8,85.3385,125.5071,CHF,BUY,2026-06-04
ABS-68688233-3261,13,9,50.8372,234.8938,CHF,BUY,2026-06-01
NLN-37889684-9189,11,7,3.3235,233.7779,EUR,BUY,2026-06-04
CQS-73678405-8150,3,5,98.3169,126.8819,GBP,SELL,2026-05-27
EMO-26485896-4196,13,9,78.8176,154.2808,USD,SELL,2026-05-31
KJF-87225583-5807,5,8,76.9994,142.8812,GBP,BUY,2026-05-19
DQL-13037686-0549,3,9,6.1574,225.3210,EUR,BUY,2026-05-20
TAT-83800672-1016,4,8,80.4222,217.8874,CHF,SELL,2026-05-27
EKA-96061455-4672,15,6,51.7452,329.5461,EUR,SELL,2026-06-10
QGJ-17168871-9852,13,2,26.3689,130.8918,CHF,SELL,2026-06-05
YRX-46997936-4706,7,9,37.2373,92.5014,JPY,SELL,2026-06-04
DNN-93921555-8639,1,1,85.0300,211.9974,JPY,BUY,2026-06-05
XEH-47817444-7409,4,9,38.5597,444.4962,JPY,BUY,2026-06-07
EYB-65815000-2264,6,1,1.9817,461.2570,GBP,BUY,2026-06-09
GTD-67407691-2378,12,8,17.0992,101.6815,GBP,SELL,2026-05-27
XUC-14600113-0488,12,1,3.8728,298.0178,JPY,BUY,2026-06-12
DMM-89567942-2152,12,5,24.8849,309.2587,CHF,SELL,2026-05-15
HAR-91713403-7524,2,2,9.4884,89.7002,EUR,SELL,2026-06-03
ZQB-18963439-5003,1,9,18.7078,110.0113,EUR,BUY,2026-06-01
WFS-29257381-1696,15,3,74.3285,146.3237,CHF,BUY,2026-06-19
TIA-90639111-3792,9,10,24.1710,351.8196,EUR,BUY,2026-05-28
LYU-53631908-1333,8,7,45.5090,204.9962,CHF,BUY,2026-06-16
YIS-74557642-6530,3,5,15.6767,480.8631,GBP,SELL,2026-05-26
KKI-78306385-5294,12,2,33.4027,135.3578,EUR,SELL,2026-06-09
OWM-06634111-9802,9,5,74.9875,59.8172,GBP,BUY,2026-05-29
DBO-94525424-0547,2,7,84.7119,56.6973,JPY,BUY,2026-06-01
AAT-85471590-1861,5,8,20.2705,40.5876,EUR,BUY,2026-05-25
ZAI-72406128-7065,1,3,5.2908,397.3034,JPY,SELL,2026-06-09
XYC-53680625-4096,5,10,76.0536,19.0740,EUR,SELL,2026-06-02
SHL-99419731-1653,7,6,41.9875,425.1273,GBP,SELL,2026-05-25
XMA-44332136-0283,10,7,67.6875,240.0709,USD,SELL,2026-06-01
WNT-30139581-7232,2,6,34.3026,49.6325,JPY,BUY,2026-05-24
XMD-37276915-8391,7,2,8.6419,343.1558,USD,BUY,2026-05-27
TLK-27548555-6455,1,6,52.5734,171.4700,EUR,BUY,2026-05-25
GCI-22434420-4933,10,3,61.2099,130.7135,USD,SELL,2026-05-28
OIC-86008622-9185,13,8,51.6889,384.8493,GBP,SELL,2026-05-25
MAJ-05498356-9397,10,4,6.0543,133.7391,GBP,BUY,2026-05-25
IPE-94530871-3355,10,5,79.8915,446.0831,USD,SELL,2026-06-26
UCE-16206057-4575,8,4,36.4381,184.0205,EUR,SELL,2026-05-30
LEM-21226375-0234,3,1,74.2908,496.7969,EUR,BUY,2026-06-20
RLZ-22312785-5969,12,1,71.5625,288.7888,CHF,SELL,2026-05-30
ONL-48782387-6560,4,9,78.8457,319.1880,JPY,SELL,2026-05-20
VXQ-37253045-3288,4,7,52.3216,83.3285,EUR,BUY,2026-05-25
UGT-56387266-7932,3,6,37.1510,400.8440,USD,SELL,2026-06-23
OBL-58708253-4031,11,9,20.3477,207.9356,GBP,BUY,2026-05-31
YZJ-11255102-9085,3,2,7.1538,311.7085,CHF,BUY,2026-06-24
GBW-89630219-7212,12,1,98.6151,387.4566,USD,SELL,2026-05-28
FIB-23823959-8741,1,10,86.4111,233.9186,CHF,BUY,2026-05-29
ZVS-36753407-6404,7,4,68.5065,151.5092,USD,BUY,2026-06-08
SOT-09967244-5115,3,10,17.3954,273.4558,CHF,BUY,2026-05-22
UCX-79262807-4739,2,4,3.8386,269.9413,GBP,SELL,2026-05-31
HYQ-74751652-3443,4,7,52.2272,49.7311,CHF,BUY,2026-06-12
IBI-11127413-1428,15,8,64.0277,470.9813,EUR,SELL,2026-05-17
XEM-45316202-8087,5,5,98.2117,334.7426,CHF,BUY,2026-05-24
YON-09137616-8605,11,3,44.3538,460.2152,GBP,BUY,2026-05-26
MFM-35531326-6059,14,6,69.4590,70.4167,CHF,SELL,2026-05-30
OQZ-17882250-1766,7,7,92.0309,38.8705,GBP,SELL,2026-05-29
WTW-28805851-3760,10,4,34.7042,369.8377,JPY,SELL,2026-05-25
QSV-19260807-0587,10,5,23.9261,280.7022,USD,BUY,2026-06-06
XQH-27312360-4562,13,10,2.4570,350.1678,JPY,SELL,2026-05-27
VFX-83674254-6287,7,8,24.2884,267.9263,GBP,SELL,2026-05-26
LRL-41818786-8002,10,10,55.3474,313.7905,JPY,SELL,2026-06-11
HEO-21742390-3698,13,5,28.3688,21.0437,GBP,SELL,2026-05-30
TCE-52838563-1249,4,9,35.7014,374.3270,USD,SELL,2026-06-05
IVU-50500668-1811,2,8,49.3969,268.2435,EUR,BUY,2026-05-23
ZKN-01462903-0525,13,3,95.8995,489.3703,JPY,SELL,2026-06-10
SDQ-47293484-8649,8,2,30.4235,150.5673,GBP,BUY,2026-06-22
VUW-62339211-3519,9,4,93.0333,476.4650,JPY,BUY,2026-06-04
OAA-70683116-9389,3,3,98.5647,456.5685,EUR,BUY,2026-05-29
DWR-44658421-8427,10,5,2.2217,13.6111,USD,SELL,2026-06-05
ALT-23941617-1312,5,7,37.0892,213.6594,JPY,SELL,2026-05-25
SKS-02237256-2876,12,4,45.6957,479.9870,USD,SELL,2026-05-28
SDO-19633330-0553,11,9,42.8528,341.7893,CHF,SELL,2026-05-27
MYP-57719436-5530,14,5,84.5472,437.3054,GBP,SELL,2026-06-24
LZA-78599822-9652,14,1,70.7364,150.8440,EUR,BUY,2026-06-26
IYI-30153832-2213,5,3,47.1086,412.4516,EUR,SELL,2026-05-30
LSN-78179693-0005,6,10,60.4958,175.3773,EUR,BUY,2026-05-20
MQA-04563126-9114,10,10,20.0372,204.0231,GBP,BUY,2026-05-24
EHZ-90130500-0581,6,9,12.4471,42.3198,EUR,SELL,2026-06-01
FMY-81851208-4327,7,6,89.6431,329.1089,CHF,SELL,2026-06-20
VAK-54637185-7077,4,7,22.1635,437.6204,EUR,SELL,2026-06-11
BWQ-04325291-1693,10,7,44.1612,132.4509,USD,BUY,2026-06-05
MWX-28512423-7485,4,1,72.7824,265.9537,JPY,SELL,2026-06-09
MCN-03918477-9509,3,3,53.8738,349.9183,USD,BUY,2026-05-30
MYS-13524701-8734,8,10,88.0659,324.7286,EUR,SELL,2026-06-08
VLZ-88512265-7716,15,1,72.0872,303.1977,JPY,SELL,2026-05-25
KGV-28851225-8266,14,9,27.9907,29.7551,GBP,SELL,2026-06-08
ANH-11068528-3429,5,5,86.8806,210.6454,GBP,SELL,2026-05-27
PSI-64936795-8420,4,5,40.8908,23.8269,JPY,SELL,2026-05-19
QGP-56099171-8144,1,6,30.9137,121.9476,JPY,SELL,2026-05-20
KZQ-51916755-9463,8,9,80.0217,183.6138,CHF,BUY,2026-05-29
AFF-62945428-4182,14,8,92.5086,316.9465,EUR,BUY,2026-06-14
DKQ-26034329-4293,11,10,42.9407,86.3678,EUR,SELL,2026-06-09
RUC-76155771-7972,2,10,12.9074,329.9683,GBP,BUY,2026-06-25
EFC-89267335-2060,2,3,89.6206,328.5195,EUR,SELL,2026-06-04
DIT-79227906-3823,5,5,50.9766,129.2247,GBP,BUY,2026-06-07
WTN-79328115-0197,12,10,26.7345,240.3498,JPY,SELL,2026-06-26
KSL-11294913-9082,9,8,87.0892,449.9642,JPY,BUY,2026-06-03
USM-26115808-4843,4,1,80.5692,470.8844,EUR,BUY,2026-06-23
YWD-52503276-5897,14,1,90.1600,443.3473,CHF,SELL,2026-06-01
KHI-34425684-5939,4,10,54.7545,338.8925,JPY,SELL,2026-06-16
VGG-94974401-2564,1,5,48.2149,251.1985,GBP,BUY,2026-05-17
JZJ-26589924-0648,15,2,80.7918,127.1587,EUR,BUY,2026-06-08
EYH-56966384-8330,13,3,68.4512,486.5040,CHF,SELL,2026-05-30
RYL-53502950-7020,14,2,21.6431,464.1403,CHF,BUY,2026-05-25
GUL-10627858-6157,10,1,13.4908,14.8724,USD,SELL,2026-05-16
MRU-75746041-0302,5,1,22.7228,97.6749,USD,BUY,2026-05-24
HTQ-37180822-5821,8,1,44.7098,352.8009,USD,BUY,2026-05-25
VFG-22471586-7038,12,7,41.2866,444.4668,GBP,BUY,2026-05-14
EFR-98633163-7542,11,10,47.0731,29.4679,JPY,BUY,2026-06-07
CGG-55607123-5594,11,10,69.6207,318.9681,GBP,SELL,2026-05-28
SKP-63717978-9192,7,1,62.5086,99.3248,USD,BUY,2026-06-11
SAZ-26050785-3180,7,9,24.7710,415.6207,EUR,SELL,2026-05-29
FFW-51875738-7193,15,2,32.3787,451.5518,JPY,SELL,2026-06-09
FCD-96632698-3321,10,6,96.9707,119.9660,GBP,BUY,2026-06-10
LYG-75917695-1779,6,5,58.2799,216.8563,CHF,BUY,2026-06-17
IYK-28077710-1116,2,9,68.4650,255.3644,USD,SELL,2026-05-22
SAN-41862532-5817,13,2,12.3225,468.1227,EUR,BUY,2026-05-25
JKI-22499388-3391,10,9,24.9492,114.4961,EUR,BUY,2026-05-30
QTW-18371175-1636,10,4,44.9618,238.8151,USD,SELL,2026-06-20
HIZ-82816330-7626,10,4,40.7350,185.6753,EUR,BUY,2026-06-08
BXC-44997650-2901,10,7,26.3258,269.5617,USD,BUY,2026-06-04
UVN-12938398-0522,10,9,90.1325,400.4448,JPY,BUY,2026-06-14
ZKQ-27045362-7803,9,8,63.9788,80.4078,CHF,SELL,2026-05-19
GJG-14971509-0867,9,3,9.7560,379.4187,JPY,SELL,2026-05-29
MYF-23251534-6129,14,6,78.5854,54.4656,USD,BUY,2026-06-10
RUT-02091786-0881,4,4,98.0239,157.2327,USD,SELL,2026-05-25
TJL-69858052-0235,11,2,54.8777,72.3119,USD,SELL,2026-06-02
OVZ-59603391-9393,13,5,3.8163,330.7492,EUR,SELL,2026-05-30
DDH-57503205-1259,12,9,99.4507,55.8849,EUR,BUY,2026-06-18
MOK-88591806-9982,1,4,78.3143,338.6549,CHF,SELL,2026-05-22
MTX-79591663-3174,5,3,20.7887,87.7150,EUR,SELL,2026-05-22
TNT-14256775-7926,3,6,18.3558,64.5659,CHF,BUY,2026-06-19
OKX-51032881-4050,2,8,91.0396,484.8543,JPY,SELL,2026-06-01
IEC-96995402-6551,10,6,83.2383,418.1406,EUR,SELL,2026-06-01
PYW-90489023-3711,10,9,79.7138,324.0331,USD,BUY,2026-05-27
TXN-70502135-2468,3,10,64.0227,247.3381,CHF,SELL,2026-05-17
QWY-69225521-0819,15,7,17.5568,65.9862,GBP,SELL,2026-06-07
KJP-08977903-4756,5,7,67.6369,262.7644,USD,SELL,2026-06-11
RZN-88060352-0335,4,4,44.2974,400.3021,JPY,SELL,2026-06-24
JCZ-30883998-4470,14,4,25.2338,386.4580,USD,BUY,2026-05-24
PNG-62418300-9208,7,1,22.5041,375.8369,EUR,SELL,2026-06-20
GQG-24999747-5926,8,5,86.5039,485.6620,GBP,SELL,2026-05-30
KZH-89569781-0876,6,8,17.3675,356.3552,EUR,BUY,2026-06-14
GXQ-64024664-3099,14,5,26.6747,316.3467,USD,BUY,2026-05-24
NFK-83166138-7182,10,2,4.7837,206.2112,CHF,BUY,2026-06-23
GOF-38167017-6487,9,8,84.3006,75.5158,GBP,BUY,2026-06-29
VJV-26213515-5157,2,7,93.3491,374.7383,JPY,BUY,2026-06-13
ZVG-97034784-3051,7,2,67.7310,356.3312,EUR,BUY,2026-06-18
UOC-67258923-8228,11,3,27.0016,383.1088,GBP,BUY,2026-06-09
INC-44182280-0217,13,10,97.1584,152.8500,CHF,BUY,2026-05-31
KEP-17744029-1932,3,1,34.6153,374.1788,CHF,BUY,2026-06-11
BME-11322913-3338,2,4,47.5883,271.3193,JPY,SELL,2026-05-22
WAJ-96097019-4171,7,6,68.4038,348.7794,EUR,SELL,2026-05-14
WDV-10606373-4302,4,10,90.7134,159.4714,GBP,SELL,2026-05-22
CAU-20817443-1765,7,9,35.0588,449.3273,GBP,BUY,2026-05-30
UKI-39115143-7280,4,10,17.6713,457.9940,EUR,SELL,2026-05-20
DKL-35442605-8680,2,9,72.3872,44.7824,CHF,BUY,2026-05-23
MNA-67373134-1009,6,10,67.1958,359.9182,USD,SELL,2026-06-11
CTY-39451057-9671,7,2,93.1762,492.8278,CHF,BUY,2026-06-23
VCE-63973180-1445,12,3,4.7795,149.6954,JPY,BUY,2026-05-30
QQO-09028094-4748,6,3,58.6137,269.2564,JPY,SELL,2026-06-23
HMC-03421291-2483,14,9,43.2264,247.5020,JPY,SELL,2026-05-21
WTP-57816023-7492,10,5,1.5250,326.8554,EUR,SELL,2026-05-26
HVV-09723569-3535,10,3,87.0052,329.7701,JPY,BUY,2026-05-31
NHN-18975703-6664,12,10,53.7674,86.9671,CHF,SELL,2026-05-26
GLW-98201809-7875,2,1,90.0620,362.3817,CHF,BUY,2026-06-07
VAE-53188020-3022,13,7,67.6668,33.4641,CHF,BUY,2026-05-17
TLW-23380833-2305,8,9,33.0768,122.1827,JPY,BUY,2026-06-27
KCL-83731461-5745,4,8,14.1734,10.9420,USD,BUY,2026-06-02
HFU-83618802-5872,1,8,3.7151,380.5280,JPY,SELL,2026-05-22
QAW-34140480-8783,10,4,11.5466,284.2175,GBP,BUY,2026-06-05
YEF-28446100-4295,8,1,30.3165,85.6455,EUR,BUY,2026-06-16
OTP-49757544-6450,10,6,36.3752,121.2594,GBP,BUY,2026-05-20
HYJ-89842524-2580,2,10,58.2206,439.9443,EUR,SELL,2026-05-25
GFQ-20191507-8490,5,7,63.9888,297.1968,USD,BUY,2026-06-25
YFN-11629713-5917,9,6,82.7284,241.5367,EUR,BUY,2026-06-27
VGR-84270658-9866,13,7,94.1164,220.6986,CHF,SELL,2026-05-25
SUC-16565171-7625,1,9,89.3904,117.9213,CHF,SELL,2026-05-27
KLJ-45919347-8734,9,6,24.2887,70.1310,USD,BUY,2026-06-12
TLG-78780542-1938,4,2,22.9272,309.0832,GBP,BUY,2026-06-01
CTU-57078450-5650,13,3,88.1959,84.2655,CHF,SELL,2026-05-26
KLO-62152579-9265,4,4,90.5722,253.0558,JPY,BUY,2026-05-16
SYB-09414059-3771,1,10,14.9253,187.0149,EUR,BUY,2026-05-29
UQD-98979296-5470,4,10,62.2637,205.9168,GBP,BUY,2026-05-31
XES-05520292-1631,4,9,71.6743,290.0879,CHF,SELL,2026-06-07
EHV-74598908-4586,3,1,43.4592,381.2597,CHF,SELL,2026-06-29
WEV-41273478-7355,10,7,17.8895,439.6258,USD,BUY,2026-06-04
YJA-55646084-6605,11,6,94.2694,263.4822,CHF,BUY,2026-06-27
YAM-92560103-1814,5,9,11.9325,224.9742,CHF,BUY,2026-06-24
RCR-31386382-7824,11,3,67.0591,262.1818,CHF,BUY,2026-05-29
AGI-54266589-8421,3,8,40.9298,223.7328,JPY,SELL,2026-05-30
JNA-15435961-1360,11,8,49.6600,258.4784,JPY,BUY,2026-05-28
MBU-89059780-7606,5,3,6.1117,93.0173,USD,SELL,2026-06-26
QJD-53039778-8630,9,1,92.6894,333.8841,CHF,SELL,2026-05-14
LNU-68681379-7871,7,3,83.3330,367.1407,USD,BUY,2026-05-26
SBF-48722038-9371,12,5,85.0879,315.3026,EUR,BUY,2026-05-30
ODS-88678930-0461,12,10,25.2313,156.8414,USD,SELL,2026-06-22
AIO-44168733-7872,7,6,10.3819,336.8546,GBP,BUY,2026-06-14
QAC-98329373-8059,14,9,60.9634,485.7990,CHF,BUY,2026-05-23
XKT-88269951-5465,15,7,92.8898,427.8225,EUR,BUY,2026-05-24
FYP-16153209-5537,14,2,3.1146,211.4421,GBP,SELL,2026-05-26
DRW-54870208-3041,11,6,66.2357,158.1219,JPY,SELL,2026-05-27
RBD-02975393-1373,14,6,69.4335,248.0078,CHF,SELL,2026-05-26
IML-79221646-6483,5,9,44.6724,262.2507,EUR,BUY,2026-06-20
WHI-46718408-3765,14,4,5.8799,393.8442,JPY,BUY,2026-06-12
JTH-17593098-0012,10,7,44.6221,28.0344,EUR,SELL,2026-06-05
ZHF-32011843-7663,13,5,76.4475,404.3851,USD,SELL,2026-06-02
BFU-84629948-6736,10,6,66.6153,215.6803,GBP,SELL,2026-05-21
OFK-63470024-6455,13,5,22.4601,173.6486,CHF,BUY,2026-05-22
TES-68056389-9625,2,10,1.4633,56.7737,EUR,SELL,2026-05-25
JWN-04468634-2816,9,4,22.9466,302.4921,GBP,SELL,2026-06-02
WLS-39816309-6784,7,1,88.4589,423.0064,JPY,SELL,2026-06-01
YFN-06561028-3984,8,10,6.7818,332.3248,EUR,BUY,2026-05-29
OIJ-38295764-8499,4,7,63.5276,472.6824,JPY,SELL,2026-06-15
BIY-40404673-6733,10,9,42.8377,372.8076,JPY,SELL,2026-05-29
UIS-44792145-9323,8,7,69.2356,239.4307,USD,SELL,2026-06-23
PYI-95609617-8709,2,1,84.9560,228.8548,JPY,SELL,2026-06-12
GDC-99648871-0361,10,1,90.0016,89.0268,JPY,SELL,2026-06-12
BBC-34401239-1447,11,5,44.0477,359.6018,GBP,BUY,2026-06-07
HWE-79273227-7339,6,5,93.5579,419.9363,USD,BUY,2026-05-20
OPB-85980695-8210,3,1,80.3650,392.9897,JPY,SELL,2026-06-05
XIT-73371730-2722,5,2,1.7553,366.4478,USD,SELL,2026-05-17
KMZ-15243853-2489,10,7,36.7022,296.8313,EUR,SELL,2026-05-24
PCO-39307760-7855,8,2,83.4326,380.0908,JPY,BUY,2026-05-29
MTD-25116891-2378,8,7,90.2896,461.8397,USD,SELL,2026-05-26
SQK-63873362-3192,14,7,50.9141,143.8173,GBP,BUY,2026-05-31
KIJ-46453341-6932,11,3,42.4954,128.1901,USD,BUY,2026-05-13
GOO-87387919-1958,12,6,34.0909,114.6170,GBP,SELL,2026-06-06
HVR-86602314-4463,15,3,53.7412,56.7271,EUR,SELL,2026-05-17
BDU-38804507-5790,12,6,75.0979,493.9051,USD,BUY,2026-06-01
GXL-16707893-9339,13,2,13.1643,113.8334,JPY,BUY,2026-06-02
CJG-97799017-8552,11,3,43.1626,470.5418,GBP,SELL,2026-05-29
JSL-50986937-2812,8,1,94.2578,289.7278,CHF,BUY,2026-05-27
MYA-46429525-2322,13,4,61.1458,402.2712,GBP,BUY,2026-06-15
CZS-92830956-8231,12,1,8.2517,397.4517,CHF,SELL,2026-06-01
RBC-21109395-4262,2,8,88.6011,490.3631,CHF,SELL,2026-06-03
ZJC-84703948-4695,6,7,12.8770,203.7612,GBP,BUY,2026-05-20
DSP-03731881-9126,9,5,97.5141,338.0577,USD,SELL,2026-06-27
CAS-63966287-0271,13,8,45.4480,414.3512,EUR,SELL,2026-06-14
DOK-93640138-8169,6,9,83.4515,242.6668,GBP,BUY,2026-06-11
AEA-52310627-8187,1,1,53.1806,402.1050,JPY,SELL,2026-05-28
ZFQ-29121466-9796,5,9,3.7940,123.1721,USD,SELL,2026-05-10
XLF-07437251-0494,4,6,97.2422,496.0976,JPY,BUY,2026-05-15
OWY-13420208-8230,12,7,77.0442,185.3339,CHF,BUY,2026-06-27
VIB-57470857-6013,1,5,70.7476,255.3412,JPY,BUY,2026-06-02
IGY-13336808-7203,15,6,66.3759,194.3956,JPY,SELL,2026-05-22
EZS-61988530-2296,10,4,63.0647,483.3670,USD,SELL,2026-05-18
XCC-58973273-3263,7,1,59.5660,41.8538,JPY,BUY,2026-06-26
FSA-30420007-1486,6,4,11.2878,38.6018,EUR,SELL,2026-05-27
CFY-62077746-2708,7,10,81.9329,489.3572,GBP,BUY,2026-05-29
VCI-36732419-1819,5,10,66.0592,414.8875,GBP,SELL,2026-05-21
SYF-67259853-1978,14,4,50.7484,234.0854,USD,SELL,2026-06-18
IPB-75642827-9799,4,7,97.7765,146.0413,USD,BUY,2026-05-15
WCU-23684611-3180,9,1,61.4891,392.1543,GBP,SELL,2026-05-21
MIU-41258778-6801,6,3,30.2102,414.7335,CHF,SELL,2026-05-29
KIA-80325161-1797,8,6,39.9249,252.2679,EUR,BUY,2026-06-14
NEJ-17731629-8757,10,6,85.2339,494.1234,GBP,SELL,2026-05-18
BPM-74176405-9461,7,5,67.0936,162.3978,EUR,BUY,2026-05-28
ZWB-04378027-0288,3,1,89.3923,432.7276,JPY,BUY,2026-06-10
VIR-44159073-9069,12,6,22.5158,10.2611,JPY,BUY,2026-05-27
WAB-19037435-1595,9,2,29.6509,217.1087,EUR,SELL,2026-05-26
OHT-69273153-1494,10,3,18.7319,298.9860,USD,BUY,2026-06-19
BXN-26150973-9865,9,1,12.9298,172.3499,CHF,BUY,2026-06-13
ZMX-43993487-1697,7,10,82.8577,233.1345,JPY,BUY,2026-06-13
KWH-59221619-9158,10,9,27.9601,429.6602,CHF,BUY,2026-05-12
EHT-45854956-7754,6,2,91.7027,467.8553,USD,BUY,2026-05-25
OWN-16009812-6023,15,3,47.4323,141.2721,JPY,SELL,2026-06-07
CBE-44065936-5223,12,6,72.5984,48.7474,GBP,BUY,2026-06-09
CDG-79362076-8130,10,6,10.7000,341.2558,USD,BUY,2026-06-13
YRO-03836813-6054,10,2,42.3925,23.9256,GBP,SELL,2026-05-19
IGV-94613773-9273,3,1,1.7903,308.8492,EUR,SELL,2026-05-22
CFU-18337132-8353,12,9,42.9705,333.3549,USD,SELL,2026-05-30
SSX-33920843-7616,4,6,11.7254,307.3329,USD,BUY,2026-06-14
LHW-11289192-0430,2,10,95.9851,99.2761,GBP,BUY,2026-06-15
SJV-89867563-2336,5,7,11.9227,398.8560,USD,BUY,2026-05-29
SXB-20019152-7735,15,2,49.7600,155.1164,USD,BUY,2026-05-24
CXQ-37895817-8654,10,3,63.6550,58.2259,CHF,BUY,2026-06-14
FCW-38076765-6822,12,4,75.3039,80.0254,EUR,BUY,2026-06-23
KIA-73064099-1301,4,3,1.8461,221.5241,GBP,BUY,2026-05-24
IIM-65931891-1154,8,6,87.4962,272.5704,USD,SELL,2026-06-16
KLO-29802140-7083,15,3,77.7560,179.9528,GBP,SELL,2026-06-11
BYL-10881862-6797,5,6,57.5079,104.7990,CHF,BUY,2026-06-23
CRQ-40292460-7989,12,5,16.1950,218.3971,JPY,SELL,2026-06-07
LDX-97668109-0509,8,3,13.7528,104.2039,JPY,BUY,2026-05-21
WJB-14838954-2640,14,6,12.2718,499.2896,EUR,SELL,2026-06-08
VWF-29759034-5342,2,9,72.7015,341.6047,CHF,BUY,2026-05-25
APV-38563854-4942,7,3,62.2620,493.5675,USD,BUY,2026-06-16
ALP-97610514-6532,2,2,11.5333,255.8889,USD,SELL,2026-06-18
BQR-47486981-3402,11,9,80.0930,497.9322,GBP,BUY,2026-06-06
MEB-24406723-6190,5,8,93.3066,471.7253,JPY,SELL,2026-06-01
CZS-14008755-2149,6,1,15.8427,376.7752,USD,BUY,2026-06-07
DSO-21457406-4543,9,10,69.7547,69.1597,USD,BUY,2026-05-28
NRC-02500641-0255,13,2,4.7836,177.0760,GBP,SELL,2026-06-12
QFP-63117743-6094,6,8,81.9684,283.4677,JPY,SELL,2026-06-03
CDF-25353296-8919,6,2,51.4723,114.2241,EUR,BUY,2026-06-22
ZSC-85891038-5884,7,2,87.6935,486.8860,JPY,SELL,2026-06-02
HHC-55164605-8987,4,6,70.9308,274.1322,EUR,BUY,2026-05-23
YAO-10686557-2227,6,10,13.0961,22.3000,GBP,SELL,2026-06-18
UAU-10540261-0137,9,5,86.2154,97.4044,JPY,SELL,2026-06-28
PYZ-48857225-4129,7,9,65.0686,374.0163,GBP,SELL,2026-05-21
BLC-65200861-2010,7,2,3.3584,34.5369,USD,BUY,2026-05-20
IBL-63133526-6028,3,6,66.4406,381.8465,USD,BUY,2026-06-16
JUQ-70959281-6086,5,1,37.6875,433.9680,USD,BUY,2026-05-17
XQM-10888118-5259,13,8,17.5283,181.8533,JPY,BUY,2026-05-20
QEO-38124559-6952,12,4,51.4119,381.6272,EUR,BUY,2026-06-05
QIJ-11460991-8947,11,1,50.8324,395.2173,EUR,SELL,2026-06-22
VBO-08842264-0573,11,3,73.9381,226.9531,JPY,SELL,2026-05-25
LTL-03325380-5003,13,8,9.0108,270.8557,EUR,BUY,2026-05-31
RAK-82657119-5823,9,5,59.8564,278.7868,JPY,BUY,2026-06-09
XTY-99560933-3304,13,7,33.2245,397.3308,USD,BUY,2026-05-19
UFD-05485275-0385,1,7,36.5397,202.2868,USD,SELL,2026-05-28
NMD-81934918-9683,8,6,77.9943,84.8635,USD,SELL,2026-05-25
HSP-55125602-8679,1,5,40.1048,186.8845,USD,BUY,2026-06-02
SZG-20988371-4486,6,8,13.9141,402.0482,JPY,SELL,2026-06-23
RVX-29748323-3068,4,2,34.4370,475.8857,EUR,SELL,2026-06-01
MQM-00367521-1934,1,9,47.0012,335.6557,USD,SELL,2026-05-29
CAV-22501362-0546,10,1,10.8951,487.0027,GBP,SELL,2026-06-02
EMN-10796486-6150,11,8,88.1059,408.6975,EUR,SELL,2026-05-22
GMX-43452285-4475,15,5,37.8586,354.2043,EUR,SELL,2026-06-05
IWO-86084293-1956,11,3,87.9552,497.8599,GBP,BUY,2026-05-30
SKW-84845299-1813,4,9,1.4394,213.4959,CHF,BUY,2026-05-25
XHA-41654665-5402,2,4,44.6449,151.3680,GBP,BUY,2026-06-20
PTE-97097766-8225,3,8,87.6566,335.2980,JPY,BUY,2026-05-22
ECN-41573265-5918,7,8,5.9122,60.1622,JPY,SELL,2026-05-25
RFV-95422568-7299,1,10,90.3734,137.9100,USD,SELL,2026-06-26
RQP-70881586-2703,14,8,44.2935,278.4011,JPY,BUY,2026-05-30
YAE-18546697-4238,12,2,88.1825,122.8582,JPY,BUY,2026-05-28
EUL-54561660-8848,9,6,9.8691,298.4110,CHF,BUY,2026-06-19
FFX-48538470-0100,12,3,57.7241,283.2484,EUR,BUY,2026-05-18
JDS-34205248-4023,12,8,63.8287,207.3288,EUR,BUY,2026-05-26
NLN-16497821-9841,10,3,2.2217,357.0462,GBP,BUY,2026-05-23
ZSE-91386075-6435,13,2,96.6160,222.6317,GBP,BUY,2026-05-25
PTW-26005337-5410,14,2,32.5945,34.9266,JPY,SELL,2026-05-27
CLQ-40042439-6621,10,3,40.6364,38.2731,USD,BUY,2026-06-29
LQD-70485881-3689,11,4,3.8235,276.6168,USD,SELL,2026-06-03
CXB-58709455-6977,13,1,6.9760,134.8882,JPY,SELL,2026-05-25
KSE-97554858-5064,3,8,66.5524,376.0559,JPY,SELL,2026-06-02
FAI-97708588-3896,1,5,82.1784,373.9882,CHF,SELL,2026-05-23
TZF-58248713-9707,10,4,38.9497,350.0363,GBP,BUY,2026-05-26
PYC-25291224-5249,1,1,76.4794,404.6332,EUR,BUY,2026-05-22
QWO-79531735-8071,7,5,30.1569,453.1016,EUR,BUY,2026-05-20
NDY-88724222-6278,1,2,4.5144,487.8237,USD,SELL,2026-06-13
TTD-34412757-1203,10,10,40.0013,199.2811,JPY,SELL,2026-06-10
INY-37136696-2137,13,3,46.1392,206.0689,EUR,SELL,2026-05-21
VEQ-06603828-2756,3,10,63.0982,148.4385,GBP,SELL,2026-05-29
GZJ-80370562-0154,7,9,85.0793,450.1613,CHF,SELL,2026-05-26
LCX-15593058-0082,13,10,84.3226,437.8533,GBP,SELL,2026-05-31
QRX-04432753-9119,3,1,71.8470,109.3501,CHF,SELL,2026-05-30
AAK-56106944-5934,9,8,42.2714,144.0155,JPY,SELL,2026-05-16
HOZ-81324832-3258,12,4,17.4030,232.0380,CHF,BUY,2026-05-27
LCN-29937641-8465,7,6,96.0080,366.3319,CHF,SELL,2026-05-31
NIM-89092026-4810,14,10,84.6219,338.2072,JPY,BUY,2026-05-19
MJG-27800344-2003,5,5,47.6060,440.2869,GBP,SELL,2026-06-17
HSE-91973075-3763,14,10,77.0269,253.8602,GBP,BUY,2026-05-30
YLI-29974689-1191,1,7,87.1441,129.5925,JPY,SELL,2026-06-20
QEQ-03891593-9862,7,10,20.2963,464.6431,USD,BUY,2026-05-21
SNY-77418455-9540,2,9,96.3156,480.2929,USD,BUY,2026-05-26
CDQ-92587716-9006,7,9,22.5425,44.7775,GBP,SELL,2026-05-16
CWS-16097727-8214,8,7,26.0268,272.4438,GBP,SELL,2026-05-15
CUL-97370966-9746,13,4,47.8206,387.0715,GBP,BUY,2026-06-11
LSM-81437178-1823,14,10,87.8064,28.6832,GBP,SELL,2026-06-02
PDS-54807510-8912,13,2,15.8933,281.1514,JPY,SELL,2026-05-22
FBM-64419242-5260,14,7,8.0388,490.2179,GBP,SELL,2026-06-08
XXK-01190771-1368,3,4,23.3477,178.4593,EUR,SELL,2026-06-26
CSD-09683490-6671,5,6,34.9996,259.4668,GBP,BUY,2026-06-02
JUI-78692057-0324,15,1,71.3905,398.3258,EUR,BUY,2026-06-01
WSE-17071729-4647,8,10,32.2967,490.7813,JPY,BUY,2026-06-07
CQG-38896677-8537,3,7,91.1810,57.2933,USD,SELL,2026-06-24
KXI-46504196-9617,9,8,6.1385,160.6704,EUR,BUY,2026-05-21
CRS-98951425-2466,7,4,3.6808,392.0103,USD,SELL,2026-06-01
GNR-96991586-8810,10,1,78.8132,457.3812,JPY,SELL,2026-06-16
EQO-14899080-8799,1,8,59.0714,409.6452,JPY,BUY,2026-05-20
DVQ-63576587-8241,13,8,28.1326,468.2708,EUR,BUY,2026-06-01
DSA-49869308-7576,12,6,79.2074,233.5513,JPY,SELL,2026-06-05
JGF-26093751-2759,9,3,66.3094,408.5103,GBP,BUY,2026-05-28
LWV-58416776-4669,1,6,76.3664,446.1583,JPY,SELL,2026-05-24
GGF-14536656-0329,5,1,94.7836,47.5747,EUR,SELL,2026-05-31
GII-75064976-4926,4,3,83.1730,28.4020,EUR,BUY,2026-05-28
PQP-71034338-6766,13,5,67.8542,151.3002,EUR,BUY,2026-06-29
NOW-09071421-9679,7,10,1.3501,161.1893,USD,SELL,2026-05-29
IFX-48227912-2210,7,5,16.3231,469.4654,GBP,BUY,2026-05-29
ILK-16372388-4032,1,6,99.3013,307.5648,GBP,SELL,2026-06-12
NYA-25857752-7968,6,4,52.8561,448.7322,CHF,SELL,2026-05-20
ZDU-23421822-2740,13,4,21.6373,366.2814,EUR,SELL,2026-05-30
SSX-78182343-4567,4,7,99.5729,412.5305,CHF,BUY,2026-05-30
MBL-77343402-3691,9,3,93.7420,229.9763,GBP,SELL,2026-06-29
MDE-59701374-3274,2,7,5.1703,486.2676,CHF,SELL,2026-06-07
GPL-93663680-8758,4,5,15.1090,217.7616,USD,BUY,2026-06-05
JKZ-07070720-8053,9,3,52.9057,255.3642,GBP,BUY,2026-06-01
LGU-81305441-5441,8,9,85.6276,234.9871,EUR,BUY,2026-06-23
ZKW-06190434-3561,3,9,10.4047,410.2641,GBP,BUY,2026-05-23
HRH-91650542-5436,8,6,72.5210,246.5887,USD,SELL,2026-06-06
OSS-22836139-6758,14,5,67.0396,228.6211,CHF,SELL,2026-05-26
RCP-62101209-8400,8,1,44.8152,375.1620,GBP,BUY,2026-06-21
WGB-55638509-1917,12,7,2.7981,192.5588,USD,SELL,2026-06-15
MME-43137195-4481,1,9,51.5236,136.1247,GBP,BUY,2026-05-21
TDT-87724690-1864,4,7,13.3652,402.1449,GBP,BUY,2026-05-24
DHB-76495962-7334,13,9,85.1060,446.2581,EUR,SELL,2026-06-03
MBY-21057157-8005,3,5,11.5346,36.0137,CHF,BUY,2026-06-29
GIV-46239693-9050,7,5,25.5204,172.0171,USD,BUY,2026-05-24
UKV-68114541-8468,2,2,94.5231,51.0449,JPY,BUY,2026-05-22
KKI-99649730-6620,1,4,90.7617,106.0361,USD,SELL,2026-05-27
LAU-48047969-8868,14,5,83.7019,315.6588,GBP,BUY,2026-06-08
LYW-32511136-4139,10,3,44.6828,192.1781,CHF,BUY,2026-05-29
QEF-52849707-6065,4,1,84.3917,297.6135,CHF,SELL,2026-05-21
SPD-98956129-7638,15,2,30.4238,83.4262,JPY,SELL,2026-06-08
WPV-41844041-9235,7,4,10.1804,230.1452,JPY,BUY,2026-05-30
DBE-17272193-2105,6,9,37.0543,263.4513,CHF,SELL,2026-05-30
GFX-94383677-3462,2,7,42.0966,255.9568,JPY,SELL,2026-06-03
VRV-42338888-5447,9,10,76.3251,147.8000,JPY,BUY,2026-05-21
NBJ-16477857-4851,12,2,14.6301,235.8596,USD,BUY,2026-06-24
TOF-86277690-0798,5,4,7.1570,270.4065,JPY,SELL,2026-05-30
BZP-28267817-0579,9,6,52.6333,128.3830,GBP,BUY,2026-05-24
YDF-67330560-7910,10,9,39.6540,53.0444,USD,SELL,2026-05-16
CCO-51638929-2121,8,5,46.7924,182.7778,CHF,SELL,2026-06-02
FAI-77735308-7082,9,1,64.7496,112.0260,USD,SELL,2026-05-28
ANK-02093075-2425,3,10,38.0258,398.0584,GBP,BUY,2026-06-05
DIW-64687978-4812,2,7,27.5435,206.4955,GBP,SELL,2026-05-20
RBV-75938398-5513,6,4,3.6174,100.2326,CHF,BUY,2026-06-07
OMH-43572479-2765,5,2,22.9321,219.0490,JPY,BUY,2026-06-19
XWR-31654414-4718,8,3,93.9363,302.2315,EUR,BUY,2026-05-25
UQT-99092864-6950,14,6,58.7557,248.8176,USD,BUY,2026-06-14
YUQ-92773351-4769,7,9,24.2873,115.0138,GBP,SELL,2026-06-04
SCM-30306687-5119,14,1,1.1085,51.1092,USD,SELL,2026-06-01
MBZ-41318852-3085,9,10,77.0319,192.6015,USD,BUY,2026-05-24
GPV-16148463-2385,5,6,3.4332,96.8221,GBP,BUY,2026-06-12
NOD-17641332-5491,4,10,96.6600,371.4369,EUR,SELL,2026-06-11
CMD-75544737-2277,4,8,29.8525,176.7431,EUR,SELL,2026-06-29
EGG-67238680-3802,3,9,73.8048,360.4054,CHF,SELL,2026-05-26
JSJ-67292992-1932,10,5,8.5042,215.7613,JPY,SELL,2026-06-02
PIU-44512868-2213,5,7,58.4823,302.7486,JPY,BUY,2026-05-25
XSS-64180793-8504,4,3,1.9567,356.6615,CHF,SELL,2026-06-27
UAH-49154244-8431,14,8,23.8453,41.0027,EUR,SELL,2026-06-25
SEO-12682898-2406,10,1,83.3199,317.0199,JPY,BUY,2026-06-03
JLC-01409881-7391,5,6,93.8072,284.8397,CHF,BUY,2026-06-20
HUO-61304257-1155,12,4,62.7907,209.2841,USD,BUY,2026-06-27
VHF-96105844-3239,6,6,3.6236,471.2133,CHF,BUY,2026-06-19
LBN-44417486-2397,5,9,46.2340,387.9027,USD,SELL,2026-05-01
YRX-89907033-0426,7,9,87.6765,171.5506,JPY,SELL,2026-06-04
UMD-05076500-2144,8,3,31.5650,403.8978,EUR,SELL,2026-06-03
JGE-84496455-4031,14,2,86.6699,357.9245,USD,BUY,2026-05-10
UNT-88498241-2920,4,9,39.8021,466.2427,GBP,SELL,2026-05-20
ZVT-36450507-5112,13,5,38.9249,340.3246,GBP,SELL,2026-05-24
OPE-34099450-7922,15,1,81.8377,57.9472,USD,SELL,2026-06-28
KMJ-09893225-9444,15,9,48.9789,247.2879,USD,BUY,2026-05-23
CPE-15706250-2344,3,7,15.2405,254.6828,GBP,BUY,2026-06-26
LLW-36881956-3557,9,4,96.4203,231.5528,JPY,SELL,2026-05-15
REM-95256985-3312,6,7,37.6505,415.7978,JPY,SELL,2026-05-25
YRK-87632708-8972,4,1,16.6074,110.2668,EUR,BUY,2026-05-31
VGF-10395950-8723,13,3,48.4600,485.1828,GBP,SELL,2026-06-27
OYA-25130625-1246,14,10,80.3204,43.6524,JPY,BUY,2026-05-27
LZS-47363575-7508,3,4,43.9677,176.5695,GBP,SELL,2026-05-23
YYX-05950548-5154,8,7,95.6819,372.9299,GBP,SELL,2026-06-13
VSL-29454821-7845,13,2,20.2267,172.2347,EUR,BUY,2026-06-29
YAA-35861248-3049,6,9,74.4564,187.4997,GBP,BUY,2026-05-27
ZJK-60791630-9682,8,1,88.1041,138.8089,CHF,SELL,2026-05-21
EMQ-38219226-4119,11,9,54.3077,283.3475,CHF,BUY,2026-05-27
WDU-60256449-3592,8,6,3.9693,66.8715,EUR,SELL,2026-05-14
IAU-37979589-7976,8,4,91.0376,336.5771,GBP,SELL,2026-05-31
DBG-63464236-3210,8,10,13.8489,116.7803,EUR,SELL,2026-06-22
RKC-80777864-4683,9,6,11.9068,133.7702,EUR,BUY,2026-06-26
WZT-43449989-2551,15,5,13.6318,270.5526,EUR,BUY,2026-05-22
UZN-50192858-0784,1,1,74.6960,37.0481,JPY,BUY,2026-05-29
MJQ-48492924-4324,8,3,87.7881,215.7064,JPY,SELL,2026-05-18
RIY-99278669-1920,2,2,63.1916,415.1356,JPY,SELL,2026-05-31
KJL-58903587-9714,7,3,51.2391,428.4264,USD,BUY,2026-06-02
SWX-93300552-4282,14,9,32.3262,197.8800,CHF,SELL,2026-05-24
CVR-10485607-8218,13,3,25.3423,352.7635,USD,BUY,2026-05-29
XIQ-49559555-8789,8,4,41.0881,208.3998,USD,SELL,2026-06-21
AHO-49614154-5966,5,7,63.8849,154.1846,JPY,SELL,2026-05-18
NXR-64189278-6163,13,7,18.5438,165.5794,GBP,BUY,2026-06-29
BYB-32203133-0742,2,6,92.7150,24.5747,USD,SELL,2026-05-22
LUT-31697030-1802,13,6,72.7933,270.2520,EUR,BUY,2026-06-19
ZDF-75244996-2144,3,10,99.3816,315.0576,GBP,SELL,2026-06-29
PKO-96633710-7542,12,5,74.2712,322.1265,CHF,BUY,2026-05-21
SQH-05797277-2448,2,10,48.5580,382.8115,EUR,BUY,2026-06-13
XJQ-83790809-1287,9,6,95.8069,472.8488,JPY,BUY,2026-05-29
OKL-30559437-1609,4,5,96.5022,104.6025,CHF,BUY,2026-05-31
GHA-92349579-7008,5,5,42.7913,150.8182,JPY,BUY,2026-06-16
VNW-85298404-9022,8,2,14.4066,474.1213,JPY,BUY,2026-05-20
GUE-10113540-3483,6,6,57.2646,20.0674,JPY,BUY,2026-05-18
XWX-76443458-4808,5,9,57.5758,382.1756,JPY,SELL,2026-06-04
IIV-63155974-0846,8,10,71.1049,244.0875,CHF,BUY,2026-06-24
QCZ-34648749-6867,3,3,56.9931,233.3648,JPY,SELL,2026-06-26
SXU-69964763-2681,12,5,92.2702,374.3151,JPY,SELL,2026-05-29
MWL-14461770-7509,2,8,77.5928,385.6215,CHF,BUY,2026-06-23
DFL-24253503-1469,3,9,56.9693,156.9367,GBP,SELL,2026-05-22
YZT-52985133-5408,8,8,97.8445,341.8909,USD,BUY,2026-05-31
ZVE-04371451-9460,15,1,9.4029,355.6784,EUR,SELL,2026-05-13
NXX-49381908-0069,6,5,2.6966,165.6452,GBP,BUY,2026-06-04
BAV-48375541-6155,13,1,81.8383,101.8769,EUR,BUY,2026-06-05
OTV-18392866-8270,1,8,69.0596,64.7094,GBP,SELL,2026-06-01
VOT-98177660-6951,15,2,95.7475,75.4813,EUR,SELL,2026-05-31
VYV-27291990-9881,6,1,61.5065,311.5653,JPY,SELL,2026-05-21
XII-95242258-8236,12,6,21.8010,344.5682,USD,BUY,2026-06-16
XES-81567553-8791,2,4,5.0426,446.1331,CHF,BUY,2026-05-26
TPI-46303462-3537,1,6,6.1212,156.2588,USD,BUY,2026-05-17
LBO-92079129-5703,4,6,13.0580,300.4352,CHF,SELL,2026-05-31
NDZ-45465987-1329,15,10,82.2921,317.4391,USD,SELL,2026-05-26
SBR-33041750-3380,8,4,60.6346,86.8992,EUR,SELL,2026-06-07
OOJ-88287222-7742,4,7,71.4032,63.6040,CHF,BUY,2026-05-19
ZZT-58405970-2815,10,7,68.7202,129.5185,EUR,BUY,2026-05-13
AGI-05098477-7966,9,5,59.7288,266.9217,EUR,BUY,2026-05-22
VKU-68013830-2548,11,2,77.8346,80.0269,GBP,BUY,2026-06-25
SKV-05474439-0581,10,7,84.7532,190.5755,CHF,BUY,2026-05-26
ITP-61119993-4926,4,1,97.0210,323.7710,GBP,SELL,2026-05-26
ZIZ-49831533-5511,14,9,9.1328,326.9744,CHF,SELL,2026-06-09
WYJ-65179127-7886,13,6,19.8281,373.3754,USD,BUY,2026-05-25
YAG-55819583-6099,11,5,9.6623,382.5290,CHF,BUY,2026-06-11
HEH-23125204-8629,14,6,36.5131,106.3375,USD,BUY,2026-05-30
CZB-02297672-1332,15,6,78.6013,114.3829,JPY,BUY,2026-06-07
HWF-44496924-7475,7,7,79.5332,111.0194,EUR,SELL,2026-05-23
PEF-95574278-8928,3,7,20.3556,484.2666,EUR,SELL,2026-06-10
IPV-84930656-4075,13,9,70.2674,161.4247,EUR,SELL,2026-05-29
GJB-49794521-7650,5,5,2.3937,376.7370,GBP,BUY,2026-05-16
VAH-95409226-6656,11,1,71.2391,185.7812,USD,SELL,2026-06-25
ZQJ-76562012-2282,14,3,3.5590,232.4986,GBP,SELL,2026-06-27
AMR-02405191-5859,6,6,52.8530,429.6245,EUR,BUY,2026-06-04
QRD-66714428-3007,8,3,87.8068,77.9835,JPY,BUY,2026-06-22
USU-17492711-4405,1,7,96.7328,81.0162,USD,SELL,2026-05-31
HWK-47478829-5615,7,2,86.6259,185.2758,GBP,SELL,2026-05-29
KVY-72989591-0635,13,4,83.2341,155.9312,EUR,BUY,2026-06-06
RIF-28612371-5753,11,9,33.5805,451.7970,JPY,SELL,2026-05-28
XWU-93052210-1862,10,10,47.7978,419.9318,JPY,BUY,2026-06-11
CSD-94132208-8597,11,6,73.3891,224.2470,JPY,BUY,2026-05-26
BHI-92528894-4884,15,9,42.1365,163.5497,CHF,SELL,2026-05-14
EMA-19992717-5981,6,9,1.5674,485.9340,JPY,SELL,2026-06-24
XIP-87739108-0398,7,6,35.8805,285.2412,JPY,BUY,2026-05-28
IZA-31077369-0612,10,5,45.0324,246.0640,JPY,BUY,2026-06-21
AGQ-20541122-8558,9,6,98.6424,404.7498,EUR,SELL,2026-06-09
ZWP-37464081-7973,3,7,22.0251,82.8331,EUR,BUY,2026-05-26
ILN-84126238-3617,2,1,58.1374,85.8822,CHF,SELL,2026-05-21
VOG-30937191-9460,1,5,58.3823,302.2037,JPY,SELL,2026-06-18
ESD-66610063-1413,13,4,72.1455,300.2205,GBP,BUY,2026-05-20
OVW-94209124-4316,11,2,75.8174,165.2967,EUR,SELL,2026-06-11
IDH-93591502-4430,4,2,23.8744,140.5023,USD,SELL,2026-06-01
KTR-22642352-7686,1,4,23.6058,141.5963,GBP,SELL,2026-06-02
UDX-88292712-1705,15,3,65.6339,35.7216,GBP,SELL,2026-05-29
EWX-14521508-3192,13,4,48.7500,172.2560,JPY,SELL,2026-05-20
DGA-09248844-6532,11,10,86.1997,176.6060,CHF,BUY,2026-06-11
EHN-35983193-2031,8,1,74.7104,391.3519,GBP,BUY,2026-06-05
TFR-38343534-5273,14,9,25.8940,123.9042,EUR,BUY,2026-05-31
IZZ-08547437-9590,11,8,94.6430,383.1467,CHF,SELL,2026-05-24
HSC-70168350-2341,2,9,45.6522,31.7655,GBP,BUY,2026-05-31
MZQ-25246267-5696,3,10,88.5144,272.2703,USD,SELL,2026-06-02
FZT-57027009-0901,14,4,10.9485,266.2967,USD,SELL,2026-06-14
GGW-00206962-8918,4,1,78.5217,145.6446,JPY,SELL,2026-05-27
ZOG-36605289-5977,12,9,15.1055,116.5846,GBP,SELL,2026-06-26
DXK-70122748-9919,10,1,31.7099,452.2102,CHF,SELL,2026-05-16
UEA-30682777-3133,9,6,94.6934,253.0361,GBP,SELL,2026-05-25
QIU-00665363-5776,15,1,59.7728,272.4363,JPY,BUY,2026-05-29
FCI-88493229-0814,15,3,38.5313,378.2337,EUR,SELL,2026-05-27
UGH-14105798-2709,14,2,91.7654,128.0110,JPY,SELL,2026-05-23
FJH-18556472-9068,12,5,83.1980,352.0020,GBP,SELL,2026-05-26
VNQ-55820464-8381,2,1,86.7497,299.8948,GBP,BUY,2026-05-27
AWP-98977064-6884,15,8,84.4581,295.8067,CHF,SELL,2026-06-24
BDD-28116391-0185,3,4,26.1378,127.7754,USD,BUY,2026-05-27
CUG-61483817-0849,13,1,67.3463,358.1964,JPY,SELL,2026-05-29
MTM-00477080-1377,2,9,50.7112,197.9056,JPY,BUY,2026-06-09
BAP-67103204-5049,6,2,97.8770,395.5343,EUR,SELL,2026-06-18
ZMG-62148556-1213,12,2,98.2267,307.0781,JPY,SELL,2026-05-20
WOX-75873225-9992,10,8,92.2528,82.2807,GBP,SELL,2026-05-27
HPQ-61225771-6902,9,8,91.2853,37.1310,EUR,SELL,2026-05-07
OGX-14884508-0472,5,7,99.3588,46.1877,USD,SELL,2026-06-06
XWM-22072773-1831,15,9,24.0022,85.5951,USD,SELL,2026-05-28
EBR-93724895-4278,13,9,91.4744,226.3359,EUR,BUY,2026-05-20
FAK-89468610-1763,10,7,9.9804,96.4419,CHF,BUY,2026-05-24
JQQ-64986473-6687,10,4,26.0373,160.1126,GBP,SELL,2026-06-02
ATE-67394061-6468,8,2,31.5133,488.7377,EUR,BUY,2026-06-15
VHM-69140063-8308,2,4,3.4822,121.7627,CHF,BUY,2026-06-28
QDQ-06550274-2888,6,3,67.3149,395.7584,JPY,SELL,2026-06-24
ZVN-46325809-4122,7,2,31.6146,261.9588,EUR,BUY,2026-05-19
OMQ-37480630-0833,15,7,45.4526,251.0994,JPY,BUY,2026-05-28
YVY-25978923-3610,14,8,30.4170,303.9165,EUR,BUY,2026-05-28
GAI-55313512-8666,12,5,41.0666,106.6360,GBP,SELL,2026-05-28
JKM-61767889-8829,10,3,24.6077,49.5356,CHF,BUY,2026-05-16
WQN-27613560-1952,2,7,84.0894,230.1472,JPY,BUY,2026-05-25
TCQ-39615059-1097,11,5,12.8566,291.3209,GBP,SELL,2026-06-18
QFD-39542978-6416,9,10,23.3686,92.5152,EUR,BUY,2026-06-03
MFL-03655469-0419,3,8,97.5143,199.3205,CHF,SELL,2026-06-04
ZDT-95892437-4276,9,1,41.9280,311.8076,JPY,SELL,2026-06-26
QVB-95838560-4551,12,5,64.6451,50.5252,JPY,SELL,2026-06-14
XKC-31195624-1990,5,6,54.6466,124.9098,JPY,BUY,2026-06-14
XBT-78084474-5052,4,6,77.4001,480.4342,CHF,BUY,2026-06-17
UXH-37980609-2000,7,6,2.0934,440.5379,GBP,BUY,2026-05-28
TGF-26812196-8417,12,5,11.9597,75.5554,USD,SELL,2026-05-15
XAZ-95604951-6680,8,4,41.4603,294.8550,JPY,SELL,2026-06-19
WVQ-68170187-9625,9,10,29.8399,304.6140,CHF,SELL,2026-05-24
YYS-71704817-7729,4,1,45.4560,366.5050,JPY,SELL,2026-05-27
HKY-45029055-7034,4,9,51.2315,81.5888,USD,SELL,2026-06-03
SYV-29791061-9596,9,8,52.1956,51.5170,EUR,SELL,2026-06-29
LCJ-65254021-8185,8,5,88.1817,185.9208,USD,BUY,2026-06-09
SPY-97307029-6797,8,4,85.9768,179.5977,USD,BUY,2026-05-27
OQF-44277816-3209,4,1,86.3809,415.9632,GBP,SELL,2026-06-19
OGU-77002034-9702,3,1,99.0785,372.3973,CHF,SELL,2026-05-30
IKD-41377672-6845,15,8,64.0699,427.5013,JPY,SELL,2026-06-07
WNP-88268064-2446,5,9,28.4949,316.0364,EUR,SELL,2026-05-27
YXK-80974816-9291,3,3,91.0533,366.5083,USD,BUY,2026-06-19
AUZ-12083825-4733,5,6,4.5777,105.4418,GBP,SELL,2026-05-16
HEH-63337878-4005,12,5,30.0336,254.0995,USD,BUY,2026-06-01
GZT-53951374-8203,11,6,53.6369,157.9894,EUR,SELL,2026-05-24
VFW-07810920-6188,4,1,4.6761,302.4445,GBP,SELL,2026-05-25
UEP-33179440-1744,10,3,34.5794,284.8391,EUR,SELL,2026-05-24
AHT-37050879-5193,6,10,83.3770,438.7396,JPY,BUY,2026-06-02
MGJ-07899428-5072,8,4,20.5601,180.2308,CHF,SELL,2026-06-03
DAU-58567181-3712,4,10,29.6537,410.4617,JPY,SELL,2026-05-22
NJI-55690325-1236,1,9,73.6990,298.2433,CHF,SELL,2026-05-21
RLD-18454105-5265,3,8,63.7424,486.9888,USD,BUY,2026-05-27
CFQ-96039470-6057,9,7,22.5155,218.3369,GBP,BUY,2026-05-22
JZC-12650096-9140,4,2,80.5576,286.4214,CHF,SELL,2026-06-06
INY-08974603-3606,3,10,50.1703,162.9191,GBP,SELL,2026-06-06
TFP-19407572-1150,4,8,90.6476,320.9513,CHF,SELL,2026-06-13
DSY-61131312-7136,5,8,7.1248,234.8633,CHF,BUY,2026-06-03
NNR-82557861-0345,6,4,44.8453,182.4432,USD,SELL,2026-06-07
OPG-75991375-4062,14,8,39.9758,411.4357,EUR,BUY,2026-06-01
TQB-24656758-7465,6,6,59.4389,396.7419,CHF,SELL,2026-05-09
EDJ-01473766-9217,1,6,97.1111,479.3673,GBP,BUY,2026-06-01
ZKJ-74197137-7980,8,3,34.5802,243.5733,CHF,BUY,2026-06-08
WHS-42720597-9245,1,5,3.6351,279.2069,USD,SELL,2026-05-12
AET-02029616-8812,14,5,95.2074,341.1204,EUR,SELL,2026-06-17
FYH-41178341-3042,9,5,65.6569,17.3283,GBP,BUY,2026-05-16
IGR-16197257-9853,7,2,74.7217,45.8207,JPY,BUY,2026-06-16
LEJ-63950672-6246,9,8,9.3100,230.7359,GBP,BUY,2026-05-24
IEY-96932072-6906,15,5,92.1448,194.6350,USD,SELL,2026-06-06
MXJ-46598091-7498,6,8,36.1579,183.1799,JPY,BUY,2026-05-31
RGU-07688824-5845,5,6,56.8585,137.3469,GBP,BUY,2026-05-30
KKB-24325207-2236,3,10,52.2806,340.4620,USD,BUY,2026-05-29
EUI-51415417-4716,15,2,22.9380,184.1081,CHF,BUY,2026-06-03
MUE-24349402-9416,2,2,19.7908,454.2427,EUR,BUY,2026-05-31
BXY-08830117-0018,4,3,8.4116,221.7552,USD,BUY,2026-06-07
GHU-24240415-2309,5,9,5.3100,353.4311,GBP,SELL,2026-05-27
IWL-98775918-7945,11,6,34.5446,24.4890,CHF,SELL,2026-05-27
SJQ-82024598-5000,13,3,21.6473,29.6309,EUR,SELL,2026-05-27
MUK-23152319-7456,9,4,35.6809,446.8897,GBP,BUY,2026-05-31
PWC-92293797-9145,1,9,49.4486,411.1597,USD,SELL,2026-05-23
ZWZ-95002431-8320,5,2,35.8098,173.6795,GBP,SELL,2026-05-31
IRJ-90886639-5804,11,1,58.2066,139.0796,CHF,SELL,2026-06-15
NXF-54778769-1999,5,10,52.5459,470.3041,CHF,BUY,2026-06-20
RZL-63384851-1739,12,8,28.7624,296.6176,GBP,SELL,2026-05-27
DCF-87066167-6239,6,7,94.9815,43.4058,CHF,SELL,2026-06-06
FVF-38976903-6432,8,3,98.2613,476.3483,EUR,BUY,2026-06-29
QFQ-45846263-6289,11,3,19.4195,82.2757,GBP,BUY,2026-06-22
KMF-89328215-3407,4,3,9.6221,301.3938,GBP,BUY,2026-05-30
RBB-02172335-6850,9,4,89.5251,15.1163,JPY,BUY,2026-05-16
TVH-73501658-7445,4,7,25.7827,139.6646,GBP,BUY,2026-05-31
CTH-71854331-9485,11,5,74.4679,347.0393,CHF,BUY,2026-06-04
VDK-83548635-6455,15,9,41.0153,21.1581,GBP,SELL,2026-05-30
BVC-86343632-7093,9,5,97.4043,285.5542,GBP,SELL,2026-06-12
YVV-95434414-1649,2,4,88.4878,199.0744,EUR,BUY,2026-05-23
MCM-57677589-9949,9,3,31.4943,353.0499,EUR,BUY,2026-05-18
VQX-70850604-7624,15,6,17.0522,255.1097,JPY,BUY,2026-06-26
SRD-12848602-1179,2,5,79.7845,377.9991,CHF,BUY,2026-05-24
AAD-38553631-6630,7,8,51.2211,64.5711,GBP,SELL,2026-06-10
VXQ-66750940-2476,3,4,92.1251,464.2896,USD,BUY,2026-05-23
GGV-49987357-4286,2,2,19.1511,128.6524,EUR,SELL,2026-06-09
YOR-27496072-6220,4,8,72.9267,153.5869,EUR,SELL,2026-06-24
HRQ-32343972-8596,14,10,50.8495,336.6239,JPY,BUY,2026-06-27
NTR-02984925-4882,15,3,63.4613,282.6535,EUR,SELL,2026-06-03
DEM-46661484-8584,10,4,98.0102,235.5391,JPY,BUY,2026-06-26
JLK-06684014-9358,14,5,75.1668,167.1479,EUR,BUY,2026-05-23
NIS-19164105-2165,3,3,15.3139,309.1116,USD,BUY,2026-05-26
MRH-22075960-2795,6,8,74.7780,262.7010,JPY,BUY,2026-06-10
XLF-42244691-5985,5,10,19.2279,468.1088,GBP,BUY,2026-06-24
ZBT-37587248-6776,14,2,48.8291,329.6404,GBP,BUY,2026-06-09
NQP-31095185-7313,7,1,61.8098,179.6062,USD,BUY,2026-05-25
VFA-97690982-0505,4,8,66.7048,336.6869,EUR,BUY,2026-06-09
RHF-97651537-8233,8,10,78.6120,221.3006,CHF,BUY,2026-05-27
XWL-14416695-7786,14,10,94.3682,56.0556,JPY,BUY,2026-06-01
KCH-40731132-5984,3,5,60.5654,438.2265,USD,BUY,2026-06-20
IRF-03508017-5004,8,7,99.7265,495.9511,GBP,BUY,2026-05-05
RZM-61526599-4374,1,6,50.2801,430.0497,EUR,BUY,2026-06-21
KOE-75986803-8949,5,7,18.2495,171.3814,USD,BUY,2026-05-29
MHR-39192169-0231,1,1,58.0467,332.8912,GBP,SELL,2026-05-26
ZZH-99117102-2196,4,1,59.7582,37.6680,CHF,SELL,2026-05-26
GZO-94422808-0545,12,9,52.1625,494.3716,EUR,BUY,2026-05-22
XYR-72140271-2793,1,2,46.4042,449.1312,GBP,BUY,2026-06-27
JLF-85833577-9145,9,9,18.5679,493.9833,JPY,BUY,2026-05-29
ZFE-05374777-5201,10,6,81.6010,242.5498,EUR,BUY,2026-05-14
PIJ-40491166-9033,4,6,58.4415,283.8406,GBP,BUY,2026-06-11
OZX-19974885-2758,5,4,12.5469,347.4508,JPY,SELL,2026-06-06
ITL-83009884-4688,14,6,15.0939,340.9718,JPY,BUY,2026-06-22
IQK-45303100-5271,10,9,18.9908,178.3732,USD,SELL,2026-06-16
ONA-49684480-6968,12,6,8.2744,160.8495,JPY,BUY,2026-05-31
KZB-56386794-4046,1,10,1.3214,65.3456,JPY,BUY,2026-05-28
BKO-16053619-6121,9,1,70.5066,371.0088,EUR,BUY,2026-06-21
LFL-61598385-8844,15,8,67.6595,426.9882,JPY,SELL,2026-05-25
OXV-43360096-5441,2,10,42.9858,142.1796,GBP,BUY,2026-06-13
QXZ-36606147-3870,3,7,57.0775,435.5540,USD,SELL,2026-05-15
FCM-94964404-4024,8,9,57.4285,159.3027,JPY,BUY,2026-06-24
FSE-64838394-0045,10,5,67.6849,78.2560,GBP,SELL,2026-06-19
ZRI-22991743-2644,2,1,75.4311,244.0134,USD,SELL,2026-06-13
FJA-58646820-8778,1,6,85.1858,188.2792,EUR,BUY,2026-05-08
ABI-73567206-4336,6,10,19.9600,313.5480,CHF,SELL,2026-05-19
QTG-10825129-2746,7,10,17.7543,255.1873,USD,BUY,2026-06-29
KCY-04718855-2300,10,4,73.5001,215.3810,CHF,SELL,2026-06-27
JZL-07046357-2247,5,9,20.3657,298.2852,EUR,BUY,2026-05-25
ALV-74943511-0056,2,3,18.1993,435.7607,EUR,SELL,2026-05-28
ZQO-92113797-0797,1,1,47.2067,168.8991,CHF,BUY,2026-05-14
QDO-77714796-0608,12,3,96.7473,462.8638,JPY,SELL,2026-06-04
QRE-44393009-7393,6,7,62.6306,140.5063,CHF,BUY,2026-06-02
KGY-70208878-5229,3,3,84.1956,181.8560,JPY,SELL,2026-05-28
KIS-13282365-7612,12,4,43.6337,476.8415,CHF,BUY,2026-06-15
RJO-58643030-0701,8,4,81.1936,247.5722,CHF,SELL,2026-06-19
UDE-27827656-4499,1,4,85.3976,462.8404,USD,SELL,2026-06-08
LWG-02070530-2253,14,3,96.1099,54.9064,EUR,SELL,2026-06-01
WXY-46614737-9868,11,7,31.8479,482.7618,USD,SELL,2026-05-22
KMS-96712697-1346,8,7,28.1956,282.2813,CHF,SELL,2026-05-26
LXJ-15157340-7000,3,1,27.6921,272.3019,CHF,SELL,2026-06-15
QZF-11929848-9793,5,5,35.2201,409.7930,JPY,SELL,2026-05-24
KHR-74061789-5691,12,10,3.1382,204.8941,EUR,SELL,2026-06-08
ISP-20525566-4960,6,8,71.5973,359.1483,USD,SELL,2026-06-22
HYY-67642347-1219,2,6,44.2927,146.1444,EUR,BUY,2026-05-31
KTH-96273945-4941,14,7,45.6370,169.6244,CHF,BUY,2026-05-24
ZFR-31604599-6527,13,8,81.2761,390.0263,USD,SELL,2026-06-16
FLN-48445628-3379,1,6,6.2467,118.4527,CHF,SELL,2026-06-23
ICA-11159677-1606,8,8,58.7613,243.3178,CHF,BUY,2026-06-06
QVI-50824699-5373,6,5,54.6001,184.0724,JPY,BUY,2026-06-11
ELT-88477134-0536,9,3,8.6840,343.6161,CHF,BUY,2026-05-29
KYI-34032225-7193,8,5,16.5934,296.8480,CHF,SELL,2026-05-25
OMH-35321476-9736,1,3,41.5512,220.1502,JPY,BUY,2026-06-04
JHG-90637219-2536,12,8,60.9239,240.7472,CHF,SELL,2026-05-18
KVG-01121123-2846,2,5,31.3723,301.2270,USD,BUY,2026-06-11
AHR-40050341-3243,11,6,65.3849,331.9048,EUR,BUY,2026-05-18
HIZ-50081201-7002,10,5,16.0971,258.9252,JPY,SELL,2026-05-29
JMT-65494571-8647,8,4,78.7863,378.9145,CHF,SELL,2026-05-25
RBY-94358794-9450,14,9,37.5023,296.8447,JPY,BUY,2026-06-03
RUA-68803112-5674,5,1,2.6881,384.8877,EUR,BUY,2026-05-25
TBR-99684511-4839,14,3,74.1444,381.7208,GBP,SELL,2026-05-27
VBG-74852401-6140,3,8,85.0640,430.4923,JPY,SELL,2026-05-28
LIO-89370371-9691,3,2,96.8426,380.6478,GBP,BUY,2026-06-22
IQV-24280183-2474,12,2,13.4661,337.5482,EUR,SELL,2026-05-17
NCR-24138011-9290,3,9,88.1674,240.8621,EUR,BUY,2026-05-20
QAU-03960906-2390,8,9,37.0394,333.6309,USD,SELL,2026-06-07
ZLL-85618486-0980,6,3,94.0076,331.8522,JPY,BUY,2026-05-25
IYW-80557918-7425,13,2,71.3751,144.2734,USD,BUY,2026-06-26
YUK-72786588-5659,12,6,2.1589,304.3426,JPY,SELL,2026-05-23
YKQ-13193596-8203,13,10,82.8568,471.4466,CHF,BUY,2026-05-28
UYU-35749316-6620,1,4,38.1660,385.2107,USD,BUY,2026-05-28
DZG-76356205-8717,8,2,17.1404,283.1816,CHF,SELL,2026-05-07
TBH-47014186-3937,4,10,21.2694,420.5335,USD,BUY,2026-06-09
RHQ-22275112-0855,3,8,1.2296,238.8196,CHF,BUY,2026-05-28
QON-90133502-9972,12,9,60.9923,139.7089,USD,SELL,2026-06-13
JMT-40645771-7048,10,9,20.5147,364.9480,USD,BUY,2026-05-20
EHA-05058742-7105,14,8,60.1144,339.5812,JPY,SELL,2026-05-20
QVX-59517592-5356,12,2,64.3381,437.9063,USD,SELL,2026-05-21
EZG-72837006-2587,5,5,16.7009,89.8705,USD,SELL,2026-05-14
XGZ-57693217-7299,8,9,75.9492,318.1222,USD,SELL,2026-06-18
WLF-44500150-7488,12,1,99.4844,121.0035,USD,SELL,2026-06-01
QMF-25233488-0259,8,1,96.3303,208.7603,CHF,SELL,2026-06-04
TJX-75074610-3918,9,7,31.9444,413.3530,CHF,SELL,2026-06-25
MLI-94103634-4724,9,5,83.7703,299.7294,EUR,SELL,2026-05-24
HXE-00936941-5416,9,7,33.0741,331.4224,USD,BUY,2026-06-26
TAR-56651038-7201,4,8,61.0541,147.3996,GBP,BUY,2026-06-19
YDB-38008741-4009,2,3,38.1683,460.0552,JPY,BUY,2026-05-31
OMG-03488523-9786,15,9,73.1065,70.4420,EUR,SELL,2026-06-05
YKL-96443598-6079,12,4,49.7677,367.5140,CHF,SELL,2026-05-21
OVL-88133294-8397,2,9,98.2730,339.0098,USD,BUY,2026-05-22
ESH-82464906-1390,14,5,9.0662,11.7299,GBP,SELL,2026-06-25
MFF-19559906-4819,11,2,37.9084,182.8891,JPY,BUY,2026-06-06
NHV-48571559-7017,1,3,60.7296,161.2062,CHF,SELL,2026-06-09
BTI-66246443-6435,9,5,75.1089,380.4410,USD,BUY,2026-06-09
ADB-65633730-7802,2,9,14.9545,164.9752,USD,BUY,2026-05-22
VQM-82755390-0914,3,9,98.6626,228.5191,GBP,BUY,2026-06-17
FZP-98571118-7458,6,8,57.2401,40.7384,USD,BUY,2026-06-03
DFQ-34761910-9921,10,9,44.4490,111.6222,GBP,SELL,2026-06-17
YFG-99642851-8013,5,4,87.5538,316.2261,EUR,BUY,2026-06-12
RWB-04628889-6082,6,4,9.1527,100.1548,USD,BUY,2026-05-31
CRV-80173852-0241,2,1,87.3237,164.8514,USD,SELL,2026-05-29
WWW-48907106-2310,11,5,37.0699,407.4521,USD,BUY,2026-05-20
GDV-78472693-2396,4,9,76.9196,311.0756,EUR,BUY,2026-05-26
BTG-46183428-7390,1,1,75.4709,130.6216,USD,SELL,2026-06-15
MUM-29806031-8297,15,5,33.9290,59.7141,USD,SELL,2026-06-25
JKR-75749502-4530,3,8,80.8327,33.1452,CHF,BUY,2026-06-15
BAN-26715694-6847,1,2,9.3298,331.5410,CHF,SELL,2026-06-03
AOZ-12992837-4415,11,7,81.1907,138.6250,GBP,BUY,2026-06-10
QJU-65640813-7304,13,4,27.2845,396.6806,JPY,SELL,2026-05-26
FXT-41867010-1847,12,4,26.8476,304.9986,JPY,BUY,2026-06-08
IUU-99084124-0548,4,10,24.6644,493.3105,JPY,SELL,2026-06-02
SEQ-08651420-0932,5,3,47.8174,56.8718,JPY,SELL,2026-06-10
YBJ-60857183-3569,7,10,29.4157,448.4449,EUR,SELL,2026-05-19
OKK-78936274-1017,5,9,16.6170,71.3376,USD,BUY,2026-06-17
DHK-41481303-6657,5,2,44.1851,55.3915,EUR,BUY,2026-06-17
PFW-43260741-4700,5,6,33.3849,24.5001,EUR,BUY,2026-06-14
SYG-14250281-7782,7,4,40.2696,172.5018,EUR,BUY,2026-06-10
FER-48072524-9921,1,4,11.2983,96.6861,JPY,BUY,2026-06-01
AZD-82878259-8093,13,10,55.1166,137.5781,CHF,BUY,2026-05-30
BGZ-63976724-8345,7,7,6.5301,352.6320,GBP,BUY,2026-05-29
PAN-21942567-2058,8,4,80.3072,332.3786,JPY,SELL,2026-05-17
IOM-76846652-5702,4,4,9.4781,281.8264,USD,BUY,2026-05-24
BVM-34659978-7808,7,1,16.6250,425.1832,EUR,BUY,2026-06-13
BTW-29360416-9009,11,2,24.2234,70.6535,GBP,BUY,2026-05-26
NQR-12131389-1221,11,6,56.9993,181.0723,USD,SELL,2026-06-24
HEH-15424773-1422,4,8,95.1258,116.8561,CHF,BUY,2026-06-09
YJC-65577449-1041,6,9,42.2612,381.6715,EUR,SELL,2026-05-09
XFE-95177119-3013,11,5,42.5259,44.3899,CHF,BUY,2026-06-01
HBY-67539442-4070,10,7,32.8310,118.0013,GBP,SELL,2026-06-05
GGT-36140599-1856,10,9,45.8404,444.2613,JPY,SELL,2026-05-25
NJS-53112415-3785,8,4,3.1444,404.2056,EUR,SELL,2026-05-24
GKD-92626817-3796,12,10,17.8648,174.2046,CHF,BUY,2026-05-24
ZDD-57573511-1404,7,1,20.5508,464.7978,USD,BUY,2026-06-16
XRH-25305193-7907,7,7,79.9309,347.4978,GBP,SELL,2026-05-31
JXL-76115209-1560,9,3,4.5244,263.9340,USD,SELL,2026-05-25
TLV-53762448-8456,7,1,34.3062,396.0536,USD,BUY,2026-05-22
VAK-21280344-5503,10,8,80.5208,40.4516,EUR,SELL,2026-05-20
RBM-79298555-6537,9,9,74.6898,75.5961,JPY,BUY,2026-06-08
OPR-71582056-6010,1,7,89.1181,207.1134,USD,SELL,2026-06-10
LSL-28541725-9612,8,5,21.0464,288.4235,JPY,BUY,2026-06-12
YBC-21023250-8976,9,4,88.3592,89.4778,USD,SELL,2026-05-24
ZFX-69146979-8626,13,5,50.2720,336.2254,EUR,SELL,2026-06-03
WOD-18174288-5600,8,1,75.6742,59.2164,GBP,SELL,2026-05-27
EAD-55581988-9753,3,3,65.6979,249.2549,JPY,BUY,2026-05-28
ADD-62350849-2910,9,7,62.5260,419.2972,JPY,SELL,2026-05-19
TFM-39472075-0050,5,7,63.8633,487.8830,GBP,SELL,2026-05-29
TGI-26102165-9719,12,9,12.5336,167.7846,GBP,SELL,2026-06-27
VLI-28428891-3724,13,8,7.3200,353.6330,EUR,BUY,2026-06-09
ZZB-35864078-1316,11,5,33.0094,342.1774,GBP,BUY,2026-05-18
TEX-48414649-5733,13,9,2.3893,100.9060,JPY,BUY,2026-06-05
CGP-56133299-3148,3,10,32.7533,368.5642,USD,SELL,2026-05-19
IYZ-68377566-1767,12,7,39.6522,302.6429,EUR,SELL,2026-05-27
BGU-78152579-7328,14,3,38.8344,210.8047,GBP,BUY,2026-05-29
WCC-95493318-5124,8,10,15.5686,474.4760,CHF,BUY,2026-06-01
APE-96733498-4547,11,1,49.6421,56.6892,USD,BUY,2026-06-25
CJF-82247949-5717,2,9,17.2870,487.8542,EUR,SELL,2026-06-19
UUZ-98591846-7677,11,5,98.2490,476.6708,GBP,BUY,2026-06-20
UDP-74270012-0626,5,4,85.6683,301.6263,JPY,BUY,2026-06-12
PEE-94892364-0638,1,8,43.4362,355.7252,JPY,SELL,2026-06-07
KBM-44402483-6428,5,6,24.7864,411.3240,USD,SELL,2026-06-13
IBJ-72332971-0487,6,1,10.0102,496.5330,USD,BUY,2026-06-12
GCU-56600814-9939,11,5,55.6886,427.5699,USD,SELL,2026-05-24
CBP-97424499-0800,10,9,77.8847,294.2201,EUR,SELL,2026-06-17
WZZ-44426642-7593,13,7,48.9731,496.1514,JPY,SELL,2026-06-12
WRE-57795221-5733,6,7,81.3587,469.1447,GBP,BUY,2026-06-05
PFX-05842267-7594,9,10,45.3167,462.7314,CHF,BUY,2026-05-30
TVC-73160440-2992,2,9,88.1065,72.9710,USD,BUY,2026-05-27
OGU-98103424-9461,15,5,30.4896,373.1959,EUR,BUY,2026-06-11
PZD-31279508-6122,7,9,78.5290,63.3463,USD,SELL,2026-05-28
MRR-89663727-0859,2,5,98.9807,96.7298,EUR,SELL,2026-05-26
JQW-83311861-2174,11,5,5.9931,475.6720,CHF,BUY,2026-06-02
DWK-15978387-0775,10,3,91.9727,319.9169,USD,BUY,2026-05-22
PDU-58724038-9153,10,1,26.4627,442.5854,USD,BUY,2026-05-28
FMF-43277111-2575,11,2,54.1737,254.7508,EUR,BUY,2026-05-29
TFM-48379552-7994,10,6,63.4839,40.9050,USD,BUY,2026-06-23
FLN-81238698-2995,14,1,18.4097,432.4717,EUR,SELL,2026-05-25
TQF-98281198-4036,13,1,47.1083,432.1222,USD,BUY,2026-06-02
UEN-73169719-1162,3,2,14.4777,398.1714,CHF,BUY,2026-06-21
HBM-04598643-3323,3,1,55.4609,18.4264,CHF,SELL,2026-05-22
QYO-75940902-5369,12,10,36.3370,406.4721,JPY,SELL,2026-05-30
XAR-00503712-9069,12,8,91.3821,129.0247,EUR,BUY,2026-05-25
ATC-42686230-9538,15,1,2.5924,257.7232,JPY,SELL,2026-05-28
QWA-84631198-7467,7,3,99.8412,114.1755,JPY,BUY,2026-06-22
GKS-34984213-9219,7,2,59.9030,339.7499,USD,BUY,2026-05-19
LCX-07446865-1176,12,10,24.4848,341.9578,USD,BUY,2026-06-28
ZXN-57636615-5720,9,6,24.1609,87.5803,EUR,BUY,2026-05-21
VUM-67642400-4200,2,6,55.1606,462.9568,JPY,BUY,2026-06-22
CLI-27968283-5950,3,10,14.5657,58.4633,CHF,SELL,2026-05-27
OAS-49619372-5584,15,2,22.7957,481.2558,JPY,BUY,2026-06-02
ELP-41221571-4167,9,6,12.5465,271.4982,EUR,SELL,2026-05-18
GQI-51522077-9349,13,3,89.5148,286.0535,GBP,BUY,2026-06-04
XSU-35544146-6747,2,5,36.9985,495.9566,GBP,SELL,2026-06-21
HVH-41577064-2576,14,4,29.2647,266.9651,CHF,BUY,2026-06-08
HTS-49937170-3705,5,3,93.5790,55.9597,USD,SELL,2026-05-19
JCK-82939733-5393,7,6,62.5592,14.0044,JPY,SELL,2026-06-26
ZLK-80398338-9471,1,8,38.1539,85.1067,EUR,SELL,2026-05-31
MKX-76837146-5886,8,6,93.3856,412.3703,USD,SELL,2026-06-01
UPK-70677389-5994,4,2,5.6454,359.3458,EUR,BUY,2026-06-05
XPW-17960539-4116,12,10,51.8072,45.1720,USD,SELL,2026-05-13
ZCH-26146086-9631,6,9,33.5267,486.3252,GBP,SELL,2026-05-19
WIG-38513163-0714,15,6,20.2899,455.9097,CHF,BUY,2026-06-20
YMV-27636399-1943,3,4,10.6984,160.8709,CHF,SELL,2026-05-09
UCO-32920075-1593,7,1,26.4761,222.1854,GBP,BUY,2026-05-27
EAA-15980098-5244,14,10,93.3919,372.2297,JPY,SELL,2026-06-02
RPR-31708145-5458,12,1,87.2106,74.3798,GBP,SELL,2026-06-27
DFO-80090488-2675,4,2,33.7145,340.5340,JPY,SELL,2026-06-26
DPE-76021640-9457,2,6,57.7610,400.4143,GBP,BUY,2026-06-19
MBR-48477856-0651,2,2,18.7003,126.2144,EUR,BUY,2026-06-13
ABZ-87458044-1056,5,6,85.2175,192.4276,JPY,BUY,2026-06-07
WDA-55127757-0060,7,4,94.4538,388.2432,CHF,SELL,2026-05-28
DXU-17742966-9563,3,6,86.4540,499.9831,JPY,BUY,2026-05-19
BMR-93167952-8560,8,10,99.5664,380.3330,JPY,SELL,2026-06-10
NHS-20329581-0395,8,6,42.9549,478.1000,EUR,BUY,2026-05-31
UJY-20145858-3840,15,2,26.8079,402.1832,CHF,BUY,2026-05-26
YUC-42449414-9115,12,8,32.6984,145.5521,USD,BUY,2026-05-30
NGZ-09076132-7717,13,7,35.3095,421.2929,CHF,SELL,2026-05-22
ZOF-78142103-2014,3,4,88.0096,293.2695,EUR,BUY,2026-06-05
FQC-10030914-6750,9,8,90.9996,410.5016,CHF,SELL,2026-06-21
SEX-76479221-8433,7,9,9.2820,44.4891,EUR,SELL,2026-05-28
YKY-78624161-9289,3,10,41.5004,499.9778,GBP,SELL,2026-05-31
DLQ-32291062-5116,14,8,90.7562,51.8554,USD,BUY,2026-05-15
GNX-74305790-1216,2,4,9.0077,301.7931,JPY,BUY,2026-05-31
JPM-20231233-9957,9,5,98.1388,302.5106,USD,BUY,2026-06-02
SQN-08033427-6568,8,5,53.2190,471.5926,EUR,SELL,2026-06-04
KCA-31449475-4918,13,1,33.9922,288.3285,CHF,SELL,2026-05-24
GCF-29602436-6093,2,1,23.7048,392.3154,USD,BUY,2026-06-11
FNH-04926105-9853,4,4,55.7817,343.3527,CHF,BUY,2026-06-24
XHM-91104882-9774,10,7,63.1459,315.1550,CHF,BUY,2026-05-26
GIQ-16103733-8217,9,4,28.1800,210.6833,USD,SELL,2026-06-28
FOM-71287764-8628,8,3,74.9133,306.3834,JPY,BUY,2026-05-28
YWR-15237456-6148,5,8,44.2472,441.8310,CHF,BUY,2026-06-06
FHP-25386647-6513,12,9,34.3276,300.3204,CHF,SELL,2026-06-05
AMT-70481911-6720,11,9,12.4585,203.2325,JPY,SELL,2026-05-23
WLQ-09718794-9230,15,10,39.8863,452.1299,USD,BUY,2026-05-26
EWV-23417489-4252,10,2,4.8452,25.0192,EUR,BUY,2026-06-13
WIH-60974265-6251,13,4,51.3599,345.0876,CHF,SELL,2026-05-21
BTN-96961028-6455,15,6,71.7535,359.2528,JPY,BUY,2026-06-17
BTQ-54334512-8276,5,9,35.8434,87.2721,EUR,SELL,2026-06-01
UCL-71206476-6192,1,1,69.0312,240.6131,GBP,BUY,2026-05-16
OUQ-33739451-9863,10,7,95.7227,181.1096,EUR,SELL,2026-06-16
AZN-60787331-0658,11,4,71.8480,107.4626,EUR,SELL,2026-05-30
UMM-85380084-9826,9,8,75.4405,22.7998,GBP,SELL,2026-06-03
KUG-07043950-3854,12,6,13.3584,218.2262,GBP,SELL,2026-05-23
TSS-72700932-3841,14,4,48.6925,296.6079,EUR,BUY,2026-06-28
DAQ-99238068-1185,15,8,28.4468,86.1115,JPY,SELL,2026-05-26
OCU-05636113-7852,1,7,90.8867,25.3293,JPY,SELL,2026-06-26
DOS-91165214-6172,7,6,86.4209,350.8045,JPY,SELL,2026-06-05
GND-41281651-0744,6,4,77.5596,253.2315,GBP,BUY,2026-05-24
ZRR-00755637-3361,14,1,17.4132,135.7935,GBP,SELL,2026-05-22
HPP-92124201-5599,11,4,92.6281,315.9007,CHF,SELL,2026-06-01
WUP-89047015-1046,3,7,47.3737,225.7502,JPY,BUY,2026-06-22
GWP-11626154-4592,4,10,95.6755,313.2264,GBP,BUY,2026-06-06
IKU-65062280-7806,7,8,25.9039,206.5029,CHF,SELL,2026-06-04
GVZ-76906360-5693,6,4,7.6564,209.1210,JPY,SELL,2026-06-06
HNV-89950160-4934,10,7,47.6912,27.4894,CHF,SELL,2026-06-24
SDW-71262442-1416,11,4,71.1652,258.5364,CHF,BUY,2026-05-24
EFD-29812225-3880,11,7,10.6275,36.2284,JPY,SELL,2026-06-17
NZA-98117766-2018,14,9,29.9243,79.4814,EUR,SELL,2026-06-07
DYS-35543699-9934,13,6,11.5637,255.1635,GBP,BUY,2026-05-23
XXB-21376759-8185,2,5,61.5867,406.9075,EUR,SELL,2026-05-30
CXA-42987279-6454,1,9,12.6773,206.4726,EUR,SELL,2026-06-14
LYR-24075474-3288,3,10,82.5782,360.7349,CHF,BUY,2026-05-29
NLF-09721169-1274,15,6,28.2519,251.2528,EUR,BUY,2026-06-24
SKA-05941419-6736,2,5,80.3366,102.7898,JPY,SELL,2026-05-29
AAT-09251101-0882,11,5,35.1545,106.7893,GBP,SELL,2026-06-24
IHF-49210686-2616,15,5,92.3730,248.9979,CHF,SELL,2026-06-11
EVV-39065984-5532,2,3,7.7226,181.3615,USD,SELL,2026-06-12
BXL-50676778-5288,7,7,31.9860,94.7503,JPY,BUY,2026-05-21
ACS-53985644-4925,11,9,44.1217,364.9446,GBP,SELL,2026-05-19
RCG-61476846-5411,15,3,64.8070,167.3727,CHF,SELL,2026-05-22
IRT-24968445-9305,5,3,13.0548,77.3067,CHF,BUY,2026-05-31
EOP-14078188-9321,2,2,20.7075,14.6591,USD,SELL,2026-06-17
UAK-99975565-9742,5,10,41.5834,47.5029,USD,BUY,2026-06-28
GVG-53862048-9421,6,6,36.5423,203.6321,USD,SELL,2026-06-17
CJW-59652512-0712,14,7,78.9306,79.8537,EUR,BUY,2026-05-13
KTU-84245887-6469,5,3,91.5544,296.0982,JPY,SELL,2026-06-06
MCM-91693394-6893,14,6,18.1949,318.0386,CHF,BUY,2026-05-16
CAF-14614815-0202,10,2,4.5117,49.7479,EUR,BUY,2026-05-24
TUV-27977718-4872,13,7,7.0544,272.8175,USD,BUY,2026-06-13
RJZ-22182927-6294,14,2,48.4572,283.5133,CHF,BUY,2026-05-26
LOA-43557937-8941,1,8,49.4994,237.4158,JPY,SELL,2026-06-10
AMJ-21710535-3427,14,1,80.6223,37.2306,USD,BUY,2026-05-23
HOB-87976918-2201,10,9,99.5416,143.9126,EUR,SELL,2026-06-15
YRX-72967252-9075,5,6,69.0412,372.1570,CHF,BUY,2026-05-24
LIV-51032661-1845,5,2,58.0070,451.1143,CHF,BUY,2026-05-27
SFB-15094661-4799,10,9,3.3956,445.2796,GBP,SELL,2026-05-29
JJJ-30203385-9216,9,1,96.3896,322.7403,JPY,BUY,2026-05-24
DVP-67307655-6748,9,4,62.0647,46.8645,USD,BUY,2026-05-09
WHA-23873095-5276,14,7,44.2625,458.3226,CHF,SELL,2026-05-26
CNS-24913146-7407,13,9,90.3938,431.3031,GBP,SELL,2026-06-15
SVZ-08337569-6230,8,6,19.2303,461.9059,USD,BUY,2026-05-29
PTS-73671166-4011,3,2,76.4260,151.2652,JPY,BUY,2026-05-28
TZT-46597963-4896,4,3,46.8495,139.2513,JPY,SELL,2026-06-28
TYO-93849427-9070,1,3,5.6241,487.5506,USD,BUY,2026-05-25
RNZ-26985028-1988,8,1,66.0489,437.0321,CHF,SELL,2026-06-06
HLJ-30619570-7373,13,1,67.6108,79.2228,USD,BUY,2026-06-05
KBS-36197124-0765,4,2,72.5029,406.6346,GBP,SELL,2026-05-17
ZDK-66774952-5621,2,2,64.5987,449.5187,EUR,SELL,2026-05-17
HPJ-77079726-7335,3,4,65.6373,393.3923,USD,SELL,2026-06-06
NEE-61752674-1614,2,2,22.7255,314.5213,GBP,BUY,2026-05-25
MRZ-77540546-9996,3,5,24.6012,261.8757,USD,SELL,2026-06-09
EWA-36890540-8920,15,10,15.5793,458.4579,CHF,SELL,2026-05-26
ZRM-96221268-7737,12,10,9.3916,379.9408,EUR,BUY,2026-05-15
ILK-38089679-4530,12,9,44.7574,430.1170,USD,SELL,2026-06-01
UNT-25600167-6829,13,4,78.7941,73.7708,JPY,BUY,2026-06-29
QFS-03848085-4850,14,2,46.4872,99.7356,EUR,SELL,2026-05-18
YXR-63877061-5551,8,2,37.2165,117.8135,GBP,SELL,2026-05-28
BUG-27659351-7562,5,1,95.4144,387.6286,USD,SELL,2026-06-03
VZF-36618864-1042,4,1,71.8579,237.1931,USD,BUY,2026-06-04
PGQ-95503374-7309,2,4,58.2406,130.5849,CHF,BUY,2026-06-08
NJQ-95533169-4940,2,9,62.6504,144.1656,GBP,BUY,2026-05-24
LLP-80621535-5076,10,1,60.9727,21.9780,EUR,SELL,2026-05-27
HHB-85691420-1908,14,10,55.7864,173.9550,EUR,SELL,2026-05-31
QNK-57254804-0559,7,3,36.5440,256.8764,EUR,SELL,2026-05-22
WCS-89940865-0214,10,7,68.4128,70.9660,CHF,BUY,2026-06-14
BDH-70726384-2856,15,10,68.3379,453.5594,CHF,BUY,2026-05-30
NNH-51976633-2329,9,8,10.0830,81.2573,CHF,BUY,2026-06-26
HET-83518376-3264,3,5,1.8836,190.0264,JPY,SELL,2026-05-31
VJP-90622394-4706,5,4,18.2072,184.2863,USD,BUY,2026-05-27
EIZ-43096846-6588,6,4,36.4843,499.1696,GBP,BUY,2026-05-29
ULC-06541307-7660,14,10,82.4040,472.1016,USD,BUY,2026-05-24
ALG-83153684-6265,1,3,43.8474,306.4062,EUR,BUY,2026-05-26
HTJ-00679992-9710,12,7,83.2427,27.9320,USD,SELL,2026-05-10
YNU-61659609-7851,5,3,44.7140,136.6414,USD,BUY,2026-06-16
FHQ-59098152-3068,7,6,67.8831,213.2614,EUR,BUY,2026-06-01
VOR-69983886-9561,10,2,63.8870,106.7810,JPY,BUY,2026-05-24
LJB-74867360-4303,9,1,98.2822,296.8980,EUR,BUY,2026-05-19
JRN-13108283-6191,5,10,66.0049,375.9458,GBP,BUY,2026-06-21
GOT-20283742-1429,2,4,58.4906,115.7510,CHF,BUY,2026-06-10
EML-26682778-6408,4,10,3.2854,48.7696,JPY,BUY,2026-06-02
OMI-29784484-5577,11,6,80.1149,392.9085,GBP,BUY,2026-06-13
ZNT-12877626-5811,3,9,57.9444,299.3160,GBP,SELL,2026-05-30
IHQ-78520210-7494,10,8,57.5155,331.3463,GBP,BUY,2026-05-21
EME-23086230-8255,11,2,3.9406,306.9637,USD,BUY,2026-06-25
KRE-71199124-0971,14,10,16.4672,452.4412,GBP,SELL,2026-05-14
MUY-42332139-1504,3,10,11.0319,326.4030,CHF,BUY,2026-05-23
WDA-81257177-7219,8,10,71.0741,491.8203,EUR,SELL,2026-06-04
KOL-73264686-0572,3,7,63.6593,211.6043,USD,SELL,2026-06-23
UTG-09513084-4840,10,1,54.2948,125.4524,CHF,SELL,2026-06-19
OBI-26301830-3171,10,6,33.7094,193.9064,GBP,BUY,2026-06-24
YRX-31093579-0557,7,5,47.6500,55.1187,CHF,SELL,2026-05-21
OOL-47276933-3305,7,8,7.2470,339.3234,CHF,SELL,2026-06-20
WWS-07668821-7399,9,2,9.5769,241.3715,USD,SELL,2026-05-25
AAD-69792558-2390,2,9,39.9180,112.2367,CHF,SELL,2026-05-29
WFY-58924895-9007,6,10,50.7360,152.4686,JPY,BUY,2026-05-28
OUV-08049655-4767,5,2,5.9088,298.2625,CHF,SELL,2026-06-28
SVS-55503654-1752,6,5,35.8445,364.5063,USD,BUY,2026-06-01
WKA-54344678-4980,3,8,59.6057,58.0686,CHF,BUY,2026-05-16
LDC-51817283-6272,8,6,88.3821,300.7378,GBP,BUY,2026-05-24
SDR-75052796-9363,6,10,19.5056,252.1116,GBP,SELL,2026-05-18
OJM-89010480-5073,4,3,55.9271,54.2725,EUR,SELL,2026-06-22
LNX-76170943-4447,1,3,55.8592,392.9994,EUR,BUY,2026-06-28
UPG-63875808-5343,15,6,93.3439,213.1057,EUR,SELL,2026-06-23
ALP-61404822-3178,11,4,86.9161,43.7837,USD,SELL,2026-05-31
LFW-92590606-9081,3,4,93.7513,336.4972,JPY,BUY,2026-05-24
QKT-77299614-2342,2,9,87.1586,60.4260,USD,BUY,2026-05-21
HLW-59090768-0586,12,4,87.6558,222.2421,CHF,BUY,2026-06-03
APY-68835775-6060,1,5,87.4178,362.8906,CHF,SELL,2026-05-27
FYN-42429006-3122,7,9,13.0764,327.0053,CHF,BUY,2026-05-27
OBN-14755122-6116,10,3,13.1093,416.9645,USD,SELL,2026-05-19
LPC-36964499-0977,11,2,67.8628,246.9419,EUR,BUY,2026-05-09
TKR-05940030-2669,10,4,21.7361,297.3721,GBP,SELL,2026-05-19
SHY-16492696-8259,6,6,95.9115,342.6613,CHF,BUY,2026-05-20
HLF-53109726-8112,7,6,63.7282,423.9527,GBP,SELL,2026-05-18
KAT-39823164-6525,9,9,28.3924,374.6110,USD,BUY,2026-06-07
ESS-87400962-9323,12,10,23.3367,320.2294,JPY,SELL,2026-05-25
XIM-39110790-0159,2,1,89.8797,350.5517,EUR,BUY,2026-06-28
LIL-35388297-6495,6,5,13.0699,93.7783,USD,BUY,2026-06-01
RFO-20246881-4680,14,2,99.8284,155.2837,GBP,BUY,2026-06-05
LIU-09973826-3615,6,10,20.7787,297.4519,GBP,SELL,2026-06-17
RIG-30784477-9897,3,4,52.1309,307.6128,JPY,BUY,2026-05-25
TGD-55174012-4996,7,2,25.8958,183.3159,EUR,SELL,2026-05-26
WRF-60674922-4128,12,2,65.5013,246.9052,CHF,BUY,2026-05-18
GDV-42193556-1474,3,7,39.2291,493.5521,CHF,SELL,2026-05-25
FKI-49011682-7135,6,10,51.2600,445.8108,GBP,BUY,2026-06-05
KTG-05388544-7613,7,3,60.5907,28.7379,GBP,BUY,2026-05-25
MTH-69386719-6253,4,4,27.7680,284.7954,JPY,SELL,2026-05-31
ZGN-08754870-8196,13,10,46.1447,105.2826,CHF,BUY,2026-05-28
WUD-54789918-8518,4,3,34.7190,105.6020,CHF,BUY,2026-06-08
KLP-55434798-1021,7,10,15.6616,96.3948,EUR,BUY,2026-05-19
IJO-72517762-4810,13,5,44.9717,152.9734,EUR,BUY,2026-05-24
ZCH-13011501-5741,10,5,81.1903,271.3792,USD,BUY,2026-05-22
ITA-84918580-2326,10,4,39.5014,156.1607,CHF,SELL,2026-06-12
ALY-41886927-0869,13,1,96.5048,12.3793,CHF,SELL,2026-05-27
CIH-50098173-6578,13,9,86.8866,448.5166,EUR,SELL,2026-05-15
QID-70667320-0711,6,3,81.2787,281.0454,EUR,SELL,2026-06-18
MDH-29072830-4994,11,5,15.7402,158.3724,JPY,BUY,2026-06-20
UAE-24526980-3966,8,2,66.5063,327.9425,GBP,BUY,2026-05-12
JZB-43719023-9313,11,9,82.4898,211.3998,EUR,BUY,2026-05-26
WFC-37595718-6171,4,8,81.7977,317.0488,JPY,BUY,2026-05-26
MZH-92433005-6899,10,7,81.8156,192.7481,CHF,BUY,2026-06-20
EQJ-84186276-2135,13,3,88.5430,417.0918,GBP,BUY,2026-05-24
JVV-87895638-6265,1,10,64.4112,428.8199,CHF,SELL,2026-05-30
VNN-69687061-7927,13,9,16.8080,423.0710,EUR,BUY,2026-06-05
FAJ-36232828-4395,5,6,46.5744,206.2690,JPY,SELL,2026-05-16
VLO-44833615-6634,2,2,12.9388,38.1253,EUR,BUY,2026-05-30
SRU-60970212-1893,4,2,16.0860,33.6882,USD,SELL,2026-06-10
VJZ-84729469-6871,8,1,57.0422,278.7721,JPY,SELL,2026-06-07
PAC-24218838-6117,6,6,59.8335,406.0220,CHF,BUY,2026-06-27
YBC-31467243-6702,11,7,95.2180,38.1245,JPY,SELL,2026-06-08
OSN-76749235-3739,8,6,17.7123,405.6974,JPY,SELL,2026-05-27
LGQ-85708977-7370,9,5,42.3443,175.3064,USD,SELL,2026-06-08
OVP-52735280-0155,13,8,53.0057,383.6920,USD,SELL,2026-05-28
XXN-96313886-7092,4,8,12.4423,335.5272,GBP,SELL,2026-06-17
ADO-90703957-3424,8,10,60.3321,162.3069,EUR,BUY,2026-05-26
NBM-55001510-1772,12,3,36.0106,218.5188,GBP,BUY,2026-05-19
ZFO-09763875-3216,9,7,44.4925,96.2105,JPY,BUY,2026-06-05
UZD-44725205-2570,8,6,97.1409,188.9735,USD,BUY,2026-05-21
DUJ-62951909-9265,1,3,89.4261,395.4996,CHF,BUY,2026-06-15
EWQ-10491738-9733,1,10,57.5674,353.5857,CHF,BUY,2026-05-11
BAU-23678477-5102,2,1,43.7158,93.7235,EUR,SELL,2026-05-28
REL-64975439-6950,1,2,90.4824,445.2676,CHF,BUY,2026-05-21
TZC-12643632-3351,3,9,62.3995,473.5179,USD,BUY,2026-05-22
PIJ-58744736-1968,8,6,66.0216,435.2993,GBP,SELL,2026-06-11
EVT-27936109-3232,15,2,66.8287,477.0947,EUR,BUY,2026-05-24
YLR-61912089-9740,3,5,6.2439,361.0248,USD,SELL,2026-05-15
XKQ-77677124-7409,2,2,55.1586,476.3898,CHF,BUY,2026-05-22
VCJ-26312670-4898,12,7,41.0473,475.1639,JPY,BUY,2026-06-17
BBB-36904343-4571,5,5,23.5309,325.9071,JPY,SELL,2026-06-02
TUO-99851028-8969,5,4,47.3940,361.3494,EUR,BUY,2026-06-04
RKU-99599246-8428,3,9,70.2067,464.1904,USD,BUY,2026-06-08
ZDW-63960960-6050,8,2,68.9335,279.3743,JPY,BUY,2026-05-25
NEX-80143735-0602,15,5,53.4773,51.0325,GBP,SELL,2026-06-18
CDA-88057534-0643,1,8,16.4203,368.4172,EUR,SELL,2026-05-12
LKE-20472753-3992,8,4,24.6867,59.5163,JPY,BUY,2026-05-30
TJZ-70726235-2489,10,4,98.8527,186.6369,GBP,BUY,2026-05-30
GBB-00980999-8710,7,8,24.5914,110.1822,JPY,BUY,2026-05-23
OPB-16971030-8166,4,7,63.0998,364.2976,CHF,SELL,2026-06-19
PPU-17397892-5141,6,3,12.1552,205.4118,GBP,SELL,2026-06-03
GIJ-31045361-3813,14,5,29.3966,272.2083,CHF,BUY,2026-06-06
WWY-39831181-9083,11,10,39.9395,404.0241,EUR,BUY,2026-06-01
LSE-08810395-5501,13,6,5.3773,280.0174,GBP,BUY,2026-05-30
GHN-73243820-4013,12,3,48.6636,437.9803,CHF,SELL,2026-06-17
BTI-48473920-7015,13,4,53.7010,321.2697,CHF,SELL,2026-06-09
SMG-11484519-4214,3,8,8.5617,467.3669,CHF,SELL,2026-05-28
TGP-20825792-5243,13,9,88.3832,292.4712,JPY,SELL,2026-05-27
NHJ-84168542-9799,12,2,57.7883,173.2032,JPY,BUY,2026-06-08
YSU-57542589-5313,8,10,56.3625,141.0989,EUR,SELL,2026-06-22
FTF-62044809-1436,8,9,90.3277,331.3081,CHF,BUY,2026-06-03
GJM-86615380-6414,5,1,86.1252,27.7036,CHF,BUY,2026-06-02
NXJ-08255146-2337,1,6,27.1227,471.8451,CHF,BUY,2026-05-30
KLI-78972776-4022,2,10,13.9685,171.7505,CHF,BUY,2026-06-24
NWE-42893575-8938,12,7,40.0073,169.0003,CHF,BUY,2026-05-15
VWT-98131222-3108,13,2,11.7549,348.8357,CHF,SELL,2026-06-20
RHI-43631284-3662,5,2,96.1639,251.3155,JPY,BUY,2026-05-25
ZNI-78339159-3514,15,6,36.0926,133.9129,USD,BUY,2026-05-17
PMO-14648137-4682,10,7,66.3030,209.7751,EUR,SELL,2026-05-24
CMV-45649329-8658,8,3,41.4854,280.0465,GBP,SELL,2026-06-07
MEV-08467039-1600,14,5,35.6263,103.7088,CHF,SELL,2026-05-22
CMI-74121919-0802,15,4,10.8610,199.9833,JPY,BUY,2026-05-24
VVN-51980416-0021,7,7,93.8801,497.9677,GBP,SELL,2026-06-27
RSJ-66053644-1280,2,10,78.8000,170.4835,USD,SELL,2026-05-25
NAA-17887416-3926,11,5,83.0067,91.0349,JPY,BUY,2026-05-16
FIM-68269346-7202,10,1,95.1864,335.6577,JPY,BUY,2026-05-29
AHZ-48148496-3799,3,5,77.8399,416.1686,GBP,BUY,2026-05-27
WLG-41732978-3458,6,10,80.0301,213.3683,USD,BUY,2026-05-23
EFH-94489489-7557,9,9,87.4846,77.0447,USD,BUY,2026-06-07
KPS-81941760-5217,5,7,38.0535,368.9136,GBP,BUY,2026-06-09
ADR-19816239-3738,15,4,8.8753,466.2041,JPY,BUY,2026-05-20
AMQ-84669449-7458,8,8,94.3224,497.6607,USD,BUY,2026-06-24
RSU-22279818-4746,10,2,43.7422,423.5533,JPY,SELL,2026-06-12
SWX-48285874-3853,13,2,18.7991,227.9327,EUR,BUY,2026-06-21
PBP-43187137-4306,15,4,66.1021,146.7452,JPY,BUY,2026-05-24
ZYD-34070035-7102,8,2,58.1844,257.1723,CHF,BUY,2026-05-24
PTG-02999684-6491,4,9,94.1780,272.1896,JPY,BUY,2026-06-01
LXG-54151125-4468,2,9,43.9520,56.2170,JPY,BUY,2026-06-14
AGJ-46444090-4993,14,3,87.5660,240.7355,USD,SELL,2026-05-19
QMY-93076049-2363,12,8,58.8001,390.9916,GBP,SELL,2026-06-17
ZED-82807473-7828,14,9,36.8146,486.2227,GBP,SELL,2026-05-28
QEZ-13469639-1525,13,10,85.8963,456.5859,JPY,SELL,2026-05-26
ELA-85531768-8903,11,2,45.5397,410.8257,JPY,BUY,2026-06-28
YER-60760406-6515,1,2,16.6033,424.8478,CHF,SELL,2026-06-04
SDH-00114705-2292,15,2,32.6610,222.8063,GBP,SELL,2026-05-24
MEE-84380979-7359,2,1,83.9107,192.4988,USD,BUY,2026-05-21
WPQ-44502248-2381,10,10,19.1266,36.7994,GBP,SELL,2026-06-26
XYD-93378310-4571,15,5,24.4014,452.1402,CHF,BUY,2026-05-25
VTC-76210441-4726,8,5,74.4776,320.5323,JPY,SELL,2026-05-31
ESG-74119712-7372,15,3,51.2431,431.7325,GBP,BUY,2026-05-31
EKD-05630740-0282,7,10,68.6013,168.6063,CHF,BUY,2026-06-15
PJC-10587918-9955,4,5,12.4243,161.8675,JPY,SELL,2026-06-12
YIT-15346268-1750,2,8,78.6569,218.1821,JPY,BUY,2026-05-31
CEW-58398194-7672,8,5,86.3093,94.6425,GBP,SELL,2026-06-15
SYD-73392697-3229,10,7,67.6173,40.9465,GBP,BUY,2026-06-01
PMD-12438110-1151,1,2,7.8435,74.1785,CHF,SELL,2026-06-05
BLJ-97123495-8932,13,8,40.6167,364.0388,USD,BUY,2026-05-28
GMK-85065302-4949,15,8,12.9919,286.0034,GBP,SELL,2026-05-27
PMX-43891389-5131,6,8,40.7507,136.0492,GBP,BUY,2026-06-06
EEJ-30586861-2910,13,5,88.4030,176.7209,USD,SELL,2026-06-03
UQK-01909871-1314,2,3,67.8862,436.6952,EUR,SELL,2026-06-10
LLH-11825091-3932,7,9,78.2863,265.4795,USD,BUY,2026-06-12
UXV-72431449-9206,6,8,67.5146,372.8995,USD,BUY,2026-05-25
NHX-92410103-4761,9,4,56.8483,200.8444,GBP,BUY,2026-06-11
ATL-34379198-3817,7,4,61.0937,27.4287,CHF,SELL,2026-06-13
IBU-43242936-1090,9,2,57.3336,269.2727,GBP,SELL,2026-05-23
ZSB-61170441-9333,6,2,49.0809,370.8658,USD,BUY,2026-05-28
BPT-97386729-7081,6,6,88.0565,60.2860,CHF,SELL,2026-05-26
BLJ-03619837-3727,5,7,32.9865,311.6469,JPY,SELL,2026-05-29
MCI-01828112-2141,5,4,2.5340,432.7248,USD,BUY,2026-05-19
BWZ-30077675-8677,2,5,50.1636,83.4972,CHF,BUY,2026-05-23
CHG-05240371-0215,1,3,92.5987,463.8954,GBP,SELL,2026-06-04
XAI-58670127-5256,13,5,90.4890,247.5037,JPY,BUY,2026-06-09
SMB-99041212-0692,2,10,78.9816,102.1767,JPY,BUY,2026-06-05
RJM-39623513-7188,3,3,59.7933,447.5154,CHF,BUY,2026-06-27
ARC-79826353-2960,3,6,47.1908,332.5488,JPY,BUY,2026-05-17
GQJ-01430041-2577,4,8,85.5516,372.9573,EUR,SELL,2026-05-25
JUM-45994384-5613,3,2,85.3937,77.6627,CHF,SELL,2026-06-29
BSX-75601963-8153,6,2,45.2672,331.0114,EUR,BUY,2026-05-30
KNQ-04641091-9129,13,8,16.3148,354.6282,JPY,BUY,2026-06-10
KIE-17075454-9568,13,6,11.2091,45.0718,GBP,SELL,2026-06-14
FVW-97879423-1150,13,10,78.9725,175.1794,JPY,BUY,2026-05-22
VNP-95039991-6354,6,4,61.0869,96.5016,USD,SELL,2026-06-16
KDC-18532149-7624,6,5,72.2631,135.2722,JPY,SELL,2026-05-25
CRX-26085487-3095,5,9,89.8123,284.3499,JPY,SELL,2026-05-30
VLV-23202254-0800,13,2,55.8681,195.9721,USD,SELL,2026-06-02
TMG-96481209-7052,12,10,17.0535,94.7105,USD,BUY,2026-05-23
YUW-21198752-5795,12,7,64.7788,410.5889,CHF,SELL,2026-06-06
YHT-37162909-9056,14,3,22.4472,156.4631,JPY,SELL,2026-05-30
TOV-11562352-4310,12,4,25.4506,85.1945,JPY,BUY,2026-05-24
CRQ-39664997-6638,5,4,73.3905,271.9079,EUR,BUY,2026-06-07
RRA-60753908-4223,7,2,98.6702,229.4307,JPY,SELL,2026-06-19
PFV-79210310-3311,4,2,22.8175,15.9585,JPY,SELL,2026-05-18
AIS-23922214-7725,15,1,78.4774,314.2140,JPY,SELL,2026-05-20
OFK-21393222-4498,4,7,23.6146,77.2529,CHF,SELL,2026-05-21
AEW-31473115-9926,4,3,74.1116,208.1987,USD,SELL,2026-05-29
VLF-35441821-0449,7,7,9.2087,168.7807,EUR,BUY,2026-05-26
OOJ-96225927-8609,9,2,5.5483,383.7228,CHF,SELL,2026-06-15
WQO-52421830-2417,8,3,34.5810,159.2129,EUR,SELL,2026-06-02
MOV-47087206-9899,2,4,41.7356,32.4740,CHF,SELL,2026-05-31
QMZ-22236170-9506,12,4,24.9311,159.4485,USD,SELL,2026-06-03
RGX-12054103-1926,8,7,51.7305,199.9518,GBP,BUY,2026-05-23
SFO-60029437-4285,3,2,90.1843,27.2921,CHF,SELL,2026-05-15
PEY-76096558-7219,13,6,21.1747,188.9423,USD,SELL,2026-05-21
KKQ-71819265-2675,4,8,87.2229,61.4360,CHF,BUY,2026-06-19
SNU-56396395-0219,9,2,30.9036,164.4839,EUR,BUY,2026-06-25
XCG-63470187-1690,5,9,97.1923,136.4128,USD,BUY,2026-05-21
ZUU-34411154-0474,6,1,58.4814,442.6405,JPY,BUY,2026-05-18
HVJ-42062494-5159,5,8,41.3097,332.4970,GBP,SELL,2026-05-27
IMV-89015759-6573,12,8,52.7432,287.5098,CHF,SELL,2026-05-25
KMA-85120769-8904,14,3,14.4747,253.5641,EUR,SELL,2026-05-23
MDL-56264069-9199,11,3,9.9325,445.5684,USD,BUY,2026-05-12
KYH-77660355-6908,15,8,97.0153,37.1805,GBP,BUY,2026-05-13
DPY-53315932-2312,5,1,18.5284,139.0875,GBP,BUY,2026-05-22
FAS-19538816-3044,4,9,12.6926,312.9920,USD,SELL,2026-06-14
QHM-44313952-8093,6,6,11.1511,140.7986,GBP,SELL,2026-05-18
EWF-08407864-5085,4,6,68.0418,446.6153,USD,BUY,2026-06-13
UDK-12975235-7383,1,3,21.3509,137.8388,CHF,SELL,2026-06-25
CSD-52752236-3240,11,1,36.9727,288.2758,CHF,SELL,2026-06-19
ULL-56519739-2666,1,2,6.4387,196.4623,GBP,SELL,2026-05-25
IZB-82288284-2507,15,4,13.5881,202.8394,JPY,SELL,2026-06-28
SLQ-48856651-7750,12,3,6.8347,180.5918,GBP,SELL,2026-06-03
LJL-11786172-0761,6,4,43.5840,466.1091,CHF,BUY,2026-06-14
WOB-69439006-2150,10,3,81.1306,300.9987,CHF,BUY,2026-06-13
KFN-25038653-1329,9,5,60.5644,311.0095,GBP,BUY,2026-05-31
NKS-70556237-9937,13,1,75.2766,167.9623,CHF,BUY,2026-06-10
TIO-65847623-3730,5,6,41.7921,61.0589,JPY,BUY,2026-05-30
URH-59367641-9057,14,6,25.8171,432.1754,CHF,SELL,2026-05-26
VUE-81977895-6048,7,2,70.8888,460.9480,EUR,BUY,2026-05-27
UHR-81636085-2221,15,5,99.4316,224.9354,CHF,BUY,2026-06-07
PVI-39554805-7425,13,1,26.1940,361.1579,CHF,BUY,2026-06-10
EVR-18342243-4466,15,9,29.7618,40.3605,GBP,BUY,2026-05-15
ZDA-40584966-7781,11,2,30.6101,454.2020,CHF,SELL,2026-05-24
OEO-46696755-9777,11,6,83.8076,437.0985,CHF,BUY,2026-06-04
CAH-12710166-8090,6,9,91.0856,13.2291,JPY,SELL,2026-05-26
JBR-34563709-4079,12,9,80.4932,41.3870,JPY,BUY,2026-05-29
ENE-81539414-1300,14,6,44.5579,424.3466,EUR,BUY,2026-06-02
CFY-76098815-9271,7,7,65.8850,471.0242,GBP,SELL,2026-05-14
AAO-10178274-0496,15,2,73.6855,333.5004,CHF,BUY,2026-06-11
TNI-91972438-4522,10,7,56.6980,231.0836,CHF,BUY,2026-06-19
OWG-02958418-2034,8,8,25.0556,192.2243,CHF,SELL,2026-05-30
KTX-71589689-1414,12,3,7.4834,285.6782,GBP,SELL,2026-06-07
FBB-12958011-9244,1,4,21.0903,459.8406,CHF,BUY,2026-05-29
CSF-45204861-8682,12,10,28.8055,159.5746,JPY,SELL,2026-06-29
GEO-92515242-9953,6,6,39.0621,104.0350,USD,SELL,2026-06-02
MID-91372705-4395,2,5,81.5818,431.4747,USD,SELL,2026-06-06
FUP-61261128-2339,12,5,5.1621,442.6071,JPY,BUY,2026-06-27
NIL-69768311-1668,13,6,57.4567,162.9358,EUR,BUY,2026-05-19
OMJ-46824972-5661,6,2,68.5324,305.3722,USD,BUY,2026-05-25
MAX-78666613-4698,13,6,89.1450,271.4957,USD,SELL,2026-05-24
IFA-80266450-7900,2,9,54.2645,325.5801,USD,SELL,2026-05-21
ZXS-20326298-9296,5,7,27.6619,347.7800,CHF,SELL,2026-05-19
OLU-10256816-9212,9,9,15.0633,206.6330,CHF,SELL,2026-05-21
TUF-64978451-9181,5,10,53.9465,152.6217,JPY,BUY,2026-05-26
ORF-77468424-4628,2,7,21.4879,125.5989,USD,SELL,2026-06-09
TTM-35127987-4204,4,8,33.7080,30.9813,JPY,SELL,2026-05-20
GYB-56816670-7377,8,5,77.6478,53.6008,GBP,SELL,2026-06-15
BPI-55412699-4064,8,3,70.3060,171.2888,JPY,BUY,2026-05-23
TAN-56636551-0965,14,10,97.9972,156.8324,EUR,BUY,2026-06-16
IVF-18214581-6733,2,2,91.3862,438.5425,USD,SELL,2026-06-12
WHE-95963996-0544,14,1,56.1186,149.5330,EUR,BUY,2026-05-20
LDV-64296942-7524,3,8,90.8791,299.9229,USD,SELL,2026-06-07
AJJ-40523144-6726,14,9,42.9446,356.1136,USD,BUY,2026-06-05
MBI-55672353-4681,11,3,55.8921,304.0763,EUR,SELL,2026-05-25
RIP-86504245-9636,7,5,92.1359,122.0298,CHF,BUY,2026-06-04
LOQ-73316686-6140,13,3,20.0133,21.0207,JPY,SELL,2026-06-01
TPE-04269146-2673,4,8,1.5916,459.8905,JPY,SELL,2026-06-01
FQT-33679349-0339,10,7,39.6327,362.5944,GBP,BUY,2026-06-06
SDP-18060258-9827,11,9,16.4811,12.2675,USD,SELL,2026-06-06
MIS-02936685-1464,14,9,47.3587,87.2051,GBP,SELL,2026-06-21
PQW-13653805-2115,9,9,15.3102,411.5586,CHF,BUY,2026-06-18
KGA-21020967-9409,3,1,73.0207,254.1410,EUR,SELL,2026-05-23
QLG-71229650-8141,4,8,57.6802,124.1744,JPY,SELL,2026-06-17
ACY-54823218-3804,9,7,33.7078,278.5071,EUR,BUY,2026-05-14
CJL-45677205-5964,9,7,23.1088,469.0507,EUR,BUY,2026-06-23
YME-90611934-0886,11,2,64.5324,160.2378,EUR,BUY,2026-05-22
GOI-57277973-7149,4,4,8.8785,362.8259,EUR,BUY,2026-06-26
BVM-94164529-6370,9,5,83.5632,161.2756,USD,BUY,2026-06-18
BQH-32672491-1949,11,3,18.6116,110.2177,USD,BUY,2026-05-25
UHT-18649779-4036,6,4,23.5821,42.7727,CHF,SELL,2026-06-10
JAN-78810464-3686,1,9,61.6445,53.3426,JPY,SELL,2026-05-28
FOY-40339030-3241,12,6,75.3745,313.4416,USD,BUY,2026-06-18
CKH-36187190-9206,7,5,48.5951,151.7791,USD,BUY,2026-05-30
EEY-39590813-8941,7,3,35.4536,432.0389,EUR,SELL,2026-06-06
HOZ-19535032-9827,7,5,98.9112,84.0032,GBP,BUY,2026-05-21
JMM-34736467-6832,9,8,61.5083,357.7985,GBP,SELL,2026-05-31
QBW-99987015-7587,3,5,6.6790,36.3588,USD,SELL,2026-05-21
LCV-84490520-6250,1,8,46.0804,131.1279,JPY,BUY,2026-06-13
OQL-80052433-7471,4,5,13.0291,30.4341,EUR,SELL,2026-06-06
YNS-42736074-3561,7,8,35.8392,413.5125,JPY,SELL,2026-06-14
UFZ-85473714-5081,13,4,55.4158,97.1303,JPY,BUY,2026-05-25
IIK-91043110-2429,3,7,66.8852,462.8878,EUR,SELL,2026-05-18
ZAB-74856456-3317,14,1,27.5424,149.4462,GBP,BUY,2026-06-03
ISH-36029513-6117,6,4,20.2164,90.8810,GBP,BUY,2026-05-28
GTG-07333221-7742,7,2,60.1215,397.6094,GBP,BUY,2026-05-19
GGN-98621123-3013,10,5,88.6590,95.2742,EUR,SELL,2026-06-02
AQG-97421611-1601,10,6,93.9045,181.9540,CHF,SELL,2026-05-25
KRH-75047786-4536,2,7,20.6085,131.2675,JPY,BUY,2026-06-05
SGD-45713328-0497,5,4,94.1487,232.2084,JPY,BUY,2026-06-03
YAM-24336486-3292,11,4,6.7429,487.6735,JPY,BUY,2026-05-07
ENI-28311877-8620,11,9,3.3454,468.9852,CHF,SELL,2026-05-22
OFQ-69347617-8922,5,4,8.0999,69.8185,USD,SELL,2026-06-07
TVY-23142737-9256,5,5,15.7034,222.7820,USD,SELL,2026-05-28
LTQ-60831975-8074,13,10,56.6204,387.7117,USD,BUY,2026-05-21
JFW-04916267-5707,8,9,81.5834,221.7637,EUR,SELL,2026-06-16
MPI-31429658-0838,15,7,48.1931,46.8184,JPY,BUY,2026-05-19
AUK-80201158-4791,10,5,61.5476,368.7410,EUR,BUY,2026-05-27
ULN-71320217-6762,8,7,82.0440,137.8800,CHF,SELL,2026-05-30
XLP-88164705-2041,7,4,88.4843,475.0869,GBP,SELL,2026-06-20
AVC-95875065-6317,10,8,22.5566,202.0045,USD,BUY,2026-05-30
ZBK-08895489-7370,4,6,89.1216,468.3624,JPY,SELL,2026-05-24
GAX-27610672-1108,11,7,14.5664,361.7367,JPY,SELL,2026-05-23
SIN-87916000-1333,10,10,64.3738,224.9631,JPY,BUY,2026-05-28
AXK-62121590-9170,7,10,36.4873,388.6082,GBP,BUY,2026-05-30
NEX-57686817-6849,5,5,93.2583,245.1566,JPY,BUY,2026-05-28
ISG-53252720-2609,15,1,70.8636,221.4487,USD,BUY,2026-05-29
OZK-57932015-1098,14,4,3.0570,302.1394,JPY,BUY,2026-05-18
BKP-37698741-2813,2,4,69.2435,401.2312,USD,SELL,2026-06-21
ELK-99011214-7184,1,4,24.6181,389.4894,CHF,SELL,2026-06-23
IVR-65096301-4949,1,10,19.0814,126.4951,GBP,SELL,2026-05-16
YJZ-52474018-0894,14,2,94.6956,298.1572,EUR,SELL,2026-06-03
FGG-76925920-6008,6,9,33.4905,110.6667,EUR,SELL,2026-06-11
UIV-98861354-1345,1,2,55.6508,331.1671,GBP,BUY,2026-05-31
DWW-23434161-2056,11,3,8.4182,117.6697,CHF,SELL,2026-05-20
SWS-03141723-2793,8,9,70.4318,261.4203,CHF,SELL,2026-06-08
KKH-22324897-3916,6,5,98.6283,459.2677,GBP,BUY,2026-06-05
SIU-58535855-7049,7,9,38.7613,144.6898,USD,BUY,2026-05-25
HDV-54139047-7842,11,1,84.5717,300.1739,GBP,SELL,2026-05-28
DKX-68562567-3651,3,4,85.4051,216.2494,JPY,SELL,2026-06-05
JCC-48424841-4129,11,10,15.4608,285.9440,EUR,SELL,2026-05-23
PRP-71233057-8174,1,6,80.7243,115.6383,GBP,BUY,2026-05-30
AYO-49167461-9841,9,2,43.8874,319.0765,CHF,SELL,2026-05-30
ACR-16503695-6256,4,9,44.3027,329.0816,CHF,SELL,2026-05-19
RSI-90425493-6316,4,10,75.3413,483.0862,GBP,SELL,2026-06-24
RWG-53830725-2213,8,2,33.4011,171.8397,USD,SELL,2026-05-31
NEO-25425468-7614,9,1,5.1536,91.9187,CHF,SELL,2026-06-08
TQL-37672871-2564,11,9,84.3503,244.3440,GBP,SELL,2026-05-25
MNB-10520402-1427,4,1,78.2937,123.2804,EUR,BUY,2026-06-23
SFM-12210590-1173,12,5,25.0931,335.4341,JPY,BUY,2026-05-30
IYM-20737434-9193,12,8,63.8414,111.5917,USD,BUY,2026-06-28
GGN-63969409-5472,10,1,64.7708,461.6620,EUR,BUY,2026-05-24
THW-27557697-5899,7,10,37.4392,461.8299,USD,BUY,2026-06-12
IFJ-08674440-1274,7,6,4.6215,162.1343,EUR,BUY,2026-06-12
IPQ-89195987-5819,4,6,93.3846,147.8523,EUR,BUY,2026-05-21
NFF-62565527-3815,8,10,76.2464,366.0820,USD,BUY,2026-06-16
XWT-81076051-8413,2,6,93.5454,130.1459,USD,BUY,2026-05-20
XRB-13702737-9991,1,1,10.9106,166.1954,JPY,BUY,2026-06-28
OUX-13659094-9581,5,9,61.3457,298.8887,EUR,BUY,2026-06-10
KCM-54534717-4046,10,5,41.2663,63.0208,GBP,BUY,2026-05-29
LJF-73372142-1011,11,4,73.9021,334.6520,EUR,SELL,2026-05-29
ZQH-39004210-7152,9,5,19.7112,323.4022,USD,SELL,2026-05-25
PKN-23173216-4857,11,7,51.7280,317.4680,CHF,BUY,2026-05-26
XIF-37089089-4979,5,9,15.7021,167.4777,EUR,SELL,2026-06-03
OJC-97831029-7113,13,1,97.2185,363.7178,JPY,BUY,2026-05-12
OMT-54995114-9972,8,7,97.9573,459.0001,USD,BUY,2026-06-12
KBK-59287690-9923,4,2,43.4701,404.7350,CHF,SELL,2026-06-03
MLS-52006076-6829,6,10,24.2289,61.5951,EUR,BUY,2026-06-14
ELP-58880290-8695,7,9,60.8249,451.7417,CHF,SELL,2026-05-25
PYG-41891321-4772,4,4,65.9470,187.3807,USD,BUY,2026-05-30
PZB-04151849-6011,5,8,72.8828,431.6675,JPY,SELL,2026-06-23
WEG-60210567-1280,12,9,98.2241,232.1481,EUR,SELL,2026-05-24
SWL-55582410-3179,8,4,64.4425,345.0337,CHF,SELL,2026-06-10
OPT-43851586-4165,15,7,83.8116,213.7198,CHF,SELL,2026-06-03
AQB-77475874-0006,5,8,31.4612,63.0468,USD,SELL,2026-05-19
AED-23222140-8237,5,1,71.5447,166.4308,GBP,SELL,2026-05-26
BCF-67615046-9165,13,10,38.4797,329.1844,EUR,SELL,2026-06-12
QDM-36976843-9520,14,6,15.8999,184.3392,CHF,BUY,2026-06-25
AVG-76958718-5470,7,7,85.4697,388.5313,GBP,BUY,2026-06-09
QHW-81643492-3324,2,5,29.8333,372.2629,JPY,SELL,2026-05-21
IAQ-22974296-0044,3,2,83.3219,442.2174,CHF,BUY,2026-06-06
KYU-22689113-2491,13,6,32.8334,31.3927,GBP,SELL,2026-06-07
TAM-18568760-4592,10,3,92.1145,411.4301,CHF,SELL,2026-06-26
TNX-95884061-5437,2,7,9.3954,72.5180,GBP,BUY,2026-06-07
LUD-66436323-2274,10,1,53.9159,469.3028,EUR,BUY,2026-06-26
NDN-63492356-7534,4,6,85.1620,241.1281,GBP,BUY,2026-05-21
IDB-06837877-8590,14,3,2.2534,288.2805,GBP,BUY,2026-05-31
FLP-23331584-0851,11,6,62.0469,250.0320,CHF,BUY,2026-06-19
LXS-01457600-9987,1,8,1.2126,404.1226,EUR,BUY,2026-05-21
ARH-73990069-5970,6,4,71.9238,293.7480,EUR,SELL,2026-06-03
KSB-47752165-1495,7,4,92.5255,166.6273,GBP,BUY,2026-06-07
NYR-17957810-8136,8,8,38.0250,431.4805,EUR,SELL,2026-05-19
IJP-43014749-1951,15,2,55.2785,414.4826,USD,SELL,2026-06-17
KED-59997379-5948,15,9,7.0082,423.5666,EUR,SELL,2026-05-21
NAS-52171750-3007,1,3,26.8505,493.1196,JPY,BUY,2026-05-29
YZD-54318127-7833,1,4,83.4509,54.2387,GBP,SELL,2026-05-24
BZT-58177809-1359,2,1,2.6500,123.5100,USD,SELL,2026-05-27
YMJ-55690817-9946,1,7,46.3746,241.3698,JPY,SELL,2026-06-29
NUO-28135032-6359,13,7,48.3313,254.1442,GBP,SELL,2026-06-01
RQQ-86424089-3972,5,4,64.4629,354.1839,JPY,SELL,2026-06-17
YZC-65558297-1060,5,8,68.9920,313.7254,CHF,SELL,2026-05-19
KJR-90051101-8421,11,6,71.9425,107.8638,CHF,SELL,2026-06-26
PSC-70900301-4940,2,6,48.6178,50.7490,CHF,SELL,2026-06-29
QLC-68330264-8790,8,4,52.6532,92.7123,GBP,BUY,2026-06-11
YNT-17392691-9651,2,3,17.6781,60.7683,EUR,BUY,2026-06-07
JMC-12148242-9431,11,8,76.9386,110.2058,USD,SELL,2026-06-21
XXH-47813936-9950,15,3,18.3649,346.5549,JPY,BUY,2026-05-25
NXZ-09676931-8536,1,7,31.2955,201.1308,USD,SELL,2026-05-29
MKS-26041953-6649,11,10,56.5382,79.2056,GBP,SELL,2026-06-13
PTP-24905568-0601,12,1,96.2566,126.0098,CHF,SELL,2026-06-19
ZGQ-90639867-1720,3,3,22.9869,155.5680,JPY,SELL,2026-05-18
ZFX-85672434-3446,5,3,92.9429,474.5382,USD,SELL,2026-05-27
YYH-92160214-2062,14,7,96.5462,239.7137,EUR,SELL,2026-05-31
DEO-25827712-8466,14,7,32.1841,195.2398,CHF,SELL,2026-06-01
FIZ-34221873-2696,9,9,24.1433,480.7366,EUR,BUY,2026-06-20
JRZ-03545732-2625,7,4,20.2044,192.8725,EUR,BUY,2026-05-22
WJE-51755481-1569,9,1,75.8620,394.2795,GBP,BUY,2026-06-09
OBD-98733875-0213,13,1,75.7966,391.1697,EUR,BUY,2026-06-07
KPS-17810991-0745,13,5,66.9610,43.8694,USD,BUY,2026-06-29
AIP-11603597-1808,6,2,14.5597,368.6411,CHF,SELL,2026-06-28
JSA-09071487-7935,9,8,3.8407,454.2010,GBP,SELL,2026-05-19
YAY-69494557-4056,6,10,43.8532,200.1104,GBP,BUY,2026-05-27
BSQ-42891959-4010,14,7,60.6136,101.2628,CHF,BUY,2026-05-19
PUI-03334299-4432,7,1,87.3032,113.5612,GBP,SELL,2026-06-24
LMA-09801519-1576,2,10,97.0949,474.7025,GBP,BUY,2026-06-26
NLO-50891694-7351,12,8,88.5470,405.4082,JPY,BUY,2026-05-30
ING-35574956-2367,4,1,76.6406,444.6251,CHF,BUY,2026-06-23
LIL-72457249-3143,13,3,18.8904,147.7412,GBP,SELL,2026-06-13
ABN-84539618-4489,2,3,64.0354,390.9963,GBP,BUY,2026-06-21
PDU-93387154-2557,6,7,98.8939,414.9065,GBP,SELL,2026-05-26
JQD-23247275-5909,1,9,15.0470,403.0227,JPY,SELL,2026-06-20
FEX-25376433-6860,1,7,32.3513,258.7842,GBP,SELL,2026-06-01
FVN-37194507-4524,6,10,42.3862,140.4287,EUR,SELL,2026-06-24
VJL-69499343-8706,3,6,70.8270,249.9948,GBP,SELL,2026-05-24
UIF-54596714-4776,10,3,19.8177,374.1415,CHF,BUY,2026-06-10
FFV-56754441-9734,15,3,54.6163,340.4919,GBP,BUY,2026-05-28
YME-38767483-6639,1,2,47.4210,276.6443,CHF,BUY,2026-06-06
VNI-44885001-8745,7,1,42.4111,348.9729,GBP,BUY,2026-05-25
NFW-46013129-6540,10,1,45.9114,96.8748,GBP,SELL,2026-06-08
ING-11905738-0397,10,2,78.8874,279.2046,JPY,BUY,2026-06-01
WXR-90489364-1960,3,3,54.8812,187.3258,JPY,SELL,2026-06-06
WJM-16494493-3042,3,2,38.6884,191.1702,EUR,SELL,2026-05-25
MLW-20904508-0104,7,3,16.9409,209.5311,EUR,SELL,2026-06-19
HLX-17972883-5844,8,10,17.5639,488.9053,USD,BUY,2026-05-19
GKU-83401302-0173,13,7,93.7215,254.4253,USD,SELL,2026-06-08
RJG-19009177-9599,2,10,20.9645,343.5269,USD,BUY,2026-05-28
EQE-59902729-2952,9,5,38.3249,93.2756,GBP,BUY,2026-06-23
VLW-69385739-1867,10,2,92.3749,140.5073,EUR,BUY,2026-05-30
XHR-13560037-9345,3,4,44.5548,293.5364,GBP,SELL,2026-05-23
EUX-73396331-6274,12,5,15.3123,149.9624,GBP,BUY,2026-06-09
LPT-46475423-2994,3,2,19.8460,469.6572,GBP,SELL,2026-06-13
FTM-14360963-0569,13,1,74.5630,400.2010,CHF,BUY,2026-06-23
HUR-50534112-5964,6,10,96.3233,238.0625,EUR,SELL,2026-05-28
BKJ-62256395-9268,14,6,40.7075,431.0756,CHF,BUY,2026-06-01
JXE-68950118-0822,12,9,90.1808,339.8452,CHF,BUY,2026-05-24
ZEN-01547397-0129,1,2,80.5813,341.7445,USD,SELL,2026-05-17
MFS-74447049-4643,2,1,72.9789,77.8181,JPY,SELL,2026-06-04
PKH-67622817-4350,9,3,53.0055,294.0789,GBP,SELL,2026-06-04
ZTL-20709642-5508,1,1,90.6610,490.7297,USD,BUY,2026-06-19
CFJ-16291809-5259,14,2,25.5119,364.2697,JPY,BUY,2026-06-22
HXW-92289547-6371,15,9,13.9481,187.5865,EUR,BUY,2026-06-02
BSA-18427362-5062,11,3,49.6751,306.8164,EUR,BUY,2026-06-21
TRI-97048400-0836,7,9,8.3684,399.5762,USD,BUY,2026-05-19
FAJ-66218500-4066,4,10,32.4671,452.6118,JPY,BUY,2026-06-13
GRV-40548958-6701,2,8,57.5079,260.9751,EUR,BUY,2026-06-22
CAF-08753936-8150,12,2,2.8150,329.4357,EUR,SELL,2026-06-15
FUW-66034250-7654,3,10,28.5664,229.7668,GBP,BUY,2026-06-16
EVG-68673473-3361,14,6,74.8347,97.9060,USD,BUY,2026-06-18
IVU-88922288-8045,2,7,85.0461,117.5039,CHF,BUY,2026-06-26
PDN-73609601-7756,10,7,49.3794,164.9250,USD,SELL,2026-05-31
ZXB-31905155-0411,6,2,33.1128,19.3754,GBP,SELL,2026-06-05
VJH-37026108-9222,4,6,83.5313,283.3878,JPY,SELL,2026-06-17
GGI-99380878-5847,13,8,99.2614,496.0731,USD,BUY,2026-06-11
XND-32831749-8318,7,3,41.6156,173.0394,CHF,BUY,2026-05-25
GDJ-43265988-8392,11,2,18.8856,69.8083,GBP,BUY,2026-06-05
KHR-07842829-2295,14,4,41.7262,384.7674,USD,SELL,2026-06-12
ZAX-80964313-8462,12,8,27.7732,14.7389,JPY,SELL,2026-06-11
UCX-06937616-7461,8,10,91.8553,112.9480,GBP,BUY,2026-06-25
UIY-78761648-4660,9,2,64.3532,462.0224,JPY,SELL,2026-06-06
FDB-68551367-7055,3,9,22.0451,61.0656,JPY,BUY,2026-06-12
MGU-02428089-1922,3,3,88.3873,124.5648,USD,SELL,2026-05-19
LUN-32209360-6219,6,3,26.2806,281.9924,JPY,BUY,2026-06-12
UCQ-64000635-3390,1,9,10.2472,247.1957,CHF,BUY,2026-06-16
JOM-23842894-0096,6,7,67.7569,404.2278,GBP,BUY,2026-06-10
ATQ-74905333-3383,7,5,35.5990,246.6217,EUR,SELL,2026-05-28
RRU-49721813-5785,4,2,57.5954,111.5936,CHF,BUY,2026-05-25
PLX-77870939-1592,2,6,65.9585,32.4454,USD,SELL,2026-05-26
UCI-23671245-6099,13,7,92.9963,450.8223,GBP,BUY,2026-05-30
GOO-67800010-0058,6,8,41.1591,249.7740,USD,BUY,2026-05-27
TCU-20495689-3970,10,4,44.1339,326.5450,JPY,SELL,2026-06-29
YHP-64202822-3982,15,5,15.9214,370.8063,EUR,BUY,2026-05-27
AVF-74840479-4664,14,7,48.8224,125.0755,JPY,BUY,2026-06-02
WNH-95277557-1731,15,3,58.8761,59.6386,JPY,BUY,2026-05-27
KAN-33798747-8431,14,10,85.2595,254.4788,USD,BUY,2026-06-06
KJW-74679898-9833,4,2,20.7939,23.5642,USD,SELL,2026-06-24
BSN-71109113-5316,12,4,20.5371,153.9066,USD,SELL,2026-05-29
OQZ-66369139-9058,7,9,30.3355,132.0573,CHF,BUY,2026-06-07
IWF-03592539-0565,2,9,1.3717,293.7254,CHF,SELL,2026-06-26
XKG-84910072-2765,2,1,15.8254,37.9656,EUR,BUY,2026-06-19
XUK-93787769-3431,11,9,59.0648,112.1441,CHF,BUY,2026-05-15
IWC-93839004-7448,15,1,25.2255,309.6453,EUR,SELL,2026-06-03
WDO-15885090-9069,5,6,7.1766,52.0858,GBP,BUY,2026-06-09
HPO-48008719-3283,12,1,54.5952,162.9828,JPY,BUY,2026-05-25
ANM-34547355-8147,7,8,24.2151,312.9737,CHF,BUY,2026-06-27
QCE-44580052-8299,13,7,64.4621,157.6197,CHF,BUY,2026-06-08
PHV-52058192-5206,10,4,73.8073,113.8446,EUR,BUY,2026-06-21
FUO-35814904-8709,4,6,62.8331,104.9396,GBP,SELL,2026-06-06
MYU-70044328-6274,13,7,24.5863,482.8892,CHF,BUY,2026-06-07
VSV-47251379-9164,9,10,73.0224,261.8611,USD,BUY,2026-05-24
OMD-78137181-4916,2,10,54.4015,414.5040,USD,BUY,2026-06-26
MET-99662629-2979,2,9,95.7451,417.1097,JPY,BUY,2026-05-19
CBS-69334422-4800,1,5,28.3924,428.5096,USD,SELL,2026-05-27
OWN-31264256-3690,8,2,39.8768,104.3436,EUR,SELL,2026-05-25
EJL-29935033-3348,4,5,26.5671,358.7791,CHF,SELL,2026-05-25
WAZ-48056606-0007,2,8,43.6898,302.4070,GBP,SELL,2026-06-20
YHF-17512006-3904,11,1,20.3391,351.0984,JPY,BUY,2026-06-07
KTG-95594055-7669,15,6,50.7581,92.4269,CHF,BUY,2026-05-21
YFP-94713631-6654,1,4,24.4588,80.4978,JPY,SELL,2026-06-23
VUH-84430595-1637,8,2,25.9447,490.1304,JPY,SELL,2026-05-11
MGU-83300139-0326,14,5,79.7489,478.7837,USD,SELL,2026-06-23
ULN-89252174-0267,13,1,4.7820,106.6478,GBP,BUY,2026-05-20
HPB-71234842-9004,12,3,97.3640,296.9854,USD,SELL,2026-06-06
WVK-99610267-3296,8,4,38.5934,425.4870,JPY,SELL,2026-05-16
GLY-55873134-2345,4,4,28.0787,53.0712,CHF,SELL,2026-06-20
EJC-25933268-5433,14,9,7.1490,120.2447,JPY,BUY,2026-05-30
VEK-98917639-4386,12,6,79.6038,96.8453,JPY,BUY,2026-05-31
UHI-59481894-7626,4,4,12.2069,313.7775,USD,BUY,2026-06-18
WPY-98450960-8268,8,10,1.9574,465.4504,CHF,BUY,2026-06-15
FRT-99354384-9060,1,6,89.2199,486.9112,JPY,BUY,2026-05-27
IKK-90602715-6392,10,7,90.9597,18.5549,JPY,BUY,2026-05-29
HAY-48825692-9862,2,8,76.2403,37.1364,EUR,BUY,2026-06-06
SOE-01228565-4531,12,9,19.4287,253.3705,GBP,SELL,2026-06-01
BAR-59420661-2684,8,1,5.2780,166.7630,EUR,BUY,2026-06-18
OWG-59838554-4930,13,2,17.0802,374.9788,EUR,SELL,2026-06-28
FXF-28822644-0386,2,7,9.7466,253.7266,USD,BUY,2026-05-27
HVJ-48871198-1526,10,9,14.3346,474.7980,JPY,BUY,2026-05-30
QMT-73214313-8482,2,1,60.8455,284.5531,CHF,BUY,2026-05-30
IFZ-25811374-9090,6,4,40.9082,54.5094,CHF,BUY,2026-05-22
PWG-03888306-1615,14,8,30.1624,150.2674,USD,SELL,2026-06-21
NTB-24193285-1731,15,1,79.9813,117.1317,USD,SELL,2026-06-21
MAK-56288899-2938,11,4,97.5119,297.0784,GBP,SELL,2026-05-30
XFJ-25872380-4293,7,2,74.7476,475.9474,EUR,SELL,2026-06-01
KUD-91315784-5297,13,2,24.6134,375.8383,GBP,SELL,2026-05-17
JUZ-33019578-6522,1,1,31.5350,311.9896,JPY,SELL,2026-05-27
URQ-48358378-8475,15,7,46.4300,28.2849,JPY,BUY,2026-06-17
EUR-62282968-2092,3,9,99.7708,377.8189,GBP,BUY,2026-05-30
WVN-12103440-6284,8,9,16.8826,120.1368,CHF,BUY,2026-05-27
WNP-96353648-3124,13,9,91.7849,95.6437,GBP,BUY,2026-06-04
AAN-73070088-0098,13,3,99.8613,265.0208,EUR,BUY,2026-05-25
LHL-08196063-0720,15,1,31.9630,125.8649,USD,BUY,2026-05-19
WEI-28253693-7496,2,7,44.7489,303.4185,GBP,SELL,2026-05-24
OLW-40549597-2213,11,3,31.5483,309.3268,USD,BUY,2026-05-27
JXV-42789879-9571,13,3,64.2772,426.2744,GBP,BUY,2026-05-18
AHZ-73423584-9222,13,1,71.7636,351.6979,GBP,SELL,2026-05-24
ONN-03378748-8903,15,3,17.4698,285.9575,GBP,BUY,2026-05-18
AJM-86509143-9123,8,6,41.2552,399.2377,CHF,SELL,2026-06-04
PXG-57969444-3061,8,10,63.3037,488.0013,USD,BUY,2026-06-28
OFO-29931988-7057,7,4,99.2452,325.9669,EUR,BUY,2026-06-18
GND-31737763-2000,4,8,73.7553,53.2079,EUR,SELL,2026-05-19
ZEU-93318071-3969,2,1,18.4309,232.9422,JPY,BUY,2026-06-03
XDB-40801868-4185,11,4,88.6241,301.1951,CHF,SELL,2026-05-11
FHD-07048872-8545,9,9,9.8985,18.5234,USD,SELL,2026-05-22
BSK-06126807-8661,10,5,60.0264,281.1812,CHF,BUY,2026-06-03
HOJ-25861765-8719,9,6,95.1543,384.2271,USD,SELL,2026-06-26
LDF-85864345-9975,11,8,81.6322,21.2059,GBP,SELL,2026-06-20
KHK-00899623-5002,14,10,98.5585,93.4016,CHF,SELL,2026-06-16
ZIA-91235768-2717,8,9,42.9104,266.0025,CHF,SELL,2026-06-03
MWZ-99316110-0894,15,9,50.7409,97.8059,JPY,SELL,2026-05-21
VIW-40428710-6104,5,7,53.4067,339.4174,CHF,BUY,2026-05-24
SZD-89818462-1765,8,3,86.3837,287.1607,GBP,SELL,2026-06-19
HVQ-98849655-5578,9,4,80.0546,377.0696,EUR,SELL,2026-06-27
FYE-14067074-0672,14,8,81.9082,123.7974,GBP,SELL,2026-06-06
DHA-37913393-6279,8,10,95.2388,284.0702,CHF,BUY,2026-06-03
NFA-25742946-7492,5,4,53.5717,281.2060,USD,SELL,2026-06-03
ZFS-23840325-6055,12,4,97.5986,117.9472,GBP,BUY,2026-05-23
WHE-90150409-6307,1,7,80.9029,261.1835,EUR,SELL,2026-05-28
CBD-23838135-6424,4,1,69.3554,276.1983,GBP,BUY,2026-06-21
OGY-82874934-2392,4,7,86.9379,52.0058,CHF,SELL,2026-06-23
ZQI-79476192-1722,8,9,15.9439,411.9439,GBP,SELL,2026-06-16
TDD-15109579-5460,9,5,32.8401,291.7643,JPY,BUY,2026-06-14
PYX-92923168-9395,3,4,88.5283,307.5901,EUR,BUY,2026-06-23
HRU-11392315-0147,2,6,91.3909,221.6192,JPY,BUY,2026-06-04
MFP-31012434-8559,9,8,72.2894,491.3360,EUR,BUY,2026-05-25
MYF-28671847-2717,14,9,33.4076,323.1791,EUR,BUY,2026-06-07
CNR-70001468-4014,14,4,48.7920,282.9425,USD,SELL,2026-05-27
PWR-04569221-1922,7,10,74.5398,355.4434,GBP,BUY,2026-05-27
WMI-65687942-4747,12,6,92.9132,491.3629,CHF,SELL,2026-05-30
LAJ-85682322-2522,4,9,89.5622,156.4070,GBP,BUY,2026-06-25
LUI-29713125-5007,8,1,33.3274,494.3265,USD,BUY,2026-06-04
SUM-11654630-0683,12,4,99.7181,245.0687,JPY,BUY,2026-06-05
DOY-73954048-0878,3,7,61.5021,222.1726,CHF,SELL,2026-06-12
KFN-04135059-0842,8,6,30.3237,344.0446,CHF,BUY,2026-06-28
ETU-20431124-5254,8,2,43.8321,206.2286,EUR,SELL,2026-05-25
KVJ-19987423-0064,14,5,88.7166,250.8816,CHF,SELL,2026-05-27
PTJ-80438522-5202,11,6,23.1170,55.6300,EUR,BUY,2026-06-21
VFP-66694326-0266,3,2,44.4453,259.8172,USD,BUY,2026-06-11
XSC-73325089-3353,4,3,57.9993,485.7550,GBP,SELL,2026-05-27
DWU-46113539-9890,13,8,30.4847,74.0528,EUR,SELL,2026-06-25
KVF-13813288-1466,2,10,3.2331,252.0530,JPY,BUY,2026-06-06
CEG-94197170-2716,7,3,43.2887,394.5131,JPY,SELL,2026-06-01
DGT-88051851-1680,8,7,7.7914,435.0023,EUR,BUY,2026-06-15
NWP-06431420-5833,10,9,34.4623,478.7246,USD,SELL,2026-05-15
EEP-39777862-1642,15,10,45.9432,314.7102,CHF,SELL,2026-05-27
AED-06892853-8013,7,7,4.0848,384.9960,JPY,BUY,2026-05-28
UZA-12865484-3336,5,2,48.9213,437.1829,USD,SELL,2026-05-30
VXS-12911914-0596,2,10,24.6829,325.8646,GBP,SELL,2026-05-31
WBK-02079422-3882,14,1,7.2619,416.3174,EUR,SELL,2026-05-30
GHS-04449043-7312,9,9,83.1680,161.4962,CHF,BUY,2026-06-03
NSA-44036763-0967,6,3,66.9297,351.0536,USD,BUY,2026-06-02
DAF-51202851-6115,13,3,75.5954,144.7626,JPY,SELL,2026-05-29
HGC-93072172-6241,5,7,54.4337,84.3039,EUR,SELL,2026-06-06
GFR-24357403-5287,9,2,32.6441,304.3021,JPY,SELL,2026-05-29
WLC-59472889-8652,8,8,90.7251,77.0981,EUR,BUY,2026-05-31
KJI-53612507-4970,12,7,49.4247,108.7525,CHF,SELL,2026-06-13
HQO-99802352-5673,1,1,84.4910,268.0243,EUR,BUY,2026-05-27
ZSE-14612055-2357,1,4,20.6253,76.9143,USD,BUY,2026-05-23
SOO-72078051-3590,14,1,9.3516,200.0453,CHF,SELL,2026-06-12
IHN-89008995-9464,2,3,59.9454,353.9532,CHF,BUY,2026-05-19
RKZ-55398347-7641,15,1,30.1192,78.3788,USD,BUY,2026-05-21
YYB-63753790-4544,14,7,16.9520,306.0080,CHF,SELL,2026-06-15
AAP-62320211-2684,1,9,41.1340,230.6789,CHF,BUY,2026-05-26
UJU-43688015-2965,3,7,68.9932,256.1646,CHF,BUY,2026-05-22
QFO-58393786-9076,6,6,66.5172,21.7989,JPY,BUY,2026-06-02
EIL-14743958-4121,11,6,48.4651,27.5245,JPY,SELL,2026-06-05
UNK-94732334-6727,3,5,36.0336,421.7721,GBP,SELL,2026-06-09
FXR-29006930-4838,15,10,55.6857,108.5638,CHF,BUY,2026-05-21
RSP-63772573-8336,12,3,11.9809,117.3629,GBP,SELL,2026-05-30
CJB-90951346-1757,12,3,49.4217,366.7051,GBP,SELL,2026-06-05
QRV-00464745-5715,8,5,46.8227,423.6257,USD,SELL,2026-05-28
WSR-73729293-3047,8,4,42.4348,486.2438,JPY,BUY,2026-06-01
AFH-23639660-1168,9,8,28.6899,263.8766,GBP,BUY,2026-06-02
BMR-81998064-8016,13,8,51.7266,295.5039,JPY,BUY,2026-05-17
NRB-00378292-8914,11,1,18.5420,61.0527,JPY,BUY,2026-06-01
WZR-94916041-0696,10,3,6.0475,47.8355,JPY,SELL,2026-06-06
TWJ-47433718-3944,2,2,8.2138,45.5424,EUR,BUY,2026-06-03
QJG-21018219-8970,11,9,74.9886,281.0003,USD,SELL,2026-06-04
NIU-70164123-3603,14,8,47.7976,461.7422,CHF,BUY,2026-05-28
ZEC-58490210-5628,7,1,3.0532,299.9464,USD,BUY,2026-05-29
ULJ-93951979-1849,12,1,87.3218,22.4134,GBP,BUY,2026-06-14
YTI-70771730-4992,3,6,75.3360,333.0061,CHF,BUY,2026-05-29
VFF-31609488-6889,1,7,56.9373,398.8630,USD,SELL,2026-05-13
IBW-06560918-4226,12,1,3.0598,122.8247,USD,SELL,2026-06-03
YDQ-53181299-9805,3,9,44.7748,52.3371,USD,BUY,2026-06-03
UXT-04343529-7637,5,2,53.5838,344.3854,CHF,BUY,2026-05-12
KAU-50778888-9490,13,5,50.1239,453.5950,EUR,BUY,2026-06-01
EEA-75485322-5566,9,9,66.5917,426.8965,USD,BUY,2026-05-19
KZC-08072401-1597,5,9,14.2928,261.8805,JPY,BUY,2026-05-19
WBU-90823917-8555,10,6,30.5280,58.2632,GBP,SELL,2026-05-24
RQZ-64215214-4907,5,7,64.1080,197.3831,USD,BUY,2026-05-30
ZHP-88545600-5475,1,1,60.7370,427.3092,CHF,SELL,2026-05-21
ZKR-08050412-9724,9,9,72.3740,376.6012,EUR,SELL,2026-05-09
VRU-21717701-5063,15,4,95.3592,85.5155,CHF,SELL,2026-06-21
ESX-15308397-9813,6,6,70.7341,439.1602,USD,BUY,2026-05-29
NWZ-45138952-6463,1,3,75.3199,453.9927,CHF,SELL,2026-05-26
GVS-03543639-2060,1,7,53.3151,387.7493,USD,BUY,2026-06-20
SJS-80901295-0504,14,3,87.8319,84.2591,GBP,BUY,2026-06-04
LKM-22261937-8311,14,4,38.9853,316.4661,CHF,SELL,2026-05-19
IBU-13520488-3272,15,1,38.6415,158.1038,CHF,SELL,2026-06-27
HEG-45876720-8647,10,8,85.5206,321.1919,GBP,SELL,2026-05-22
YLX-28119072-1220,3,1,69.7420,190.1875,JPY,BUY,2026-05-17
MWP-26752776-2373,11,1,77.7298,233.4179,USD,BUY,2026-05-30
TWM-57162278-5636,3,4,83.1733,274.8829,EUR,SELL,2026-05-29
LKH-42020237-4669,4,10,91.0365,379.3088,JPY,SELL,2026-06-28
JQL-43928038-7397,10,9,66.2539,46.8302,GBP,BUY,2026-05-17
JXL-91729848-4354,3,6,76.6790,62.8612,USD,BUY,2026-06-17
UIS-80261585-0357,15,6,97.8963,35.1801,USD,BUY,2026-05-22
QSZ-26332122-7880,15,8,40.9714,21.4351,GBP,SELL,2026-05-30
ACB-18803859-0334,12,7,47.9086,351.2746,USD,SELL,2026-06-04
HKG-36540766-3292,15,4,42.6745,196.1487,CHF,BUY,2026-05-13
CMG-53243297-6099,15,10,23.2208,60.4182,USD,SELL,2026-05-30
HLO-09582424-5154,12,10,20.2999,252.2417,EUR,BUY,2026-05-27
DJQ-04989785-4596,7,8,14.0794,237.0278,JPY,BUY,2026-05-29
RUT-46098667-9337,6,1,60.4308,94.5264,GBP,BUY,2026-06-03
VTE-73673245-8068,4,5,43.1009,356.3196,EUR,BUY,2026-05-29
HGH-61222359-2865,8,10,51.4566,409.3181,JPY,BUY,2026-05-22
RTV-17198361-9303,12,9,26.8204,275.9341,CHF,SELL,2026-05-15
WKV-33071347-6638,2,10,62.4746,359.2345,USD,SELL,2026-06-08
GSE-62933958-5611,11,2,65.0216,381.3953,CHF,SELL,2026-05-21
UXB-70089297-7848,4,3,32.7386,19.7431,JPY,SELL,2026-06-04
PEM-94172237-4771,6,8,49.2217,497.8586,USD,SELL,2026-06-13
OPZ-86987148-8130,11,5,76.1332,421.8271,CHF,SELL,2026-06-27
LTD-47317132-7645,15,9,92.9292,44.2143,USD,SELL,2026-05-25
LWC-62745768-7842,5,10,1.9194,174.0063,USD,BUY,2026-05-29
YRK-48970770-1098,12,9,32.2080,492.6459,JPY,SELL,2026-05-29
ZAG-87659225-6759,7,9,97.0153,16.6194,GBP,SELL,2026-05-31
FIF-90073712-1989,13,4,42.7495,174.1614,JPY,BUY,2026-05-25
UUO-83276972-0740,10,4,11.0509,352.5052,JPY,SELL,2026-05-19
GPO-76741437-7707,11,9,32.5375,466.0337,USD,SELL,2026-05-19
RIE-33161980-1656,6,8,63.5031,274.9211,GBP,BUY,2026-05-25
WUT-58678170-4926,13,5,47.4470,83.3149,EUR,SELL,2026-06-16
PMK-24773958-0125,2,3,49.8970,254.2626,GBP,BUY,2026-06-11
JGH-70201163-9534,14,4,44.7659,209.1150,GBP,BUY,2026-06-20
KPF-03654566-4552,9,10,29.2271,124.4343,USD,BUY,2026-05-24
XSM-03931226-5324,7,5,68.0754,111.4354,GBP,BUY,2026-05-31
ZIF-33789779-1824,14,6,39.7498,456.8595,USD,SELL,2026-05-20
NFO-93343900-5470,1,9,25.9998,412.4055,GBP,BUY,2026-06-29
NAA-49224185-2083,10,1,96.8000,302.5500,GBP,SELL,2026-06-16
ZRP-03498790-7454,3,4,93.1748,414.2883,USD,SELL,2026-05-29
IAX-43541863-3293,14,10,67.3498,22.7491,GBP,BUY,2026-05-23
CAR-47989829-1104,6,7,99.7273,327.8109,CHF,BUY,2026-06-08
KYL-00398800-5820,8,1,99.1373,152.7254,CHF,SELL,2026-05-25
NYR-97473034-6948,2,6,33.7890,480.4994,EUR,SELL,2026-06-22
FES-30406008-5639,11,9,41.8362,144.7786,EUR,SELL,2026-06-12
YFY-25257877-8298,14,10,6.3134,51.5959,EUR,BUY,2026-05-11
UCH-11548552-5866,3,10,12.4700,84.3646,GBP,BUY,2026-06-21
LWB-15798728-3541,9,4,76.3035,185.0985,GBP,SELL,2026-05-22
GZI-73629353-8352,2,2,95.3377,345.2805,EUR,SELL,2026-05-25
WOA-43361001-2285,15,10,30.1269,350.0212,USD,SELL,2026-06-27
VLU-88999436-1181,7,7,81.6702,41.2706,GBP,SELL,2026-06-10
NUG-49723815-5386,10,6,62.7250,314.3630,GBP,BUY,2026-06-26
EPE-87668204-9952,6,8,67.4299,414.3138,GBP,SELL,2026-05-26
LWA-74176798-0635,1,2,58.6966,292.4814,CHF,SELL,2026-05-24
ODS-28282738-8852,8,10,56.1377,185.6342,GBP,BUY,2026-06-27
KQH-15157810-3030,6,10,69.6969,199.8594,USD,BUY,2026-05-24
LHI-41732845-6014,6,4,94.1648,154.4530,EUR,BUY,2026-05-30
KEZ-55981637-3991,9,3,88.9203,254.9757,GBP,SELL,2026-06-01
HOA-35742050-8773,12,8,73.5334,198.5794,USD,SELL,2026-05-27
CZH-08213751-4677,8,5,81.3153,63.0930,EUR,SELL,2026-06-02
YZL-44682275-3752,15,2,83.0020,33.0403,EUR,BUY,2026-05-28
TII-39925992-4885,15,10,81.1404,285.1176,CHF,SELL,2026-05-27
NMV-57805866-1995,9,3,90.0791,127.1419,CHF,BUY,2026-05-19
IAH-05160298-5759,11,10,14.9340,156.4233,EUR,SELL,2026-06-04
IHD-31298985-9740,15,7,90.5809,458.8428,EUR,SELL,2026-06-16
DIC-00780573-1870,2,7,73.9556,475.0045,JPY,SELL,2026-06-11
DOD-30601838-0599,11,10,63.5986,155.3176,EUR,SELL,2026-06-23
WTH-66079940-5235,10,4,81.1000,132.6441,GBP,BUY,2026-05-29
EMP-97740291-4306,6,2,53.5969,358.1646,USD,SELL,2026-05-26
SNQ-06614889-0304,9,10,76.2208,445.1037,JPY,BUY,2026-06-15
TGM-27547569-3203,5,9,8.8367,230.6868,JPY,SELL,2026-05-28
UBO-89317299-9001,4,8,81.4027,61.8967,USD,SELL,2026-06-14
YSJ-05393306-8891,2,4,84.8504,338.8033,EUR,SELL,2026-06-19
ZOP-01233143-4868,8,3,4.9124,401.7899,EUR,BUY,2026-05-17
URL-99669508-2417,1,9,1.1293,105.3761,USD,BUY,2026-05-12
XXP-33968633-6092,15,2,57.1812,443.2124,CHF,SELL,2026-05-19
EDN-42641537-0860,1,4,27.6858,328.1897,JPY,SELL,2026-06-03
SZR-22457884-0012,9,2,96.4211,195.1252,EUR,BUY,2026-06-25
DVE-72765686-6346,2,7,58.0658,95.1797,JPY,SELL,2026-05-27
FLB-85555081-8207,10,10,95.1829,324.0138,GBP,SELL,2026-06-24
LGY-82882590-4265,14,6,10.1215,364.1182,EUR,BUY,2026-06-09
GJW-35287903-0270,13,5,26.9734,375.6933,USD,BUY,2026-05-30
BYT-41588905-3636,5,3,77.5294,260.5107,JPY,BUY,2026-05-27
VFM-97636327-2587,6,3,72.0266,445.8365,USD,BUY,2026-06-02
OAD-26662493-2180,15,9,55.2765,476.0602,JPY,BUY,2026-05-25
RES-84756128-6036,5,10,38.0700,160.9878,EUR,SELL,2026-06-01
KMH-15908875-1767,5,6,86.3218,87.6221,JPY,BUY,2026-06-19
BAT-06636212-2152,3,9,14.8458,466.3714,GBP,BUY,2026-05-28
INB-13287559-9955,13,5,45.0598,170.6560,USD,SELL,2026-05-19
PJD-03226737-9351,7,9,71.2981,384.7194,CHF,SELL,2026-06-03
VFB-99536420-6557,14,1,26.1498,408.0963,JPY,SELL,2026-06-18
UUU-10405131-3385,13,7,34.6081,294.2777,USD,SELL,2026-05-31
MUI-27380101-4504,14,10,89.7342,433.3145,JPY,SELL,2026-06-24
SDY-91418769-8183,11,3,80.2112,158.7742,USD,BUY,2026-05-26
JUX-48110775-9093,15,5,2.2019,373.2194,CHF,SELL,2026-05-06
LYQ-74428794-1695,11,2,4.8648,463.9288,CHF,BUY,2026-05-30
JDV-45391911-3853,10,4,40.1051,109.6301,GBP,BUY,2026-05-30
QDZ-38092273-5880,4,6,70.8884,67.6705,EUR,BUY,2026-06-24
GRB-54002064-5441,4,1,48.5104,77.6800,JPY,BUY,2026-06-06
HIK-75318328-7996,1,9,49.1847,309.1633,GBP,SELL,2026-05-20
KOT-83707534-9856,2,6,62.2498,37.5619,CHF,SELL,2026-06-12
KCB-99437592-9074,14,6,24.3142,27.6102,USD,SELL,2026-06-09
QBM-99939198-6258,4,7,62.0384,173.2550,JPY,SELL,2026-04-30
AVR-69124506-1547,9,8,21.4596,172.3017,EUR,BUY,2026-06-08
BMC-49772063-0859,8,7,40.1759,285.7313,CHF,SELL,2026-05-28
XMD-86497594-9907,12,6,65.9360,71.6473,GBP,SELL,2026-05-29
IQL-24059800-8124,15,6,24.3885,43.5671,USD,SELL,2026-05-24
AGZ-29228141-4233,7,3,43.3813,342.0929,USD,SELL,2026-05-28
FSM-50940897-6252,7,4,45.1679,478.1977,CHF,SELL,2026-06-07
ZAX-68683155-0440,3,5,42.4895,359.3707,EUR,BUY,2026-06-09
PDJ-44876783-2778,11,1,87.6913,168.4992,EUR,SELL,2026-05-30
XEP-31018903-4965,14,7,88.4812,378.8648,JPY,BUY,2026-05-23
GPQ-25864518-4849,5,3,79.3928,200.9068,CHF,BUY,2026-06-06
TXX-40013101-3089,4,5,32.0951,97.0306,GBP,BUY,2026-05-26
TZK-13040138-7076,2,7,38.7077,117.3459,JPY,SELL,2026-06-08
KSL-77615892-5619,3,10,74.6988,323.4742,CHF,BUY,2026-06-12
CFX-16236765-2719,14,7,1.3327,453.1043,CHF,SELL,2026-05-24
NVJ-07139248-8165,6,1,35.9928,28.9103,GBP,SELL,2026-06-07
VUB-71666843-2127,4,7,54.3312,339.5151,JPY,BUY,2026-06-16
QMZ-52462183-8309,10,10,57.9527,162.8086,GBP,BUY,2026-06-02
MQN-37300803-1919,5,2,73.9790,212.9402,GBP,BUY,2026-06-21
NEI-23516316-9065,14,1,75.1037,81.3073,USD,BUY,2026-05-17
ZKG-40146744-7167,8,2,25.4033,357.3049,USD,SELL,2026-06-11
ANF-47547115-2888,13,5,43.9145,260.1212,JPY,BUY,2026-05-31
HHM-58401295-6891,1,9,94.8923,413.9288,USD,BUY,2026-06-04
TYR-96587145-6689,10,8,14.7438,215.6730,EUR,SELL,2026-05-23
JQE-60529336-3315,6,7,2.2144,224.1034,USD,SELL,2026-05-25
UXE-77207987-1845,8,7,66.1283,59.9491,JPY,SELL,2026-05-31
PZI-29462566-5631,8,10,96.6026,353.1416,GBP,BUY,2026-05-31
OVF-02765155-2707,7,7,33.8460,200.4468,USD,BUY,2026-05-21
AZK-20322349-3978,9,1,60.3799,112.4366,JPY,SELL,2026-06-13
UUI-33249858-7698,11,7,44.5915,247.7723,CHF,SELL,2026-05-17
ELU-62589810-3126,12,4,31.6255,357.0191,CHF,BUY,2026-05-19
YGH-78082598-0481,10,10,13.4006,78.0461,EUR,BUY,2026-05-23
OQA-28175161-3705,6,5,65.8454,404.1900,GBP,SELL,2026-05-28
FWC-42099733-1046,15,3,17.7921,382.0311,JPY,BUY,2026-05-17
CUW-42756571-6954,10,6,59.4982,130.7965,GBP,SELL,2026-05-29
YRW-43995995-0682,1,8,3.4530,61.6621,CHF,SELL,2026-05-26
EAY-00179260-7433,6,2,75.1937,177.8803,JPY,BUY,2026-06-11
DJY-90996280-8214,15,10,94.7089,236.0086,EUR,BUY,2026-06-01
GIG-33622414-2879,5,6,96.6928,248.0298,EUR,SELL,2026-06-16
MOB-70706223-8968,14,1,79.5001,413.8227,USD,SELL,2026-05-28
TGK-39229078-8884,11,7,95.0179,335.8337,CHF,BUY,2026-05-25
ZPC-52979486-4891,13,4,38.4589,337.4395,GBP,SELL,2026-06-25
RIG-50605491-0556,13,5,5.6668,363.8802,JPY,BUY,2026-06-23
YYX-49445740-6703,12,7,98.3761,125.2006,CHF,BUY,2026-06-02
IOO-72399642-4272,12,4,49.2332,385.7475,USD,BUY,2026-05-30
FLZ-60139116-1696,14,2,6.9452,62.3635,CHF,SELL,2026-06-28
BFB-76944848-8290,6,6,60.8984,370.0542,CHF,SELL,2026-06-08
RRF-20046373-7878,10,9,21.6696,101.2253,CHF,SELL,2026-06-18
YYQ-32726946-8128,4,3,33.5558,421.2131,EUR,SELL,2026-05-16
XOL-00821621-0399,2,6,51.1821,403.2981,JPY,SELL,2026-05-29
HVS-99823026-7694,10,10,67.9124,461.0912,JPY,SELL,2026-06-20
LQP-55580132-6329,15,5,20.5916,481.3855,JPY,SELL,2026-06-04
SQQ-11792085-0059,9,7,29.0231,12.3087,USD,SELL,2026-06-10
LYX-78509499-9156,9,8,92.1934,329.7314,USD,SELL,2026-05-25
IUT-92172785-7575,11,9,88.1312,438.0451,JPY,SELL,2026-06-11
SOC-26108947-0130,4,1,46.4919,344.9996,CHF,BUY,2026-06-01
BZV-56048614-7954,7,5,9.0211,454.6844,CHF,BUY,2026-05-27
QKH-56634638-8629,3,3,2.2634,116.3139,JPY,BUY,2026-06-04
ZPS-34914327-3534,5,8,88.3658,88.5518,CHF,SELL,2026-06-08
MYQ-77279014-5638,13,1,19.5740,139.7018,USD,BUY,2026-06-17
LHI-35257315-0727,6,9,22.1914,189.8429,EUR,SELL,2026-05-27
TQN-86662313-7756,4,8,6.2261,220.5224,USD,SELL,2026-05-26
FOE-62614741-1950,14,4,8.9135,478.4463,USD,SELL,2026-06-15
FWX-96652315-5438,6,7,12.1350,321.4434,GBP,SELL,2026-06-25
AOX-84420084-7820,10,8,44.5210,277.3078,USD,SELL,2026-05-17
JVH-28501199-2325,2,3,12.9833,93.1998,EUR,SELL,2026-06-20
LIS-27822225-7124,1,3,7.9240,115.8576,JPY,BUY,2026-05-31
CFI-48634044-9940,6,1,33.1125,174.2643,GBP,BUY,2026-05-20
CNZ-07933722-7599,4,3,36.7227,309.4092,JPY,BUY,2026-06-15
SVC-51317321-1456,8,7,60.9576,400.1541,JPY,SELL,2026-05-23
NLV-12515001-0353,7,9,37.5160,138.5338,CHF,BUY,2026-05-20
YJF-81357096-7030,4,6,27.6516,281.7504,USD,BUY,2026-06-02
RMQ-83216897-0946,15,2,8.7598,26.6222,JPY,BUY,2026-06-03
LPB-17202024-2150,10,9,22.7817,224.7292,USD,SELL,2026-05-26
GXV-73487671-6889,1,6,43.9116,235.3971,JPY,BUY,2026-06-12
IPT-29548331-1477,2,2,90.2087,173.9718,USD,BUY,2026-05-18
IRJ-11096377-5335,5,5,21.7421,261.9525,JPY,BUY,2026-06-25
LFJ-38548218-7457,8,9,6.1993,200.3695,JPY,SELL,2026-05-23
MUP-95927688-3660,14,9,36.5238,387.0283,USD,BUY,2026-05-26
VZI-00039549-1491,2,2,32.2110,467.5540,CHF,BUY,2026-05-22
JYQ-80026489-8844,1,8,63.0894,362.3831,EUR,SELL,2026-06-14
OJR-42820105-0757,6,4,44.7285,19.7122,EUR,BUY,2026-06-01
WOT-92442903-5061,5,8,62.1669,177.3265,GBP,BUY,2026-05-17
MAR-28531739-4703,1,4,90.0047,152.0846,USD,BUY,2026-06-15
VSW-70757055-9920,7,2,64.0172,309.7552,USD,BUY,2026-06-07
IZU-52128486-2926,8,2,71.5090,485.2949,JPY,SELL,2026-06-05
IZF-90235850-3987,3,5,51.8822,134.8015,EUR,BUY,2026-06-17
UPA-96380996-4762,10,6,96.8202,101.7237,CHF,SELL,2026-05-23
EOQ-37207277-1209,8,6,8.0065,43.7784,GBP,SELL,2026-06-20
PZB-57706257-5294,11,3,81.3242,481.7144,EUR,SELL,2026-05-30
LEP-40280950-5756,12,10,99.8341,57.0875,CHF,BUY,2026-05-26
IZF-60933453-6861,10,5,16.5804,38.5447,GBP,SELL,2026-05-21
DLB-76463397-4156,12,2,5.0147,426.2078,USD,BUY,2026-06-09
PVU-39276278-2635,3,8,59.2250,221.2439,CHF,SELL,2026-05-19
GLE-61654161-9349,7,2,96.5083,160.5261,CHF,BUY,2026-06-04
XLO-72390781-6896,7,3,57.0849,320.9293,GBP,SELL,2026-05-30
CBV-74183664-2775,6,1,94.8727,468.1178,JPY,BUY,2026-05-21
CIZ-56914494-2775,8,3,59.3344,252.4788,JPY,BUY,2026-06-10
ZUU-64722678-4302,11,10,50.6684,289.5697,JPY,SELL,2026-05-24
UIO-20947606-9193,13,1,25.0878,450.3784,USD,SELL,2026-05-29
BPR-99561465-3360,12,7,58.3654,308.9619,GBP,SELL,2026-06-03
YNC-12670904-8585,15,1,81.0088,496.3964,GBP,SELL,2026-05-23
RWK-05090728-6113,3,7,15.7765,362.3680,USD,BUY,2026-06-16
ZKD-86450018-7826,14,5,36.2507,426.8795,GBP,BUY,2026-05-28
JXU-98285579-4755,13,6,45.9512,52.7018,EUR,SELL,2026-06-05
VNZ-96576667-4542,9,6,26.4430,493.9296,GBP,SELL,2026-05-22
BMR-87199861-6342,10,2,80.6220,77.7032,CHF,SELL,2026-05-22
BTF-25062231-4823,7,8,88.7532,324.6142,JPY,BUY,2026-06-27
GPL-92014920-4836,4,2,98.4737,419.3665,JPY,BUY,2026-06-02
WLA-98795289-4928,13,9,98.6772,196.4112,JPY,SELL,2026-06-23
GRY-66374592-0502,1,5,44.6455,331.1111,CHF,SELL,2026-05-24
SEE-60640212-6174,9,5,36.5096,441.5538,GBP,SELL,2026-06-27
HKB-83290140-6302,7,4,76.1880,310.3141,USD,SELL,2026-06-22
VHV-73617629-9553,13,6,86.5261,418.5644,EUR,SELL,2026-05-31
BUR-81929171-2171,1,4,68.7182,140.7164,CHF,BUY,2026-05-19
ALE-12054892-7630,6,6,11.8057,351.6414,CHF,BUY,2026-06-27
LWR-78420601-9378,7,3,69.7367,112.5588,CHF,SELL,2026-05-18
BLD-97164447-9619,13,7,95.9765,59.0133,USD,SELL,2026-05-22
XLG-33565807-3859,14,6,17.3707,423.1046,GBP,BUY,2026-05-23
THH-72274283-7115,13,7,35.3891,332.9407,USD,BUY,2026-05-28
UCF-99299701-4886,9,8,36.3724,149.0947,JPY,BUY,2026-05-21
VLQ-62609353-5848,2,7,83.5726,336.6063,CHF,BUY,2026-05-31
WRD-42628618-1944,6,6,61.9038,143.2782,JPY,BUY,2026-06-01
EXR-84075335-4183,1,8,85.1321,318.6322,CHF,BUY,2026-06-24
HOC-49307498-5580,10,4,10.4972,391.0543,CHF,SELL,2026-05-31
KNY-46801942-6136,5,7,69.7028,337.9631,GBP,SELL,2026-06-06
SXR-99543069-4883,14,6,59.2349,410.5826,GBP,BUY,2026-05-18
AFT-20625252-9646,10,10,76.6015,201.5250,CHF,BUY,2026-05-17
ZEV-50495452-4102,15,2,7.1935,312.9097,GBP,BUY,2026-06-03
NRN-01328103-3876,9,3,99.6286,315.2643,GBP,BUY,2026-06-02
VXA-44130557-4967,8,5,57.4350,250.7570,EUR,BUY,2026-06-07
MER-26213282-3470,8,6,18.1988,165.6356,EUR,SELL,2026-06-08
YVY-91443710-2010,6,10,68.8903,134.9157,EUR,BUY,2026-05-16
DHE-38474813-8428,2,9,67.0179,305.3732,GBP,SELL,2026-05-31
LNH-62536294-7696,14,9,62.6223,126.8700,JPY,SELL,2026-05-24
ZUI-98055003-2387,10,4,81.3166,255.7887,USD,BUY,2026-05-24
WJY-71450183-3341,8,1,80.6017,48.7607,USD,SELL,2026-06-22
IHY-59127784-5525,4,1,64.4138,24.4958,JPY,SELL,2026-05-22
AOL-86087531-0346,13,4,53.4403,310.7004,CHF,BUY,2026-05-27
XBR-54094065-3479,14,2,58.7940,214.4828,EUR,SELL,2026-05-27
JRM-68973752-1169,6,6,11.4974,439.6791,GBP,SELL,2026-05-30
QNV-51403900-5589,5,3,44.8728,305.6664,JPY,SELL,2026-06-17
NUX-35246339-4527,6,3,63.6347,162.7821,GBP,SELL,2026-05-29
QFB-35016935-9609,5,8,35.3095,475.4199,JPY,BUY,2026-06-27
UYL-70425464-4615,10,2,11.1002,99.5458,JPY,BUY,2026-05-16
WZP-09102796-1082,12,8,75.4539,469.2820,JPY,SELL,2026-05-30
OAM-55865366-7937,15,1,73.6152,70.8018,CHF,BUY,2026-05-28
CXE-15876725-1877,11,3,66.4313,41.3308,CHF,SELL,2026-05-28
WQP-76868641-0833,13,1,82.0226,141.9907,JPY,SELL,2026-05-10
CSJ-38546694-9196,8,4,61.8117,10.8153,JPY,BUY,2026-06-04
GTG-64843052-5623,3,2,18.2466,476.0064,JPY,BUY,2026-05-22
YSE-56574231-0773,9,3,65.9696,215.4984,GBP,BUY,2026-06-20
NSA-16547597-0980,8,2,33.8923,122.9140,EUR,SELL,2026-06-10
PPG-86817160-7896,15,1,94.0291,169.7196,GBP,SELL,2026-06-03
PMH-74567633-8764,11,4,80.6227,479.0688,CHF,BUY,2026-05-26
ZXY-51140137-5499,11,10,48.5914,105.7958,GBP,SELL,2026-06-01
TWB-88108052-1722,5,4,20.7968,177.4121,GBP,BUY,2026-06-14
GGG-63330230-9755,7,6,26.9822,471.8166,GBP,BUY,2026-06-04
JQN-10884067-8931,13,8,10.3798,121.4310,GBP,SELL,2026-06-10
CDJ-60719507-1926,1,4,12.6130,423.7057,USD,SELL,2026-05-26
LYU-92761812-4889,4,3,1.2725,124.6484,EUR,SELL,2026-05-27
SPT-19318388-8837,6,5,6.9768,421.7545,GBP,SELL,2026-06-05
WTA-29690180-7944,12,6,77.6957,73.9578,JPY,SELL,2026-05-19
EUM-83085567-6579,13,8,37.8277,141.5651,JPY,BUY,2026-06-24
TIX-46071242-4109,11,8,72.9084,91.3151,EUR,SELL,2026-06-05
UJV-72083867-4918,2,9,26.8902,206.9476,USD,BUY,2026-05-23
VJU-33034170-1310,8,7,89.2757,181.8958,USD,BUY,2026-06-12
AVV-61392434-1791,1,7,8.9945,95.2263,CHF,BUY,2026-05-17
SVL-26476133-1635,14,7,31.6094,347.9775,CHF,BUY,2026-05-24
XLY-40581585-8071,1,2,31.2067,222.1095,EUR,SELL,2026-05-17
LUD-32269427-4597,15,10,8.2810,105.6751,CHF,SELL,2026-06-18
SCH-26846172-1536,5,5,26.1814,164.8993,CHF,SELL,2026-06-16
CPM-95248724-0369,8,2,69.5737,327.4916,CHF,SELL,2026-05-27
GSU-05322447-9665,5,2,24.7468,68.9317,EUR,SELL,2026-05-24
MRY-97809675-6994,6,7,8.8066,450.6310,USD,BUY,2026-05-25
LOS-83693994-8176,7,5,92.8420,331.1153,USD,SELL,2026-05-21
GHI-91519033-3576,11,9,23.5448,329.3590,JPY,BUY,2026-05-22
YLX-28142501-4158,5,10,79.8679,478.2044,EUR,SELL,2026-05-19
WYL-06566224-4067,1,7,12.1603,86.6310,GBP,SELL,2026-05-20
HHU-12691841-4418,5,9,54.3467,281.9442,USD,SELL,2026-06-28
PSX-87565018-9914,8,3,67.6444,373.5209,CHF,SELL,2026-05-27
BSB-82244086-6664,15,8,92.0953,168.7658,GBP,BUY,2026-06-28
ECA-78952789-9839,11,10,68.5006,250.6965,JPY,BUY,2026-06-10
CIO-48641115-2906,9,10,2.8382,289.6828,EUR,SELL,2026-06-13
DQS-26605638-3114,12,2,8.2798,187.0981,JPY,SELL,2026-06-10
MLP-14628866-3870,10,6,80.1884,234.3795,EUR,SELL,2026-05-29
YRA-66834501-2481,11,7,60.3540,414.8979,USD,BUY,2026-06-05
FPX-61451323-6808,14,4,62.2055,405.4903,JPY,SELL,2026-06-08
MUG-61519489-2556,9,8,58.1380,164.7697,GBP,SELL,2026-06-23
LXC-95269119-0408,9,2,71.2021,41.6157,JPY,SELL,2026-06-09
WBV-79606402-1126,2,7,34.0355,165.2548,USD,BUY,2026-06-11
VNP-16862074-4951,2,2,90.0449,312.6980,GBP,BUY,2026-05-19
LVS-67195734-2174,1,4,51.1248,97.1774,CHF,BUY,2026-05-26
WQC-92759209-9444,14,10,10.6500,209.6430,USD,SELL,2026-05-31
BSZ-84677576-0244,15,5,61.2088,395.9741,USD,SELL,2026-05-25
CRQ-99049882-4536,10,10,31.0484,177.8334,CHF,SELL,2026-06-06
GYQ-64839211-4021,14,6,21.9429,475.6538,JPY,SELL,2026-05-27
ZPH-37495807-0080,9,10,90.2927,428.9004,JPY,BUY,2026-05-27
ZKN-94400334-9975,8,9,29.8250,21.1780,USD,BUY,2026-06-04
RJC-64122301-8471,9,5,47.9361,114.0573,CHF,BUY,2026-06-13
GLV-01040610-4282,7,1,87.1521,205.4785,USD,BUY,2026-06-06
QDO-74506537-8045,9,5,90.0354,283.6728,EUR,BUY,2026-06-22
YNA-10991489-2565,7,3,19.3317,124.3981,USD,BUY,2026-06-03
MJE-43846112-6506,15,5,79.8101,36.5744,GBP,BUY,2026-05-24
QOK-34493228-4282,4,6,33.3539,275.3187,EUR,BUY,2026-05-17
BRO-40556888-6952,2,6,94.5361,349.9729,USD,BUY,2026-05-28
DNR-77126218-0788,11,5,56.1166,172.5398,CHF,BUY,2026-05-16
RMN-57524786-2611,8,4,47.7839,104.5577,GBP,SELL,2026-05-28
LZQ-33310123-7551,5,9,21.3156,279.0436,GBP,BUY,2026-05-25
OYU-72768361-8261,10,6,33.7633,450.9019,JPY,BUY,2026-06-11
HJT-07624402-9559,13,8,34.7461,456.1102,JPY,BUY,2026-06-15
PQM-76259512-4036,7,4,39.0190,91.8599,CHF,BUY,2026-05-23
RXE-80850131-2020,7,8,2.2876,380.2329,CHF,BUY,2026-06-01
HYJ-90090561-6226,7,9,51.3020,240.9829,JPY,SELL,2026-06-03
BNH-14319578-1173,7,2,49.3930,370.8750,CHF,SELL,2026-05-27
WCR-39223285-7618,6,5,25.2887,114.2385,JPY,SELL,2026-06-14
RGD-07413748-9237,1,3,11.5093,33.5310,GBP,BUY,2026-06-13
SYB-69205201-9073,10,3,58.7096,177.9392,JPY,BUY,2026-06-09
RGO-48237470-1804,11,5,75.9975,315.0545,JPY,SELL,2026-05-31
HIF-42231203-4163,15,10,62.8644,472.0774,JPY,SELL,2026-05-29
LTD-39966964-7334,10,9,43.8076,123.0232,GBP,BUY,2026-05-25
GMT-60217727-2444,4,2,99.1343,16.0304,CHF,BUY,2026-05-26
OHA-78324973-7064,5,4,23.8044,89.3563,EUR,SELL,2026-06-06
XWR-41844226-7968,2,10,27.5833,24.9342,GBP,SELL,2026-06-26
MTQ-61488379-6479,5,5,97.5150,41.9592,CHF,SELL,2026-05-27
ESG-51996884-1842,9,4,43.0331,239.9704,CHF,SELL,2026-06-28
OYQ-14524949-4683,5,5,30.8964,218.1676,GBP,SELL,2026-05-23
RMD-10240212-4276,12,4,18.5169,121.6632,EUR,BUY,2026-06-15
SKC-80312109-6920,7,8,62.2888,257.1279,GBP,BUY,2026-05-20
RYG-46347530-0934,11,6,68.0528,113.5316,CHF,BUY,2026-06-03
OGK-82601134-7221,11,3,58.6159,274.0494,JPY,SELL,2026-05-26
MWF-19074636-2276,7,10,56.3785,225.0725,USD,BUY,2026-06-09
RRQ-17910041-8227,13,9,50.6605,177.9075,CHF,SELL,2026-06-01
UWQ-97119658-0994,8,1,26.7208,140.3003,USD,SELL,2026-06-19
MUY-42752914-6923,7,10,5.8982,408.4707,EUR,BUY,2026-06-06
JGO-81581407-2123,3,3,6.4868,55.9471,JPY,SELL,2026-06-17
GRZ-03254876-9700,6,6,30.2838,28.7402,USD,SELL,2026-06-26
AOG-82233756-5664,4,7,63.6606,236.8437,USD,SELL,2026-05-27
THK-38590624-8968,7,3,2.2862,113.3604,JPY,BUY,2026-06-21
JJO-55891759-9054,2,7,37.2895,374.5709,CHF,BUY,2026-06-13
XIH-95918676-2091,2,6,44.8636,213.5967,JPY,BUY,2026-05-19
KDA-79096585-3619,4,9,87.8708,245.7269,JPY,BUY,2026-05-29
NBR-82787513-7927,5,10,58.4041,63.6775,CHF,SELL,2026-06-02
TXO-76990196-7547,13,8,42.3153,473.6264,EUR,BUY,2026-05-25
YQG-17476223-7470,8,7,62.7832,471.3043,EUR,SELL,2026-05-30
IEI-07735438-9690,9,2,48.5685,174.9860,JPY,BUY,2026-05-31
RSR-41064539-2727,6,8,58.4037,164.4191,GBP,SELL,2026-06-21
JSD-44346016-6329,2,8,63.4079,16.9144,USD,BUY,2026-05-14
FMV-03025109-0861,10,4,16.5724,365.5178,JPY,BUY,2026-05-31
ICL-13283600-6712,1,3,98.9804,477.7327,GBP,BUY,2026-05-20
ZWY-78717542-8975,14,4,38.6849,32.5363,JPY,SELL,2026-06-04
AUG-70625539-2941,9,9,14.7622,404.3391,JPY,BUY,2026-05-28
IXR-29445199-5742,2,8,98.3897,273.5104,JPY,BUY,2026-05-27
JFF-74678819-8238,3,10,47.5289,120.0487,USD,SELL,2026-06-09
YDV-10300349-8644,7,1,1.7342,117.2778,USD,SELL,2026-05-14
XKF-52273199-4686,8,5,94.3507,491.1513,EUR,SELL,2026-05-25
PCQ-16418625-7561,12,8,92.0844,249.6928,JPY,SELL,2026-06-22
SKG-53574177-6570,6,4,75.6934,350.8754,JPY,BUY,2026-05-30
NRV-12919566-1944,14,1,52.0694,53.1098,GBP,SELL,2026-06-09
MFA-35778026-4769,5,8,47.9563,84.9032,EUR,BUY,2026-06-18
MCN-49391359-7978,8,4,28.5381,22.9998,CHF,SELL,2026-05-31
NNH-49014755-1645,7,6,26.8414,417.7645,JPY,SELL,2026-05-15
FIV-96631077-4636,4,4,32.6256,57.6728,JPY,BUY,2026-06-04
MZX-57584540-1690,2,10,50.3225,80.0677,JPY,SELL,2026-05-30
YHX-29781272-2055,8,10,28.0565,457.4629,USD,BUY,2026-06-19
VBN-19868689-8586,6,10,43.8282,235.3017,USD,SELL,2026-05-17
ZDR-97912487-4885,3,4,55.7685,385.7765,JPY,SELL,2026-05-27
JWU-19490184-8876,12,5,63.7206,136.8144,USD,SELL,2026-06-04
QUI-62626590-9883,11,1,26.6850,427.8590,CHF,SELL,2026-05-22
EBQ-57213647-4734,6,4,57.0337,246.1777,JPY,SELL,2026-05-28
OAU-04295090-0414,4,10,36.4598,326.1993,EUR,BUY,2026-06-07
SKG-60050913-8876,7,1,23.2693,427.2514,CHF,BUY,2026-06-14
OJD-25184263-0993,8,5,51.7729,203.5169,JPY,SELL,2026-05-27
ENI-37514674-2313,4,3,9.4984,333.7621,GBP,BUY,2026-06-14
NIS-96942775-9709,8,6,44.1501,48.6791,USD,SELL,2026-06-04
WCK-85963545-1711,9,6,86.7825,447.0717,USD,SELL,2026-06-05
ORJ-61123353-6606,10,5,83.7757,64.9273,GBP,BUY,2026-05-29
TIW-89862728-8074,6,10,84.0214,267.5998,GBP,SELL,2026-05-23
WMK-84648363-2132,7,6,98.0815,493.7544,EUR,BUY,2026-06-10
FKW-58169844-4328,12,8,39.7730,345.1091,GBP,BUY,2026-06-12
WPI-02475994-8359,15,8,43.4673,101.1473,GBP,SELL,2026-05-23
HEG-28250660-5170,2,5,72.0624,271.2134,GBP,SELL,2026-05-23
KCH-65533624-1571,3,5,62.4705,433.4054,USD,SELL,2026-05-30
NWT-50073878-1169,6,8,31.6470,46.1444,CHF,BUY,2026-05-23
ZNN-72891203-4148,9,4,59.8813,74.9599,JPY,SELL,2026-06-02
IXH-93812903-4108,2,1,23.7112,114.2297,JPY,SELL,2026-06-12
LRP-14987008-0843,14,5,63.0682,201.8435,EUR,SELL,2026-06-25
WFM-36408094-8327,10,1,21.4315,64.1984,GBP,BUY,2026-06-26
FHK-94517985-2708,3,6,54.4530,137.6756,JPY,SELL,2026-05-28
TCD-37244368-7236,11,2,20.3295,97.7496,USD,BUY,2026-06-02
TGG-71322026-0210,9,6,93.4427,357.3509,GBP,SELL,2026-06-23
QVR-34419531-8818,6,3,36.8826,205.4716,EUR,BUY,2026-06-04
VQJ-83660606-3955,6,9,9.3440,194.1034,GBP,SELL,2026-05-28
LVS-38467057-3955,3,6,6.4324,362.8152,JPY,BUY,2026-06-22
DWD-24111814-3936,3,4,70.7047,95.9593,JPY,BUY,2026-06-10
MUM-62485772-7031,8,3,30.3807,32.0689,USD,SELL,2026-06-14
IPN-18567929-0702,3,2,30.7930,37.2150,GBP,BUY,2026-06-23
UPC-05384706-2574,2,7,69.1206,426.1913,JPY,BUY,2026-05-24
JZJ-30840343-0213,14,8,74.7935,484.0946,JPY,BUY,2026-05-28
RBG-41295153-3661,7,4,90.0931,335.2695,CHF,BUY,2026-05-25
WUD-14892732-5843,4,5,62.5708,18.4385,EUR,SELL,2026-06-06
INL-98790726-3306,2,8,70.6052,136.1594,EUR,SELL,2026-05-21
VKE-76830423-5967,11,9,89.7461,52.0967,CHF,BUY,2026-05-21
LEA-81775484-3411,14,6,45.0789,126.2395,GBP,SELL,2026-06-09
WVW-67318605-6431,14,3,8.4940,401.2390,CHF,BUY,2026-05-26
LUP-66755457-4921,11,2,76.3576,99.1679,GBP,SELL,2026-06-05
AGS-62441806-4992,12,4,40.1389,384.9695,CHF,BUY,2026-05-28
JIZ-51634374-3234,5,6,14.7639,394.7005,GBP,BUY,2026-05-27
WKV-77269192-4504,2,9,75.0909,315.8769,CHF,BUY,2026-05-30
YAZ-16866089-3968,4,10,8.7220,304.6617,JPY,SELL,2026-06-01
XHT-59887091-8880,4,1,49.1240,471.0042,EUR,SELL,2026-06-04
UGY-00230157-2900,3,8,23.0755,280.8429,GBP,SELL,2026-06-02
OZR-73878904-7034,1,10,97.8651,439.0572,JPY,BUY,2026-06-20
DMY-68731637-6034,1,6,54.1664,116.8095,EUR,BUY,2026-05-29
UFC-62066129-5123,6,10,69.8873,34.9435,GBP,SELL,2026-05-30
XKX-15466543-0116,4,7,93.6050,456.6544,GBP,SELL,2026-05-29
OGS-48609234-3172,12,7,89.7334,374.3412,EUR,SELL,2026-06-06
MZI-58429743-5354,3,8,76.7843,439.4149,CHF,SELL,2026-05-21
DQR-82831778-5564,6,8,15.0400,262.5944,GBP,BUY,2026-06-21
KIV-49212191-7436,5,3,21.2498,184.4845,JPY,SELL,2026-05-29
BLD-15368302-3751,3,9,19.0500,412.0289,JPY,SELL,2026-06-02
HUI-03634314-3367,3,2,51.4937,157.7564,USD,BUY,2026-06-11
NAB-89943239-6528,6,5,81.2787,491.4367,USD,BUY,2026-05-25
NAS-06860456-6516,3,7,91.2782,322.4473,EUR,BUY,2026-05-27
TKX-31237694-7012,7,10,41.6899,314.8663,GBP,BUY,2026-05-30
KTT-80922248-9968,2,8,61.0855,405.2773,JPY,BUY,2026-05-18
DOE-34955798-5494,10,7,9.3871,27.5360,JPY,BUY,2026-06-06
AUB-64072794-6095,3,10,93.8913,348.3703,JPY,BUY,2026-06-26
QTJ-64046376-9686,7,8,36.6285,202.2787,EUR,BUY,2026-06-28
PRS-67930982-2777,7,5,59.2783,111.7433,CHF,SELL,2026-05-29
RIH-50648065-5571,7,6,85.4342,277.1481,USD,BUY,2026-05-31
LAM-79707282-5624,13,7,79.9209,283.3522,CHF,SELL,2026-06-03
AWC-98313659-2910,6,4,38.6131,185.7734,GBP,SELL,2026-05-16
RDZ-87433304-3913,5,10,8.0868,207.9185,JPY,SELL,2026-05-23
NHD-46195273-9101,2,9,7.8861,341.3801,CHF,BUY,2026-06-17
SWS-87178899-3695,3,1,93.8710,443.8975,GBP,BUY,2026-06-26
MNK-22529667-9275,7,7,42.1890,324.6828,EUR,SELL,2026-06-05
ZMQ-66486551-4622,8,7,67.3465,291.6710,USD,SELL,2026-06-24
OYC-24948524-7121,9,3,66.7618,333.1849,JPY,SELL,2026-05-30
VOP-67639939-9545,9,6,71.3099,291.2814,JPY,SELL,2026-06-09
TAK-87345088-9433,5,4,8.3951,203.6169,CHF,SELL,2026-05-23
LOD-29097612-6744,2,5,7.3161,187.0722,USD,BUY,2026-05-20
YYB-18407788-3643,14,7,40.0214,11.6310,USD,SELL,2026-05-27
VAU-64525694-9209,6,2,7.3424,334.0771,JPY,SELL,2026-06-18
FAW-20151678-0644,14,8,37.0066,414.0576,EUR,SELL,2026-06-04
YZH-55902734-5983,14,3,69.9252,337.7495,CHF,SELL,2026-06-26
OBS-32506115-8336,7,3,43.0348,93.8166,JPY,SELL,2026-05-20
FUD-48072934-5464,13,10,37.8965,245.5118,USD,SELL,2026-05-14
YRZ-62899877-6464,12,4,87.2706,487.6613,CHF,SELL,2026-06-29
RJE-39865248-4019,14,10,83.8848,294.0641,GBP,BUY,2026-06-03
LFD-83320880-5061,11,1,94.9419,341.2574,GBP,SELL,2026-05-22
RUG-21847806-7750,3,7,58.2488,157.0853,GBP,SELL,2026-05-20
SLA-31842806-1240,8,8,45.8711,144.7323,GBP,BUY,2026-06-17
TAM-69256480-5910,10,1,96.3018,82.8715,JPY,BUY,2026-06-18
XNS-88277995-2263,12,10,25.2641,373.4047,CHF,SELL,2026-05-24
XOH-86344476-7515,8,10,93.3774,420.0623,GBP,SELL,2026-05-19
GBL-91824327-8872,8,7,86.4321,198.2307,JPY,SELL,2026-06-09
GLK-17974370-5475,13,4,43.6941,240.7177,EUR,SELL,2026-06-16
EWF-60076218-0720,2,1,66.3121,442.3830,CHF,SELL,2026-06-16
TJZ-37349414-7471,8,6,27.6522,102.7962,JPY,BUY,2026-06-17
GXL-25463849-1374,6,4,5.1560,261.6168,EUR,SELL,2026-05-27
PWG-82973560-7349,13,6,28.7839,286.0741,USD,BUY,2026-06-03
IMK-47431657-9408,8,1,3.1012,345.5274,EUR,BUY,2026-06-27
XZE-06991049-0141,1,9,80.2561,492.2837,JPY,BUY,2026-05-23
TAQ-31994610-4727,8,8,4.1054,107.5917,GBP,BUY,2026-05-27
JQM-27171587-1292,3,1,44.4396,466.6465,GBP,BUY,2026-05-29
ZOO-73500429-8597,8,3,36.4310,289.6419,USD,SELL,2026-05-23
CFP-74869769-3370,1,9,38.5149,319.7412,JPY,SELL,2026-06-01
WKH-25077150-9032,3,8,49.4302,213.1316,CHF,SELL,2026-06-14
NDH-61597969-3292,1,1,20.2143,411.2916,GBP,SELL,2026-05-27
NWM-88460640-0218,2,7,18.0033,499.7773,EUR,BUY,2026-05-31
FTP-76443295-5586,7,1,66.1575,221.7325,USD,BUY,2026-06-03
HUL-44165619-7490,14,8,6.8933,162.9520,JPY,SELL,2026-05-30
QNI-70904387-2172,4,5,92.2651,137.7037,JPY,SELL,2026-05-24
LJS-67466233-6484,11,9,47.7781,391.3635,USD,BUY,2026-05-31
SVK-48323295-0891,10,2,85.7326,303.2423,EUR,SELL,2026-06-17
SHJ-17347576-3699,11,3,99.8813,134.4387,JPY,SELL,2026-05-30
XHR-06384481-1952,7,5,84.5129,409.9535,USD,BUY,2026-06-09
FHM-25397135-6479,6,1,83.4779,251.6754,EUR,SELL,2026-05-16
MTT-45421878-6131,7,10,29.5745,190.7545,GBP,BUY,2026-06-09
QEJ-92137319-1340,6,6,6.1636,418.9719,JPY,SELL,2026-05-18
QDU-45837877-6668,14,1,93.4804,259.8435,EUR,BUY,2026-06-14
XHK-12486376-5424,5,10,78.4751,265.8487,CHF,SELL,2026-05-31
GIN-20779103-1106,6,3,7.7758,361.4821,CHF,SELL,2026-06-05
ULG-00380520-9015,2,6,95.6732,350.7360,EUR,BUY,2026-05-23
OCT-11080575-5519,11,5,2.8344,200.3790,GBP,SELL,2026-05-19
EDL-07829633-2888,11,3,68.3930,349.3657,USD,SELL,2026-06-25
GXA-36547988-2226,13,10,4.8214,188.3403,USD,SELL,2026-05-30
TOH-17125927-1284,11,8,25.5788,415.3843,JPY,SELL,2026-05-22
KMB-80968635-5683,8,2,88.9045,81.2973,USD,BUY,2026-05-10
YFL-16357616-4476,8,4,56.1925,146.1557,JPY,BUY,2026-06-27
WKA-56330262-3860,6,6,53.9684,289.2722,GBP,BUY,2026-05-31
ZZC-59830473-6402,3,4,34.0525,158.8849,USD,SELL,2026-05-08
YBF-51215556-2799,4,3,56.2707,347.9716,JPY,BUY,2026-06-02
JST-47859602-4914,13,10,35.1545,381.0234,EUR,BUY,2026-06-24
FKN-38532172-3131,5,8,46.2854,240.9649,EUR,SELL,2026-06-05
VGO-68113754-0394,11,4,33.2403,199.1644,GBP,BUY,2026-06-29
PSU-21989739-7816,3,6,49.0420,289.2644,EUR,BUY,2026-06-24
CWZ-44239581-6044,11,2,5.7509,254.3428,USD,SELL,2026-05-30
EBJ-27554384-2196,2,7,92.3628,151.2879,USD,SELL,2026-06-26
PJP-43136017-4343,9,8,53.7311,372.0417,GBP,BUY,2026-05-19
LUS-23612754-1451,14,4,30.0347,279.8394,EUR,SELL,2026-05-25
MJO-13245617-1791,8,6,28.5665,47.1902,EUR,BUY,2026-06-16
EFX-98271164-8220,15,5,93.1112,439.7685,EUR,SELL,2026-06-01
NBA-77966603-2093,13,4,97.2197,32.2144,GBP,BUY,2026-05-11
MJZ-68560957-7645,4,6,6.0385,101.0649,GBP,BUY,2026-06-23
XCE-55654838-6643,3,8,93.6136,208.7749,USD,SELL,2026-06-19
OVE-83105466-5850,13,5,65.3715,327.8609,JPY,BUY,2026-06-24
WUY-38569072-0674,8,5,10.0409,113.8883,USD,BUY,2026-06-27
VOC-67802711-5685,10,7,36.9598,134.9652,USD,SELL,2026-06-13
TXX-20560762-3902,1,2,19.2951,474.9111,CHF,SELL,2026-05-23
MUT-30155793-6992,14,9,60.8682,310.9230,CHF,BUY,2026-05-22
NSB-78856824-3224,11,7,30.0558,433.8774,CHF,BUY,2026-06-21
HFS-77996120-2176,2,9,22.7930,215.3718,USD,SELL,2026-05-22
FMI-53542310-0795,8,5,66.2290,477.3734,USD,BUY,2026-06-14
OVX-28028024-8930,4,1,59.7477,162.4287,CHF,BUY,2026-06-19
AEU-09838354-1569,5,2,12.7898,202.9056,USD,BUY,2026-05-30
WFC-62765005-2927,1,5,75.2565,198.7900,GBP,SELL,2026-06-22
QMP-27073409-8951,9,1,1.2653,381.3474,USD,SELL,2026-05-31
GVQ-37584242-3160,6,5,78.7643,287.9386,EUR,BUY,2026-05-23
KDZ-27395876-8622,5,5,89.1829,74.7979,JPY,SELL,2026-06-04
ENT-22209548-2669,3,5,42.5846,450.3713,CHF,SELL,2026-05-27
URX-36589849-5537,7,9,27.8187,495.9210,JPY,BUY,2026-05-30
ISV-62890404-8189,8,4,27.5887,16.9841,CHF,SELL,2026-05-26
ZWH-70173518-7984,9,2,4.4415,464.1363,CHF,SELL,2026-06-06
TAG-69119162-7123,14,2,91.9306,64.2378,USD,BUY,2026-05-22
PDW-03396350-5940,5,2,69.3044,218.3634,CHF,BUY,2026-05-31
JOJ-32502199-8458,9,10,83.6117,480.4058,EUR,SELL,2026-05-21
PAO-53421968-6575,11,10,96.5198,90.8030,GBP,SELL,2026-06-25
RWA-29992274-3099,5,3,54.3172,370.9341,GBP,SELL,2026-06-28
BGF-21077785-7140,4,9,97.7546,462.1925,EUR,SELL,2026-05-26
ZKX-32146068-2959,5,4,2.3694,286.3878,EUR,SELL,2026-05-28
MEM-34905303-4767,12,2,51.1522,99.4473,JPY,SELL,2026-06-16
MWY-20120928-3277,1,8,16.6608,36.3215,GBP,BUY,2026-05-20
YDN-54694618-8467,5,3,81.9910,52.0477,USD,BUY,2026-05-22
AVY-08884191-4667,9,3,97.3888,157.6280,USD,SELL,2026-05-29
XRG-51215282-5714,10,3,14.1106,299.9209,EUR,BUY,2026-05-16
IYK-30736215-1522,14,6,90.5398,478.9920,EUR,SELL,2026-06-04
HUF-45654298-9943,7,1,98.4718,239.4618,GBP,BUY,2026-06-22
GEX-99188914-2772,7,3,16.3010,300.7876,EUR,BUY,2026-06-01
WBS-09082583-0453,15,5,73.7454,94.0391,GBP,BUY,2026-06-08
KUZ-57682643-0831,1,7,62.5406,134.3101,GBP,BUY,2026-06-21
DNM-00679494-9926,14,1,32.3649,172.4404,JPY,BUY,2026-05-29
WMF-47869801-2648,14,6,25.0155,471.2730,CHF,BUY,2026-06-02
LJR-94399643-8179,8,2,74.3558,159.8987,USD,BUY,2026-06-02
SXV-21011078-2265,11,9,24.0412,81.0615,CHF,SELL,2026-06-20
ACU-31113511-7379,15,2,37.2626,169.2177,JPY,BUY,2026-06-19
QSJ-44912818-9314,11,3,53.0427,37.1091,JPY,BUY,2026-06-09
ACG-55058598-8457,1,10,96.3967,261.4065,USD,BUY,2026-06-02
OJX-60382771-2454,14,7,42.1422,239.4554,JPY,SELL,2026-05-16
UGB-32286558-8297,1,6,6.9778,34.8001,EUR,BUY,2026-05-23
SLD-21038427-3741,1,7,28.2244,402.6687,USD,SELL,2026-06-20
VSV-10387610-0752,9,9,64.1979,281.1977,CHF,SELL,2026-05-31
KCM-46396424-4978,6,9,71.1383,285.3992,GBP,SELL,2026-05-10
EVL-29745000-7681,2,2,17.5637,66.5379,USD,BUY,2026-06-08
TIE-35611131-5677,6,7,40.1027,418.4440,JPY,BUY,2026-06-16
GIS-85232491-9559,9,1,2.5038,204.7013,USD,SELL,2026-06-20
PCM-27259686-5543,11,7,19.2940,212.9271,GBP,BUY,2026-05-24
HUR-63175874-3420,14,10,94.0471,202.7452,USD,SELL,2026-06-15
UVT-35692314-8723,11,7,42.7888,402.2867,USD,SELL,2026-05-26
FPG-64398179-2464,5,8,95.7287,185.6281,CHF,SELL,2026-06-22
REI-99837555-8925,5,1,91.4983,493.9957,GBP,SELL,2026-05-28
ISE-82647417-6938,3,10,81.7169,314.1387,USD,SELL,2026-06-08
MCF-65400838-0454,9,1,9.1149,340.6377,CHF,BUY,2026-06-10
KID-87551391-6308,2,6,6.8553,98.2114,CHF,BUY,2026-06-08
ESC-28495239-7394,14,4,2.2898,203.7473,CHF,BUY,2026-05-10
VUQ-80005618-5882,15,8,60.4373,217.3017,EUR,SELL,2026-06-18
SUB-46400519-9521,8,2,79.5436,342.2448,EUR,BUY,2026-05-27
OFL-04220709-8333,5,1,73.5735,50.7994,CHF,SELL,2026-05-31
EHF-33363363-3429,8,8,6.0273,162.0147,USD,BUY,2026-06-22
WEU-59845345-2147,13,4,59.5590,296.7216,EUR,BUY,2026-06-06
FSF-58316991-2233,10,1,13.3847,67.0623,GBP,SELL,2026-06-15
DGK-37341140-0061,7,10,52.6487,100.4868,CHF,BUY,2026-05-31
RUI-46558959-0998,3,10,98.6460,313.0867,CHF,BUY,2026-06-11
SFX-70530516-3834,6,5,81.7340,130.4521,GBP,BUY,2026-06-21
DZX-99715534-3942,13,10,55.4630,108.8794,JPY,BUY,2026-06-22
BTT-39362699-5424,1,10,92.7442,358.1000,GBP,BUY,2026-05-18
JXP-49052634-5231,12,10,45.8007,467.2315,GBP,BUY,2026-05-26
VZR-51136808-5431,4,1,80.3765,267.2314,JPY,SELL,2026-06-26
TMO-09670446-9901,8,6,35.2824,291.7714,EUR,BUY,2026-06-12
LDO-53829135-8925,2,2,46.4775,155.6918,JPY,SELL,2026-06-27
OVD-50135640-8997,5,4,70.6694,21.9565,JPY,SELL,2026-05-17
TWU-67021967-5059,14,3,72.5916,253.1021,CHF,SELL,2026-05-24
JVQ-63094972-0167,1,8,39.2349,288.0448,JPY,BUY,2026-05-14
FRZ-67133551-3900,10,6,83.0268,347.1687,GBP,SELL,2026-06-24
RTE-05105099-5289,8,2,40.1451,373.7551,EUR,SELL,2026-06-17
HOA-29989139-6478,6,10,21.5718,366.6528,USD,SELL,2026-05-31
AHK-50339927-0843,7,6,33.6832,397.1989,USD,BUY,2026-06-04
IZO-29647746-0786,7,7,77.2380,371.5213,JPY,SELL,2026-05-26
VWK-73248874-7099,3,3,40.7104,487.0939,CHF,BUY,2026-06-03
USL-75772823-2229,2,3,86.3483,117.3778,USD,SELL,2026-05-23
YTB-69465582-6053,9,3,58.0383,72.7931,CHF,SELL,2026-05-23
ZIC-41871433-0108,6,5,84.5710,177.6036,EUR,BUY,2026-06-24
NZO-49692898-3162,8,2,11.0975,335.8652,JPY,SELL,2026-05-30
HZY-89097383-1237,14,10,28.6078,258.0805,EUR,BUY,2026-06-06
LMO-84006054-9156,13,5,75.1878,11.4404,USD,SELL,2026-06-03
YTK-18691373-5030,10,3,75.7506,18.8523,JPY,BUY,2026-06-15
DYZ-55812876-9463,1,9,67.8273,314.8716,GBP,SELL,2026-06-01
PUC-75919656-9753,5,4,31.8036,477.2273,JPY,SELL,2026-06-24
JPQ-10503639-6006,2,5,79.5709,359.1371,USD,SELL,2026-05-29
XUE-47064770-3835,11,9,35.9332,25.4478,USD,SELL,2026-05-17
SGB-52549873-0862,1,3,5.8378,337.0969,EUR,SELL,2026-06-08
PHM-95716895-6427,12,2,30.4459,479.8639,JPY,SELL,2026-06-12
KJR-54432670-4675,11,7,6.8314,239.0168,CHF,BUY,2026-05-22
JUP-66833402-3112,14,9,40.4477,356.7770,JPY,BUY,2026-06-07
CBR-18660012-1272,15,1,43.0942,340.3203,GBP,BUY,2026-05-21
YEO-67740619-5014,6,4,50.5556,226.4002,GBP,BUY,2026-06-08
QWU-18760840-8679,13,10,56.0193,337.9785,USD,SELL,2026-05-18
MWI-39985066-3697,8,1,42.8180,70.1148,USD,SELL,2026-06-29
XHA-78161715-6099,2,6,61.7214,40.2568,GBP,SELL,2026-06-02
OLB-92613878-2570,10,8,1.8998,162.2485,EUR,BUY,2026-05-18
WNY-82581818-3326,2,7,6.8343,106.7996,USD,SELL,2026-06-20
ADL-24067863-4845,6,2,34.8781,62.0186,GBP,SELL,2026-05-24
ZUU-47427288-2072,14,8,56.6316,213.4032,JPY,SELL,2026-05-21
RQZ-23515966-5577,8,10,41.9787,194.2763,JPY,SELL,2026-06-11
SNY-04494632-7626,14,5,24.5801,434.7701,JPY,SELL,2026-05-23
DIV-96527773-7334,4,3,13.5623,477.8550,USD,SELL,2026-06-09
ACW-21023167-1651,11,5,5.1188,310.0092,USD,BUY,2026-06-13
BLI-13984815-7883,1,4,34.2775,36.9390,USD,BUY,2026-05-26
VYV-00078228-6240,6,1,37.8287,186.9796,EUR,BUY,2026-05-25
ING-68618482-2001,1,3,38.3927,73.6031,EUR,BUY,2026-05-30
SQL-22589343-7518,10,10,3.5943,164.9643,GBP,BUY,2026-05-21
OOS-63509755-2115,2,2,83.6995,72.7096,USD,BUY,2026-05-30
PPP-80470727-9248,3,3,82.4653,445.3700,USD,SELL,2026-06-04
HIQ-79602657-1717,7,10,28.3574,463.9680,JPY,SELL,2026-06-17
PYS-54500435-8075,1,10,83.9632,478.7766,EUR,BUY,2026-06-01
BOZ-67715857-6769,8,5,64.3735,26.3381,EUR,SELL,2026-05-30
SMC-26248648-7769,10,10,65.8834,261.3022,CHF,BUY,2026-06-24
VCU-80421536-2185,13,3,31.8061,359.2001,CHF,SELL,2026-05-21
IGS-99647207-8301,6,1,62.4254,459.2435,GBP,BUY,2026-06-23
GFJ-42727218-1245,14,8,63.8207,412.3428,CHF,BUY,2026-06-29
FJB-64333738-4588,5,6,45.4935,202.8996,CHF,SELL,2026-06-04
QZI-42275560-6639,11,6,40.0854,268.0323,GBP,SELL,2026-06-02
HTD-14883002-4075,1,7,34.4923,457.4791,JPY,SELL,2026-05-19
DDR-93935291-7329,5,1,33.1142,405.3266,JPY,BUY,2026-05-25
BXG-36870326-9037,5,4,32.9586,301.7553,JPY,SELL,2026-06-03
IVA-61810443-1879,13,7,56.9094,262.0877,CHF,BUY,2026-05-30
ZTY-82620185-8097,14,6,52.4384,91.4301,CHF,SELL,2026-06-01
DOR-44638550-2253,11,1,22.2862,426.6131,USD,BUY,2026-05-09
OZT-11812772-0422,12,2,75.9639,60.7849,CHF,SELL,2026-06-21
WQJ-79618576-1216,11,5,65.8955,438.9891,JPY,BUY,2026-06-19
UGM-77601626-6896,1,6,54.3490,397.9889,GBP,SELL,2026-05-30
YLP-16076994-4230,15,3,21.7958,137.4555,CHF,BUY,2026-05-27
ADL-68550232-9551,10,7,99.5239,247.7396,GBP,SELL,2026-05-12
AUA-87835523-1477,1,3,67.4434,256.0053,EUR,BUY,2026-06-12
JFA-58239047-0139,3,4,95.9018,420.8443,JPY,BUY,2026-05-28
IPT-38790867-3526,12,4,63.2807,287.0556,JPY,BUY,2026-06-17
LHI-11879091-4922,12,9,70.4768,50.3210,GBP,SELL,2026-06-09
NTO-71393992-7153,10,9,70.3934,268.5398,GBP,BUY,2026-05-31
YFC-96831311-0953,14,6,64.4486,162.8001,JPY,BUY,2026-06-21
WXQ-20924856-4148,2,8,61.8667,493.2106,CHF,SELL,2026-05-31
PLA-66217405-6011,3,7,67.3032,257.0566,USD,SELL,2026-05-25
BMH-95763344-6748,8,3,51.1155,122.8740,USD,BUY,2026-06-03
LJM-99779019-8300,12,2,77.2951,401.6954,USD,SELL,2026-05-26
EHI-61506479-2346,4,4,3.9447,315.8859,JPY,SELL,2026-06-22
IGE-25724004-5884,13,6,43.3671,80.2380,GBP,SELL,2026-05-19
XCW-31476408-2582,10,3,14.1594,80.2841,JPY,BUY,2026-06-06
LFJ-76353938-0796,10,1,61.8879,71.7328,JPY,BUY,2026-05-27
AEU-47470140-8105,15,10,53.2440,490.8317,JPY,SELL,2026-06-03
PXV-16623840-4232,4,10,9.9615,433.9176,USD,BUY,2026-05-31
QIC-99282061-0288,13,5,86.7358,213.6274,CHF,BUY,2026-05-25
KWI-85267482-3350,3,7,55.3000,497.8810,GBP,SELL,2026-06-13
RNV-79820054-1337,6,6,9.3574,328.2311,JPY,BUY,2026-06-16
GPE-32811150-8955,13,10,58.9189,397.3791,EUR,SELL,2026-06-07
WCV-11496248-4294,3,10,35.2083,445.7025,CHF,SELL,2026-05-26
ZSG-45549603-5617,8,1,17.3188,221.9081,GBP,SELL,2026-05-19
PRV-49461738-9618,9,8,93.8521,204.1212,GBP,SELL,2026-06-03
WYG-73722540-6236,10,9,85.7723,140.0941,USD,SELL,2026-05-18
ANN-18866548-1645,13,3,85.5028,438.5201,GBP,BUY,2026-05-26
JQK-27081815-8470,9,10,2.8602,346.1893,EUR,BUY,2026-05-29
DDH-36307693-5710,8,7,30.2176,388.4204,EUR,BUY,2026-05-24
COE-10794632-2200,14,10,47.7873,282.6438,GBP,SELL,2026-06-01
IMY-49687750-8420,13,10,21.5366,431.4417,EUR,BUY,2026-05-24
KHN-71661681-9573,4,8,62.2956,406.3928,USD,SELL,2026-06-06
ENM-97493466-0914,8,2,96.9717,405.9599,GBP,BUY,2026-05-28
XMX-95878193-9486,1,8,72.3044,356.4530,EUR,BUY,2026-06-24
KSC-21573584-6904,8,5,77.6426,170.3932,GBP,SELL,2026-05-26
XHR-61747043-0467,6,6,80.5348,152.2142,EUR,BUY,2026-05-20
IBE-91863730-9660,8,5,94.5125,336.7173,JPY,BUY,2026-05-30
CIA-12991485-8368,2,3,32.0386,92.3001,USD,SELL,2026-05-29
WBZ-68243996-5126,14,6,37.5440,110.8530,JPY,BUY,2026-05-12
WQT-16861147-9060,7,3,9.7074,47.8118,USD,BUY,2026-06-15
RYP-02510890-0445,8,9,52.7228,353.5379,EUR,BUY,2026-06-07
OZF-75171788-6075,9,3,57.1465,294.0174,EUR,SELL,2026-06-25
FKS-84467381-2038,2,8,28.3699,414.4254,GBP,BUY,2026-05-24
KBS-94939790-7032,15,10,15.3408,133.0134,GBP,SELL,2026-05-20
ICA-98287749-3408,5,2,94.1026,228.0605,JPY,BUY,2026-06-07
PYV-04774989-9903,12,1,18.5290,406.3772,CHF,BUY,2026-05-15
YGV-34881167-2808,15,7,80.4187,401.2529,GBP,BUY,2026-05-24
ZIN-40335348-1947,10,9,50.7287,227.1983,CHF,BUY,2026-05-20
TNW-78353388-1853,7,10,4.2817,21.9966,CHF,BUY,2026-05-27
RFJ-85587025-8105,10,1,31.1786,122.0751,JPY,SELL,2026-05-24
MJZ-15666471-6718,2,8,62.9375,254.4804,USD,BUY,2026-06-13
NPJ-06424121-6339,2,1,88.3118,132.9509,GBP,BUY,2026-06-27
COG-39468630-7084,4,2,45.1789,257.8205,CHF,BUY,2026-06-11
UXF-22703211-3596,9,3,81.8822,471.2259,EUR,SELL,2026-05-24
ELM-71395392-2211,7,9,37.1970,102.8417,USD,BUY,2026-05-30
KRO-62201789-7321,13,2,22.7705,109.7851,USD,BUY,2026-06-19
IFB-96019501-3282,2,6,99.9546,420.8556,GBP,BUY,2026-05-24
ZIL-41574042-7092,4,2,46.0390,292.2816,EUR,BUY,2026-06-12
NPC-69581992-5617,13,5,18.2582,59.3179,GBP,BUY,2026-05-21
KDS-86780825-6128,9,5,76.3240,371.4205,USD,BUY,2026-06-20
TCR-39204747-9365,9,5,60.5384,260.3115,USD,SELL,2026-06-06
ZRU-33782832-1856,1,10,38.6096,359.2842,CHF,BUY,2026-06-01
VDL-00858854-4838,3,8,39.3933,360.0360,JPY,SELL,2026-05-25
WLZ-13083949-1058,7,10,25.3970,369.8523,CHF,SELL,2026-05-28
YCW-38016510-8496,10,7,70.6211,36.4166,JPY,SELL,2026-06-28
HAX-95602307-4271,11,6,39.9462,436.3016,CHF,SELL,2026-06-01
NPE-32347073-3303,10,6,65.7394,273.7216,USD,BUY,2026-06-08
VGD-63842622-6157,4,8,50.4229,377.7676,EUR,SELL,2026-05-26
WKA-19483280-4675,9,2,13.1448,440.1100,GBP,BUY,2026-05-20
DMA-49942524-5510,2,3,8.9685,286.6029,JPY,BUY,2026-06-18
PYJ-62230934-2110,1,1,33.9272,50.2529,CHF,BUY,2026-06-08
VWB-41597787-3919,8,2,31.7161,166.7373,CHF,BUY,2026-06-18
HZO-47000550-5126,14,9,53.6821,395.6531,JPY,SELL,2026-05-24
QHP-65263804-8068,12,6,50.8059,457.0536,JPY,SELL,2026-05-17
EQC-66410114-9858,12,10,23.2927,484.2799,CHF,SELL,2026-06-08
FGK-11258894-1946,5,7,28.9028,470.3170,JPY,BUY,2026-06-17
DTH-23350201-3952,12,10,24.9147,95.6452,JPY,BUY,2026-05-15
QYV-60215564-1524,4,4,79.1054,139.0764,USD,BUY,2026-05-08
IEN-56398471-6184,15,8,96.6719,220.2650,GBP,BUY,2026-05-19
TSM-57699170-4660,5,9,34.3326,178.3768,CHF,SELL,2026-06-16
VPI-01618996-6120,10,1,61.1283,153.1638,EUR,SELL,2026-05-31
IXI-16367595-7617,2,8,38.5235,446.9986,JPY,BUY,2026-06-14
WOS-22344921-3345,14,1,84.6765,206.5655,EUR,BUY,2026-06-16
DLJ-00414157-6175,3,9,50.8416,294.9180,EUR,BUY,2026-06-10
KXK-10829996-0198,3,2,3.4783,90.1380,EUR,SELL,2026-05-20
MZG-38543074-8603,1,5,38.8204,477.8155,JPY,SELL,2026-05-30
PLD-54638715-0621,15,9,70.1754,78.3405,CHF,SELL,2026-05-27
JVI-57179923-5701,8,4,48.6708,163.7606,USD,SELL,2026-05-15
KTS-78843147-7072,13,10,63.6404,493.3099,GBP,BUY,2026-06-04
RHU-37682988-4168,2,6,4.7028,75.9794,CHF,BUY,2026-06-27
PGH-31993828-5874,10,5,87.0391,372.7279,CHF,SELL,2026-05-28
NOH-67024495-9492,4,7,84.1537,293.8132,GBP,SELL,2026-06-14
EAM-22085758-8245,15,1,52.1385,304.8031,USD,BUY,2026-06-03
TZM-09795835-8110,15,6,50.6122,31.1632,USD,SELL,2026-05-29
RSV-91979775-2707,12,6,37.0843,436.3387,GBP,BUY,2026-05-25
LGT-16656005-8564,3,7,84.1338,356.5128,USD,BUY,2026-06-23
QXB-42218883-4428,2,7,10.8810,157.5855,GBP,BUY,2026-05-30
VIB-21168275-6362,3,5,5.1071,223.4384,USD,SELL,2026-06-04
BCK-28333006-9668,8,9,3.2913,309.0432,EUR,BUY,2026-05-17
WED-17071965-5676,15,3,7.5956,425.3155,EUR,BUY,2026-05-19
AGD-33237472-1041,13,9,10.6498,296.8630,GBP,SELL,2026-05-23
NCV-59089752-9498,8,5,69.8490,322.4386,EUR,SELL,2026-06-08
LUQ-09959419-1562,5,8,98.0358,391.5342,USD,SELL,2026-06-28
KMX-60691098-2767,8,5,77.9953,20.3843,EUR,SELL,2026-05-23
OXF-12858279-0149,5,9,64.5801,390.3413,EUR,BUY,2026-06-08
AZM-93134148-1127,6,2,60.7934,473.0293,JPY,BUY,2026-05-27
OZG-52520874-2509,14,7,87.1867,363.3958,CHF,BUY,2026-06-20
BMU-14298369-2401,9,3,34.6403,135.5448,GBP,BUY,2026-05-23
TMY-52955178-0264,4,9,55.3961,150.1657,GBP,BUY,2026-05-18
JQH-41557674-9989,3,1,46.4779,199.1794,JPY,SELL,2026-05-24
NVB-27234171-1354,9,6,4.6558,191.5386,CHF,BUY,2026-05-24
RMZ-54320228-9427,5,4,26.5697,440.4359,JPY,SELL,2026-05-22
YCZ-04351672-1915,1,2,13.9308,108.3825,USD,SELL,2026-06-02
FPR-09391059-7670,3,5,99.5338,357.9642,JPY,SELL,2026-06-02
GCZ-94357820-8673,12,9,89.1891,451.7528,USD,SELL,2026-06-25
WER-39833971-9592,4,1,96.6157,183.9497,EUR,SELL,2026-06-16
GQV-34409892-6706,2,5,28.3641,148.7735,EUR,SELL,2026-05-18
LDB-02504940-7994,7,5,86.8312,43.0672,EUR,SELL,2026-05-31
KXS-48544483-2257,10,3,78.5633,464.9633,GBP,BUY,2026-06-23
PFJ-11158330-8204,5,4,82.0241,50.7580,GBP,BUY,2026-06-09
LSK-89071684-3721,3,9,40.0345,258.3009,USD,BUY,2026-06-12
YAX-52393484-4420,5,2,99.3578,30.0905,EUR,SELL,2026-06-06
QFG-05916945-5713,8,4,74.0694,382.2242,EUR,SELL,2026-05-19
CUW-44776761-8245,6,2,74.5479,312.2528,USD,SELL,2026-05-19
CIH-17118999-0241,15,10,4.3442,472.4135,CHF,BUY,2026-05-20
BZB-51248713-0018,3,8,23.5374,372.6611,CHF,BUY,2026-05-28
KRG-51187183-0734,7,6,56.9085,328.9505,USD,SELL,2026-05-24
ZVA-52469821-4545,13,7,74.6946,38.6353,CHF,SELL,2026-05-19
XCM-50767187-6780,14,5,93.9427,165.0500,CHF,BUY,2026-05-29
ROL-33030715-4452,11,4,92.2941,474.1397,EUR,BUY,2026-05-25
QNM-56663080-4054,3,1,85.1132,319.0724,JPY,BUY,2026-06-05
JSW-95868311-1623,15,6,43.5825,474.3844,EUR,BUY,2026-05-22
OIG-68908501-5138,6,7,66.5738,65.8934,JPY,SELL,2026-06-27
DFC-49252810-0096,13,7,23.5375,495.2221,EUR,BUY,2026-05-25
HRC-91025598-3993,6,5,62.3540,169.5607,JPY,BUY,2026-05-24
ZDZ-15249272-9049,9,7,33.9504,129.7508,EUR,SELL,2026-06-06
LWJ-90967239-9821,8,8,98.6867,223.2931,CHF,SELL,2026-05-23
UXJ-86481617-8899,4,7,74.6568,481.6555,CHF,SELL,2026-06-01
LDY-07311411-8320,6,2,83.8530,190.9680,EUR,BUY,2026-06-12
PCV-24578976-8203,8,5,33.9808,76.5199,JPY,SELL,2026-05-27
PFA-68636246-8805,7,6,19.2114,135.8113,JPY,SELL,2026-06-19
HYF-81830415-2767,6,4,2.3817,411.8737,JPY,SELL,2026-05-11
TXF-89206570-7714,5,4,10.3228,437.7691,USD,BUY,2026-06-03
ZLH-07875093-9899,6,5,97.5543,365.4865,USD,SELL,2026-05-25
VUD-60755198-9745,4,2,60.6448,488.2718,JPY,BUY,2026-06-15
UUR-38106645-4036,1,1,63.2552,454.3144,USD,BUY,2026-05-30
KUY-13213479-0933,5,6,16.8818,141.5283,GBP,SELL,2026-05-28
QQB-99383768-7957,9,9,75.4816,459.8977,CHF,SELL,2026-06-02
ZGA-58148020-1054,8,9,69.9334,124.5448,USD,SELL,2026-05-27
ZFA-23633737-4280,4,5,51.7149,281.5769,EUR,SELL,2026-05-24
KMU-97000912-3639,4,1,15.0447,125.2688,EUR,BUY,2026-05-21
VUM-01643323-3386,1,3,38.6520,59.0352,GBP,SELL,2026-06-01
TAB-06608391-4012,4,4,60.2432,135.6712,EUR,SELL,2026-06-24
OUI-14567834-7279,14,6,12.4978,451.6400,EUR,SELL,2026-05-26
LSN-60388570-5943,8,5,33.0568,17.0795,CHF,BUY,2026-06-14
DDI-28890594-4695,15,10,35.7558,44.6321,JPY,BUY,2026-05-21
ZOU-17758923-8045,10,8,90.0374,313.6045,EUR,SELL,2026-05-31
ARD-57561419-0790,11,2,91.4469,355.6820,EUR,BUY,2026-05-18
JFJ-92704029-1143,15,5,91.6168,308.9229,GBP,BUY,2026-05-24
MGK-57432028-7614,2,6,40.4883,143.2356,EUR,SELL,2026-05-27
CES-64092603-5336,15,6,24.7106,317.5161,USD,SELL,2026-06-20
VSW-48724947-1000,3,7,69.2610,127.0499,USD,SELL,2026-05-30
KMS-26169039-7693,14,1,58.6613,151.5748,JPY,BUY,2026-05-30
KOD-15355016-0180,11,7,70.2868,452.1549,GBP,SELL,2026-05-24
KBL-41143999-2016,7,6,26.3397,334.9738,USD,SELL,2026-05-23
CUE-11528039-2382,7,3,72.9933,239.9330,EUR,SELL,2026-06-09
JUV-16483367-5202,7,3,7.9540,19.3837,GBP,BUY,2026-05-24
YAS-08697371-8422,15,4,51.3776,431.9377,USD,BUY,2026-06-24
PYN-59817719-1970,10,3,62.6828,49.6918,USD,BUY,2026-06-04
FQO-10133897-0564,9,8,37.7931,382.0053,JPY,BUY,2026-05-30
NVR-62186804-5472,7,10,65.9170,499.2849,EUR,BUY,2026-05-26
HBW-41946332-8555,12,5,87.8122,116.3349,CHF,SELL,2026-06-24
YUP-62979748-4499,4,1,50.6934,207.2742,EUR,SELL,2026-05-29
UBZ-40906747-9603,10,7,59.2591,215.8518,EUR,SELL,2026-06-23
YXY-66879691-9953,9,5,19.8039,233.9532,EUR,SELL,2026-05-24
BJQ-94461230-8826,12,6,86.3150,218.8771,JPY,SELL,2026-05-15
LPE-42106480-2127,7,1,23.2470,380.6176,EUR,SELL,2026-05-23
RTL-73020141-5733,8,2,62.1792,356.3259,USD,BUY,2026-05-28
OLB-62855219-1215,10,9,5.5849,449.9209,USD,BUY,2026-06-14
BZK-39900359-3602,12,1,64.3261,10.6286,CHF,BUY,2026-05-25
DLC-39665357-0963,12,7,75.2403,421.7747,JPY,SELL,2026-05-27
PBM-50869320-1145,13,9,77.2091,10.0868,JPY,BUY,2026-05-29
FKF-93436125-7033,13,2,64.4727,110.2909,USD,BUY,2026-05-30
FET-66397589-7712,9,7,2.3836,458.9565,CHF,SELL,2026-06-21
NVE-53290467-8433,11,2,36.0201,244.2677,USD,BUY,2026-06-22
GUQ-12545175-5696,3,5,26.7526,437.4271,EUR,BUY,2026-05-25
FED-11402279-9191,2,7,10.8988,31.1986,GBP,BUY,2026-06-15
SKD-81960227-4673,15,1,15.7873,58.1701,USD,BUY,2026-06-13
IQP-80080693-5229,5,2,6.7118,254.0069,JPY,BUY,2026-05-27
HTN-32887816-5848,10,2,58.1798,384.3195,EUR,BUY,2026-05-20
NUM-14229379-1286,5,4,36.9256,208.8005,EUR,BUY,2026-06-15
ODL-18753738-6869,9,4,34.6488,426.5369,EUR,SELL,2026-05-30
DFS-07664118-7504,5,4,76.4569,473.3864,JPY,BUY,2026-06-01
SJS-40945032-6799,11,6,17.4863,152.0776,GBP,SELL,2026-05-30
WQD-69760840-5527,12,10,84.7055,363.0877,CHF,SELL,2026-05-25
XSE-71392317-4221,1,6,30.4370,427.5816,GBP,BUY,2026-05-14
SNE-77896051-6492,9,7,83.5135,257.0384,EUR,BUY,2026-06-03
GRL-08959431-2925,15,5,49.0316,79.0501,GBP,BUY,2026-05-19
YZB-79142470-6637,6,7,55.0304,313.5259,CHF,BUY,2026-06-06
ZPT-38744762-3039,5,8,69.0665,445.2943,GBP,BUY,2026-06-06
DLK-41928337-5444,11,8,52.8415,470.0178,EUR,BUY,2026-06-05
OSE-95929635-5170,5,3,53.5237,416.8026,JPY,BUY,2026-06-09
SMD-14456909-4303,7,10,65.7747,183.0352,GBP,BUY,2026-06-05
QZX-96301240-3792,13,8,26.3658,160.0102,CHF,BUY,2026-06-29
GZT-90486075-4241,13,1,99.1008,270.2423,USD,BUY,2026-05-27
GGC-19355009-1231,5,7,31.3883,383.7025,EUR,SELL,2026-05-21
DSD-58589320-7538,2,4,62.2713,27.6489,GBP,SELL,2026-06-16
WJJ-41487469-8880,13,6,74.5240,479.8240,USD,SELL,2026-05-30
OYO-31857876-5438,8,1,11.8929,362.3454,JPY,SELL,2026-05-20
ASL-90279555-0568,6,6,58.0640,62.9769,USD,BUY,2026-05-26
MOF-68890545-6909,4,6,5.4720,240.2214,USD,BUY,2026-05-23
BQN-81576176-2816,2,8,41.0366,85.9264,GBP,BUY,2026-06-04
LGI-54341507-8673,12,10,8.1437,494.8543,EUR,BUY,2026-05-27
APJ-43869421-1071,9,3,38.2211,62.8134,CHF,BUY,2026-06-14
EXW-46164971-4926,6,2,30.2423,30.2127,CHF,SELL,2026-05-20
XJU-51986117-1246,7,8,87.4100,85.0311,USD,BUY,2026-06-06
XAT-04224712-1363,1,8,12.5980,416.0784,USD,SELL,2026-06-01
WYE-14766523-5847,12,9,88.5770,348.1724,GBP,BUY,2026-06-10
BCD-22362507-8665,11,7,42.4758,229.3167,GBP,SELL,2026-06-16
MDH-90452882-0186,9,1,54.1795,434.2437,CHF,BUY,2026-05-26
EYI-48517939-3374,2,9,48.8925,236.5239,USD,SELL,2026-05-23
JZI-99085231-3220,2,1,5.2403,384.5532,GBP,SELL,2026-06-18
PQL-00203664-3558,14,1,53.1919,255.8842,JPY,BUY,2026-06-03
MBT-30248998-1675,9,2,68.5550,342.6752,EUR,SELL,2026-06-26
HGP-96450215-9855,11,8,12.7869,393.2126,JPY,BUY,2026-05-27
LYP-02233054-6011,2,10,87.6978,277.2693,JPY,BUY,2026-05-23
TPZ-99435939-3632,10,7,46.9868,264.7429,GBP,BUY,2026-06-23
CKP-73825541-2770,10,8,10.8340,38.8985,CHF,SELL,2026-05-16
SMN-58235302-3915,14,5,68.9535,192.0731,CHF,SELL,2026-05-29
FDW-15790683-2748,9,8,62.6167,295.3432,CHF,BUY,2026-05-17
CXG-66769188-7722,12,1,43.2205,112.7640,USD,SELL,2026-05-26
EFD-36031560-8579,10,9,18.5332,377.4164,JPY,BUY,2026-05-27
ETG-28995408-6785,7,6,62.5906,332.8626,JPY,SELL,2026-06-10
YVW-72959157-0685,1,10,68.8038,143.5505,JPY,BUY,2026-06-02
WEO-64856471-9778,13,10,39.7852,463.3326,CHF,SELL,2026-05-21
PJA-68034339-5516,8,10,62.2554,390.2084,USD,BUY,2026-06-29
CDF-07369748-4314,3,4,57.0895,276.3866,CHF,BUY,2026-05-31
GBN-91041659-0954,4,2,14.3831,470.1805,CHF,BUY,2026-05-20
TKQ-21642533-2305,5,7,1.8099,193.3357,EUR,BUY,2026-06-02
ODH-78864089-4477,9,2,4.9655,155.2553,CHF,BUY,2026-05-18
KNE-43343299-5778,7,6,25.2162,63.1981,CHF,BUY,2026-05-31
XZA-30182175-7404,8,3,84.1005,247.2326,USD,SELL,2026-05-30
VQC-72480412-3390,13,7,87.2446,439.0384,GBP,BUY,2026-06-16
TJH-84257014-7388,3,1,26.6228,79.4962,CHF,SELL,2026-05-29
KRZ-74477890-9297,1,10,63.2904,295.9785,EUR,BUY,2026-05-27
FQF-21638505-3648,3,5,21.2948,346.1678,USD,SELL,2026-05-19
XOA-01162836-4469,6,7,40.3287,498.4563,EUR,SELL,2026-05-30
VHP-22296881-9460,9,7,37.6124,435.5682,EUR,BUY,2026-05-30
KYM-06461312-6839,5,4,79.7918,105.2043,GBP,BUY,2026-05-26
VOV-80817729-7589,13,1,96.2277,211.4275,USD,SELL,2026-06-06
OGK-58341310-8560,13,1,25.9479,233.3091,USD,BUY,2026-05-23
ELQ-32100997-9999,8,4,87.2733,172.7563,JPY,SELL,2026-05-16
SHU-51954722-5374,5,1,1.2694,216.3270,CHF,BUY,2026-05-24
DYV-50614012-9340,10,8,27.1145,218.9816,GBP,BUY,2026-05-28
UXA-88856649-3835,13,3,78.9348,378.6037,CHF,BUY,2026-05-25
UJH-30481733-8060,7,6,81.8532,376.4332,CHF,SELL,2026-06-11
BMG-48886436-3984,10,7,82.4745,436.7090,GBP,BUY,2026-05-28
JBY-22730470-9769,3,9,36.5838,458.3482,CHF,BUY,2026-05-16
OKO-15046032-1921,13,2,85.2087,474.1491,GBP,BUY,2026-05-28
LWQ-87944098-4133,7,3,69.2372,71.5337,USD,BUY,2026-06-15
DQT-07767492-4029,10,8,18.4173,296.0307,EUR,BUY,2026-05-21
DRH-24605075-0235,1,6,95.3156,429.7059,EUR,BUY,2026-06-29
QGV-66670997-4155,15,6,43.5428,219.7110,GBP,BUY,2026-05-28
IBE-43395610-8296,11,6,13.2646,152.2753,JPY,BUY,2026-05-29
HEJ-85473791-5899,8,7,29.4640,184.3178,USD,BUY,2026-05-27
TMD-70937979-9679,10,9,74.4749,130.5064,USD,BUY,2026-05-24
TJY-07661733-2850,4,3,62.3405,270.4378,USD,SELL,2026-06-02
MQI-22103661-5217,8,2,84.1976,433.1766,JPY,SELL,2026-05-26
EFI-04972095-9742,9,7,79.7753,472.5185,CHF,SELL,2026-05-25
IFG-13169063-9288,10,6,67.6036,49.1553,CHF,BUY,2026-06-01
LDA-06467699-0675,10,4,9.3615,150.8393,CHF,SELL,2026-05-18
TRX-41768702-7167,6,7,29.8611,199.9200,CHF,BUY,2026-05-22
KKF-72571265-1371,3,5,17.7747,129.5274,GBP,SELL,2026-05-29
NAB-27780480-9530,1,3,78.2065,441.9112,EUR,BUY,2026-05-30
AXV-59916839-1305,9,3,56.7479,281.8865,USD,SELL,2026-06-23
IEG-94157447-7873,14,6,30.7615,337.4024,JPY,SELL,2026-06-25
HTE-28156341-2382,14,10,96.2603,436.5778,CHF,SELL,2026-05-29
XWA-00837426-8938,7,10,42.5889,305.0978,USD,SELL,2026-05-30
QXL-07412728-8724,12,5,58.5506,22.3634,GBP,BUY,2026-05-28
UKZ-49495498-5120,14,1,69.6740,250.7266,GBP,BUY,2026-06-21
EER-21702339-5951,7,4,69.3239,495.1290,JPY,BUY,2026-05-17
YDC-33090921-7017,5,8,82.3781,193.5328,CHF,BUY,2026-05-18
QDM-15377510-3268,10,2,20.0746,443.3932,EUR,BUY,2026-06-26
HTX-85591983-0516,13,3,86.2171,397.4349,EUR,SELL,2026-05-31
XVG-73856153-3051,12,5,83.4223,236.8778,GBP,SELL,2026-05-29
DZP-64903991-5099,14,9,12.5547,190.7694,GBP,SELL,2026-06-01
EDM-76548757-9507,1,4,62.0099,140.4494,EUR,BUY,2026-05-20
HNU-56343731-9174,13,6,90.7435,427.6533,EUR,SELL,2026-06-25
CYM-78310210-1493,9,8,41.7457,312.7889,CHF,BUY,2026-06-04
NZO-24922849-2158,11,7,88.5073,487.7781,CHF,BUY,2026-05-18
ZGM-23332999-4487,7,9,67.3477,83.2704,CHF,SELL,2026-06-02
NKS-08095666-1053,10,6,76.2954,352.6561,JPY,SELL,2026-06-12
CRV-72858392-1308,2,1,91.5388,186.9882,GBP,SELL,2026-05-28
KOJ-12430167-2901,11,3,66.1959,110.9872,USD,BUY,2026-06-28
SUJ-85986894-3328,11,10,89.9786,315.6768,JPY,BUY,2026-05-15
VDY-53761110-8893,12,7,84.2659,176.4419,CHF,SELL,2026-05-24
JBN-45478056-5888,1,3,43.5007,22.6333,JPY,SELL,2026-05-19
ACQ-33554912-4404,15,5,79.2058,283.8330,JPY,BUY,2026-05-16
BRH-90877369-8627,15,7,93.8181,341.9226,GBP,SELL,2026-06-05
OHA-14533528-8139,12,8,42.6821,18.8140,EUR,BUY,2026-05-28
OFB-69700713-9661,15,5,61.5594,261.6681,CHF,SELL,2026-06-07
MIU-17341914-7506,14,4,10.8492,464.6922,GBP,SELL,2026-05-22
ZST-14252355-6722,2,1,45.8808,428.1534,CHF,BUY,2026-05-19
EVO-58219942-0087,7,8,47.8594,241.8920,CHF,BUY,2026-05-13
FNI-31760488-3328,12,4,77.1978,70.4245,EUR,SELL,2026-06-22
VPK-21561406-4507,12,7,85.9752,234.2883,EUR,SELL,2026-05-22
EJW-02149124-0667,9,2,17.6287,265.2702,USD,BUY,2026-06-18
RBO-36696280-7188,15,4,83.8463,73.7396,EUR,SELL,2026-05-07
IJM-85136045-9457,1,9,12.7491,181.6585,USD,BUY,2026-06-16
WDU-46290914-0607,13,6,98.7267,186.8862,CHF,SELL,2026-06-06
SHA-03740134-6903,1,9,99.3466,401.9622,EUR,SELL,2026-05-16
BCP-12662280-5183,9,4,79.6259,94.5279,CHF,SELL,2026-06-11
EIX-37488879-7247,3,4,34.3512,56.9547,GBP,BUY,2026-05-25
LYH-12238787-2538,9,5,35.3369,408.8312,JPY,BUY,2026-05-31
RZY-44931657-0545,10,4,42.6926,221.6703,USD,SELL,2026-05-25
KZA-88958510-0520,2,3,88.6834,281.7781,JPY,SELL,2026-05-24
PWJ-06554899-2548,8,6,58.8877,422.5379,CHF,SELL,2026-05-25
UFJ-62887971-6736,4,10,53.3169,269.1898,JPY,BUY,2026-05-24
WEU-27953194-6798,3,2,29.4026,362.1538,USD,SELL,2026-06-02
MHZ-17545665-0920,3,6,37.3004,460.1118,CHF,SELL,2026-06-19
NGS-51361220-0608,15,1,17.2859,37.6525,USD,BUY,2026-06-04
WDT-72562626-5468,11,6,7.5149,391.6235,JPY,SELL,2026-06-04
CIF-86149978-2590,15,5,54.6325,99.5116,EUR,SELL,2026-05-27
SAJ-53008817-9902,6,2,51.7465,73.5156,EUR,BUY,2026-05-23
HNB-00757052-3850,6,6,48.6752,314.7894,JPY,SELL,2026-06-25
EUJ-94985057-5747,9,1,1.2403,343.4355,CHF,SELL,2026-05-26
JZB-85463722-1320,9,3,32.5568,340.2800,JPY,BUY,2026-06-03
EDI-58486497-3655,7,4,60.7337,376.0866,CHF,SELL,2026-05-26
SRJ-84338879-2050,11,4,90.6178,479.6858,GBP,BUY,2026-05-13
ADB-61056017-8357,13,7,53.4422,345.4340,GBP,BUY,2026-06-29
FAA-00112010-5241,12,10,89.6913,432.0778,JPY,SELL,2026-06-28
HKJ-28153436-9340,6,2,92.3545,250.6515,GBP,BUY,2026-06-08
YSH-20068476-9169,7,5,63.7812,338.9931,CHF,BUY,2026-06-14
WDH-19994231-7645,9,2,65.4254,287.1565,USD,SELL,2026-06-16
NCB-53980382-1002,15,6,64.1714,480.1197,CHF,SELL,2026-06-29
MDX-36396573-1264,4,8,54.6922,275.8961,CHF,SELL,2026-06-06
ZYH-15650499-6984,8,4,2.5520,69.2479,CHF,BUY,2026-06-11
PDY-86328353-3813,8,6,77.6790,254.4302,USD,BUY,2026-05-26
TLM-34250023-5661,3,1,9.6978,269.7326,USD,SELL,2026-06-27
ZLB-10426116-3407,2,9,85.9394,120.3624,USD,SELL,2026-05-24
GGB-33338008-1234,8,8,49.9695,194.3649,CHF,SELL,2026-05-24
AAK-56084505-5126,15,10,17.7429,77.9882,EUR,SELL,2026-06-01
VIX-73911128-7648,4,7,33.0430,278.1297,CHF,BUY,2026-05-16
MQC-87671930-8145,8,7,67.4921,107.5182,CHF,BUY,2026-05-27
KZV-76362099-9674,3,2,79.0031,111.1394,EUR,SELL,2026-05-31
RJQ-74105628-8511,5,8,73.1166,251.3699,USD,BUY,2026-06-03
OIR-00674003-3122,10,2,6.8165,277.1451,EUR,SELL,2026-05-24
TQU-36596424-4113,3,10,77.6265,466.0704,EUR,SELL,2026-06-14
FCR-65323093-9488,5,7,98.3181,155.0434,GBP,BUY,2026-06-24
QAL-31597446-8963,6,7,64.8099,486.4329,CHF,BUY,2026-06-18
KHR-63952669-7587,9,3,59.7790,91.6000,USD,SELL,2026-05-23
EHA-60853737-6293,13,9,53.3539,385.7253,CHF,SELL,2026-05-25
LXM-72083605-5363,15,8,92.2255,460.7847,EUR,SELL,2026-06-27
AZB-63440519-7405,7,4,1.8691,262.0481,GBP,SELL,2026-05-23
YUX-56584177-0368,3,3,54.0175,179.0565,EUR,BUY,2026-05-30
YTC-19614384-1965,5,2,48.2613,201.4233,JPY,SELL,2026-06-04
SZN-32122587-9961,15,7,36.7434,132.0411,EUR,SELL,2026-05-31
QXB-19390531-7845,14,8,5.3727,266.6313,USD,SELL,2026-05-22
DCO-90877120-4718,12,1,38.0187,493.6938,GBP,SELL,2026-06-27
FYN-20514013-3159,11,1,83.1980,428.4713,EUR,BUY,2026-06-21
UUO-78346357-3594,12,3,1.1188,462.9650,JPY,BUY,2026-06-02
IKP-10606703-3378,6,10,47.3521,142.1108,GBP,BUY,2026-05-27
WYE-04542592-4189,4,5,17.2053,247.2871,GBP,SELL,2026-06-01
TMM-43464899-4964,13,7,93.1139,462.8932,CHF,BUY,2026-06-18
CMF-92126327-9159,12,4,67.6596,67.9791,CHF,SELL,2026-05-21
YCO-57878353-9077,15,4,88.9962,324.2405,EUR,SELL,2026-06-12
VTH-32433393-3413,8,9,88.4184,495.8172,CHF,BUY,2026-05-23
EDV-94801635-1444,5,3,34.0974,362.8861,JPY,SELL,2026-06-04
XND-31980917-3850,14,8,91.9799,173.7284,JPY,SELL,2026-05-21
SBY-10500064-0178,12,6,96.0968,334.1398,GBP,SELL,2026-06-18
NGZ-00285249-1275,12,3,7.6495,266.4335,GBP,SELL,2026-05-19
XGH-71680006-8699,3,7,68.4165,496.5312,USD,SELL,2026-05-29
UBP-81093880-1436,6,4,13.8399,239.4622,GBP,SELL,2026-05-31
GYW-03459209-3170,11,8,80.7714,165.3254,CHF,SELL,2026-05-19
LKE-72105924-1316,2,9,76.4239,292.1189,EUR,SELL,2026-06-06
GIL-96650972-6623,4,5,3.7088,471.7776,USD,BUY,2026-05-30
JXP-68490313-2460,15,8,81.2168,412.5285,EUR,SELL,2026-05-22
LWA-17601677-3988,15,9,52.3409,369.3588,JPY,SELL,2026-06-04
GRX-47358054-4418,8,7,17.9994,81.7229,USD,BUY,2026-05-25
CQC-44402391-0906,1,1,87.6046,387.2828,JPY,BUY,2026-05-25
IRN-58021646-6950,3,6,32.2142,96.1935,JPY,SELL,2026-06-06
RKC-66861931-3970,6,6,99.9343,104.9184,EUR,BUY,2026-06-01
ORU-13709727-2065,9,2,63.5286,403.6306,GBP,SELL,2026-05-26
DYV-86722589-1689,4,10,25.0520,343.9939,EUR,BUY,2026-05-27
XLD-01882161-6364,12,4,76.4826,135.2322,JPY,SELL,2026-05-29
DVB-68502710-1732,15,1,39.3025,320.3731,JPY,SELL,2026-05-29
IXX-08848969-7973,1,6,71.4075,301.8916,EUR,SELL,2026-06-02
WFD-84301396-3196,9,10,88.6338,337.4717,EUR,BUY,2026-05-22
ILT-86938971-8936,3,4,46.3944,77.8074,GBP,SELL,2026-06-09
CCV-22473298-1090,15,3,70.6492,26.4512,USD,BUY,2026-06-12
LMD-72984264-7682,4,10,46.9461,349.0573,USD,SELL,2026-05-27
QXL-12049303-9872,9,3,70.9456,428.9935,CHF,BUY,2026-06-05
ABJ-18000321-6308,11,5,45.3240,40.3174,GBP,BUY,2026-06-12
ILU-96915437-6825,9,7,95.1824,252.5289,GBP,SELL,2026-05-25
FKG-15613785-1375,1,5,4.0747,392.3496,EUR,BUY,2026-06-07
OLY-32370674-1326,8,2,86.3310,356.1130,GBP,BUY,2026-05-18
QKK-41281115-3182,5,10,60.0072,70.1356,EUR,SELL,2026-06-09
GIX-74535507-7794,3,6,89.6496,429.8947,CHF,SELL,2026-06-09
LUG-28793799-5870,8,2,22.3397,147.0538,GBP,SELL,2026-06-23
MNS-57301994-0949,1,10,94.8339,496.7056,GBP,BUY,2026-05-24
WHY-57389964-4396,11,6,1.9728,185.1837,CHF,BUY,2026-06-02
EVR-69449802-9742,15,10,44.2757,119.3363,GBP,SELL,2026-05-20
UPD-09465740-0257,13,2,49.9770,72.2144,JPY,SELL,2026-05-25
IBI-05379072-4055,11,1,49.9353,168.6879,GBP,SELL,2026-05-25
GVM-93232740-7300,9,6,14.9447,420.7400,USD,BUY,2026-05-22
SZJ-24983117-4027,4,10,43.2980,83.9777,USD,BUY,2026-05-31
IXC-69201948-9900,12,9,48.5910,152.1637,USD,SELL,2026-05-26
WKH-27056541-8251,14,9,66.9131,38.6299,CHF,BUY,2026-06-29
VUU-72890882-8730,12,10,76.9083,198.2487,EUR,SELL,2026-06-13
YIZ-33001897-6672,6,9,5.0310,97.4541,GBP,BUY,2026-06-04
JRU-89321711-4110,12,7,12.2389,17.4701,GBP,BUY,2026-06-10
HJY-46336302-3935,14,3,19.8078,41.8339,CHF,BUY,2026-06-13
LFX-75797374-5590,7,10,24.2376,470.0722,GBP,BUY,2026-05-19
HMX-20804800-7127,1,9,17.8069,384.8129,CHF,SELL,2026-05-30
HUK-59622105-9968,8,10,34.9982,175.4275,USD,BUY,2026-06-27
HYU-20400835-6454,13,8,57.5676,241.7448,EUR,SELL,2026-05-29
SKU-41323368-8109,8,7,12.5722,42.0877,CHF,SELL,2026-05-27
SDH-12993625-4462,2,2,87.9921,300.2930,EUR,SELL,2026-05-27
PYR-50086593-3950,8,8,50.4354,145.5041,CHF,SELL,2026-05-31
CNR-14606340-6415,15,10,16.3288,207.1740,EUR,BUY,2026-06-16
KAN-11535284-4782,15,8,52.8214,417.4416,GBP,SELL,2026-05-22
CNL-39772933-9941,11,5,80.6419,147.5357,GBP,SELL,2026-05-26
DCM-67232298-6875,2,3,56.2061,181.7946,EUR,BUY,2026-05-16
CXJ-51310965-7460,15,10,18.9007,233.9367,JPY,SELL,2026-06-08
UXB-91019735-9652,2,1,1.0932,394.4890,JPY,SELL,2026-05-22
XHG-99167812-8142,5,5,16.5292,245.3627,GBP,SELL,2026-05-26
JPX-66286001-2753,15,9,76.7936,68.1544,GBP,SELL,2026-05-27
KQW-86710292-8939,9,10,55.5898,464.7030,CHF,SELL,2026-06-22
WIE-75658167-9059,4,10,2.9745,374.1573,EUR,SELL,2026-06-09
UBX-09122293-6731,6,6,91.8430,83.2010,USD,BUY,2026-05-17
YJT-21075696-6017,4,6,92.4962,29.2225,GBP,SELL,2026-05-20
MXU-25902276-2389,7,4,52.9801,30.1000,USD,SELL,2026-06-04
HGG-73423851-9809,5,9,40.5994,492.4983,EUR,BUY,2026-05-20
WGV-10166706-9549,15,8,48.2819,341.1295,USD,BUY,2026-06-17
JAG-90115662-8828,3,2,20.3598,266.6061,EUR,SELL,2026-05-18
RQN-64124549-1550,12,7,88.7765,150.1104,JPY,BUY,2026-06-07
VRI-66093797-8007,8,10,26.5397,392.3691,CHF,SELL,2026-06-19
TRC-15215091-2265,9,4,90.7159,207.1907,CHF,SELL,2026-06-29
KWT-74954496-5076,1,7,80.1230,342.8726,EUR,BUY,2026-05-19
TLL-77509549-1538,8,3,36.2767,384.0390,JPY,SELL,2026-06-08
EKV-53073248-5530,13,3,66.7627,170.7770,GBP,BUY,2026-05-28
LFF-83688529-4349,7,7,88.7734,149.1690,JPY,BUY,2026-06-23
MNR-56584698-7441,7,7,45.1538,481.0827,CHF,SELL,2026-05-21
AIH-46584264-7408,6,8,42.2178,178.8229,CHF,SELL,2026-05-29
FWF-62215654-0444,3,6,47.9477,344.1660,CHF,SELL,2026-06-18
VRZ-58288617-2495,13,6,83.9958,379.1427,USD,BUY,2026-05-27
XVL-46179233-9404,5,1,41.8776,363.7868,CHF,BUY,2026-05-27
SIQ-94789266-0245,7,1,32.4445,52.2700,GBP,SELL,2026-05-16
XSU-91162977-3566,8,7,48.1009,406.4448,JPY,SELL,2026-05-22
ZJS-00532807-8577,4,5,58.9409,189.1847,CHF,SELL,2026-05-29
ENI-31720065-7505,1,4,68.4610,317.8630,JPY,SELL,2026-05-15
XXD-88686365-5429,9,6,5.6208,331.2342,USD,BUY,2026-06-05
HQW-42038298-7152,3,1,91.9362,312.9200,EUR,SELL,2026-05-23
ZFH-02979717-2627,2,3,83.9991,157.8217,JPY,BUY,2026-06-23
KQY-81848233-4718,4,4,39.1038,126.7031,EUR,SELL,2026-05-23
NCW-58771623-7226,15,9,57.0666,244.1395,EUR,SELL,2026-05-20
GHQ-59763613-0779,5,7,13.4969,489.6518,USD,SELL,2026-06-08
GPR-58835555-2882,2,2,51.5322,341.0510,CHF,SELL,2026-05-15
MVO-54246665-0058,5,9,24.4170,264.1374,JPY,SELL,2026-06-25
DND-38326228-7896,1,3,24.4818,365.0151,EUR,BUY,2026-05-24
DRP-52821185-5204,8,6,67.5433,175.4470,JPY,BUY,2026-05-26
DJV-17104874-5767,9,5,80.7874,90.2469,CHF,BUY,2026-05-25
DPL-69814875-7360,11,6,71.0955,296.0879,EUR,SELL,2026-05-30
BES-89569278-8484,7,2,26.3728,205.0035,EUR,BUY,2026-05-19
JSS-03141391-3515,10,4,35.9908,226.1444,EUR,BUY,2026-05-25
MBQ-60779435-9576,3,9,52.8482,354.1112,USD,BUY,2026-06-04
LWG-24625619-5779,11,9,46.8241,40.1063,EUR,BUY,2026-05-25
XHL-05717172-1417,3,3,48.2776,176.5692,CHF,BUY,2026-05-29
QET-89506364-0080,1,3,31.3796,218.2562,USD,BUY,2026-05-20
IQZ-83923070-6219,15,2,45.5605,392.2972,EUR,BUY,2026-05-29
MBK-45211756-2347,14,3,2.4225,20.8276,EUR,BUY,2026-05-24
SMM-32487170-0244,2,1,2.5467,226.4327,GBP,SELL,2026-06-15
FXK-63931477-0705,14,3,80.9986,295.4589,CHF,BUY,2026-06-11
AUH-30744171-4641,9,6,5.1318,218.3403,CHF,BUY,2026-05-17
CIO-88781374-2700,10,1,31.9521,289.4209,GBP,SELL,2026-06-01
ECQ-58407701-4419,13,6,47.9934,464.1393,EUR,BUY,2026-05-19
YTL-56171840-4567,4,10,77.2129,409.7284,JPY,BUY,2026-06-05
NIQ-38870622-1497,5,2,39.8745,184.1425,CHF,BUY,2026-05-30
AEL-68905181-8873,2,2,28.8244,477.8839,JPY,BUY,2026-05-25
ZXW-34664500-7865,14,2,37.6744,171.5616,GBP,BUY,2026-05-27
FIG-63229144-0451,3,10,78.0556,18.8791,GBP,SELL,2026-05-26
XDN-19032985-2702,14,3,1.7701,464.7322,USD,BUY,2026-06-07
KRY-74696404-1177,4,8,23.6289,422.2613,CHF,SELL,2026-06-04
TKF-91258508-9089,9,10,15.9257,275.7525,CHF,SELL,2026-06-06
LOB-38583119-6863,7,9,12.0552,407.8737,USD,BUY,2026-05-25
EQW-63425967-5651,8,9,8.9556,363.5865,JPY,BUY,2026-06-03
GCP-64085972-7686,14,9,13.8313,103.5122,JPY,SELL,2026-06-19
ZGQ-18633959-5278,2,4,16.6042,55.8421,EUR,SELL,2026-06-08
LUJ-69358000-6216,4,5,89.9687,306.0863,USD,SELL,2026-06-18
KWB-44258043-3757,5,3,76.6562,392.7384,GBP,BUY,2026-05-21
FQY-47531188-1681,14,9,96.2905,149.5412,EUR,SELL,2026-05-30
UQG-74698491-3764,4,5,62.9974,339.4933,EUR,BUY,2026-06-04
JYH-37723102-8839,9,6,4.7652,238.9928,JPY,SELL,2026-05-25
SMD-99402228-3533,2,4,40.1445,457.9247,CHF,SELL,2026-06-05
JKZ-35972496-1630,13,4,77.4237,357.8738,GBP,BUY,2026-05-30
XYL-99478285-0974,1,7,16.9932,331.3625,JPY,BUY,2026-06-11
NVH-17132579-8530,6,10,10.5792,269.1110,GBP,BUY,2026-05-27
UQB-25289879-8321,6,7,98.7375,277.4616,JPY,BUY,2026-05-29
EOJ-02148559-3424,1,5,19.4780,228.7427,CHF,SELL,2026-05-11
PTA-88655725-6913,1,6,25.3887,131.3425,EUR,BUY,2026-05-17
JGY-08673950-7522,2,2,81.2332,401.6616,EUR,BUY,2026-05-25
IAM-61061734-2422,10,1,8.7048,139.4965,CHF,BUY,2026-05-21
DBA-88809840-3735,1,2,4.6177,319.7086,GBP,SELL,2026-05-21
EPK-53350504-5498,12,6,51.8416,379.0955,USD,BUY,2026-05-24
NLY-68015803-0426,3,6,70.6738,58.5782,JPY,SELL,2026-06-27
DHV-24019113-0015,9,2,5.4086,90.7062,GBP,BUY,2026-05-29
HNM-64793285-4085,9,3,35.3264,492.7036,JPY,SELL,2026-05-28
TUN-54686196-9724,7,8,44.5398,378.2567,USD,SELL,2026-06-22
JOE-38232701-9352,2,9,94.3946,494.4540,CHF,SELL,2026-06-03
WWE-29164310-2608,6,9,51.5198,88.0308,GBP,BUY,2026-05-15
ZLO-52230625-9645,3,10,32.1454,343.5857,JPY,SELL,2026-06-26
VJV-32631888-3842,14,4,70.3271,442.2165,GBP,BUY,2026-05-28
FCE-70140720-4648,13,9,71.3133,113.9632,EUR,SELL,2026-05-31
MUI-98566746-0756,1,10,39.9425,475.1372,GBP,SELL,2026-05-25
LET-14386648-4957,13,9,9.8351,350.2354,JPY,BUY,2026-05-28
KVK-99384075-5972,7,5,26.2700,423.1646,GBP,BUY,2026-05-27
AVV-10493329-5981,15,3,75.9679,339.0878,EUR,BUY,2026-06-14
YCN-87012592-8525,3,2,50.0191,146.3369,JPY,BUY,2026-06-21
ZLL-15357608-2736,1,3,59.3488,394.9586,GBP,BUY,2026-06-23
RQV-94424023-3561,14,9,14.1787,125.7438,USD,SELL,2026-06-05
QZO-91289123-1376,13,3,94.5366,31.3652,GBP,SELL,2026-05-23
RCL-08271289-7144,4,2,97.2934,411.0063,GBP,BUY,2026-06-23
GJP-18375210-6254,10,5,2.5012,114.6407,EUR,SELL,2026-05-31
ETC-10462428-6011,15,4,37.6982,424.6331,GBP,SELL,2026-06-01
FIW-13797490-7423,10,3,48.9610,284.3578,EUR,SELL,2026-05-31
GMD-03026079-0084,5,2,89.8237,298.4857,USD,SELL,2026-05-17
DXA-74640982-5134,1,5,85.9585,141.7589,EUR,SELL,2026-06-15
MIM-85695897-6872,14,5,46.1469,481.1305,GBP,SELL,2026-05-26
RVL-09278157-0520,2,3,70.0192,466.5568,USD,BUY,2026-06-05
DRM-28329775-4045,4,9,79.3763,277.0354,JPY,SELL,2026-06-23
AML-98406163-9107,14,1,7.0548,306.5473,JPY,SELL,2026-06-08
BKB-03690968-1150,3,9,70.9847,372.6204,USD,SELL,2026-05-29
FOA-62658836-3575,3,7,82.1102,10.6574,GBP,SELL,2026-05-23
GJS-31681156-4218,12,10,54.1402,128.7655,CHF,BUY,2026-05-31
VNN-78804752-3442,4,4,22.1576,452.1163,JPY,BUY,2026-06-04
KKL-47559402-4276,13,8,97.5612,315.2713,EUR,BUY,2026-06-11
TMV-62246207-4617,8,10,14.7678,215.1001,EUR,SELL,2026-06-20
FDL-88329872-6272,10,8,24.3722,465.4938,CHF,SELL,2026-06-05
CMX-93699677-5803,5,8,25.9579,59.0860,CHF,SELL,2026-06-24
OJT-10013476-9236,4,1,63.8806,59.2836,USD,BUY,2026-05-15
EGX-12485923-1409,2,8,75.8241,233.3800,EUR,BUY,2026-06-08
NSQ-43109251-3811,6,9,87.6335,75.5400,EUR,SELL,2026-06-02
HHH-80542237-3332,11,3,44.1815,58.4844,GBP,SELL,2026-06-06
NGL-96390087-5222,14,1,7.1614,242.5935,USD,BUY,2026-05-24
YGZ-17073236-4099,11,10,47.5668,146.9241,JPY,SELL,2026-06-22
CTF-22750255-1777,3,1,31.5001,331.5330,EUR,SELL,2026-05-23
OGB-76058943-6632,15,10,92.1476,187.6623,EUR,SELL,2026-06-09
XDL-26503147-8147,10,8,97.7255,39.8511,EUR,SELL,2026-06-10
MQO-30587881-4174,6,9,6.3067,73.4990,USD,BUY,2026-06-04
XEE-42532595-0523,12,8,78.3062,161.2096,CHF,BUY,2026-05-23
HJQ-76158743-7248,10,9,94.6766,444.7207,JPY,SELL,2026-06-10
RSP-09177235-5571,6,4,41.2047,293.7120,JPY,SELL,2026-06-18
ZPF-54931175-3142,13,4,58.7235,385.7965,USD,BUY,2026-06-14
BKQ-25125912-6516,8,2,15.4395,412.7905,EUR,SELL,2026-05-20
OWB-86240620-3140,13,10,46.2437,456.4304,EUR,BUY,2026-05-24
FDC-74041774-5197,1,6,94.1215,330.7186,EUR,BUY,2026-06-11
IWS-91959406-3688,12,4,6.5657,188.7727,USD,SELL,2026-05-22
EPO-47316200-3918,3,9,18.4745,331.2552,CHF,SELL,2026-05-30
JRA-80528547-3939,6,4,4.3150,399.4307,CHF,SELL,2026-05-19
ROS-55020636-0530,8,2,70.3078,289.5745,CHF,BUY,2026-06-26
OEW-56362348-6667,8,1,98.8310,397.1906,EUR,SELL,2026-05-17
XYU-28978900-9962,5,9,19.5546,402.7500,EUR,BUY,2026-05-26
URM-33190971-7066,10,9,60.8564,203.2050,EUR,BUY,2026-06-16
CQG-78688922-0972,6,3,46.3795,268.6039,GBP,SELL,2026-06-20
PHM-63566929-8085,3,7,83.7910,186.6824,EUR,BUY,2026-05-28
UQX-58292068-4021,2,10,3.7562,151.9358,USD,SELL,2026-05-16
XEU-97434949-2280,13,5,19.0805,89.6747,JPY,BUY,2026-05-24
FKR-87073630-8023,7,7,96.6817,219.6024,CHF,SELL,2026-05-27
XKL-93644919-9138,3,4,40.1339,242.8247,JPY,SELL,2026-06-27
XRK-97428719-4873,7,4,16.4536,347.1197,CHF,SELL,2026-05-22
SXU-64990546-5662,12,7,88.7677,480.3245,EUR,BUY,2026-05-27
ILQ-91124823-4196,7,1,99.8923,370.5028,GBP,BUY,2026-06-07
ELA-25004450-3991,2,4,40.9148,11.8466,GBP,SELL,2026-05-27
MNL-45915628-1879,6,5,36.6180,366.8682,EUR,SELL,2026-06-22
YQV-03369954-0267,11,1,42.5262,264.7648,CHF,SELL,2026-06-21
REY-39148967-9543,4,3,37.9603,59.7399,CHF,BUY,2026-06-16
VXE-83891463-6414,5,4,11.4663,181.2520,CHF,BUY,2026-05-19
XGQ-67365623-4056,1,7,89.7032,94.3224,JPY,BUY,2026-05-22
WUQ-66725322-4524,14,6,39.8318,112.9074,CHF,SELL,2026-05-26
YGD-51679841-6007,5,9,62.0068,321.9916,JPY,BUY,2026-06-06
LKA-26937992-1462,2,3,12.1350,221.0994,EUR,BUY,2026-05-22
BBG-34796587-3403,12,3,42.6968,210.2756,GBP,SELL,2026-06-02
WIQ-35701299-6111,12,9,65.0409,426.5746,EUR,BUY,2026-06-03
AAJ-51425001-9691,10,2,35,217.1065,JPY,BUY,2026-05-27
VUW-44379005-5374,14,1,11.5037,329.8942,GBP,BUY,2026-05-23
CGE-84914143-3033,2,8,81.1830,103.2503,GBP,BUY,2026-06-10
NUK-10191708-8747,8,2,8.3919,14.4328,USD,BUY,2026-05-26
ZNC-29794525-4398,6,4,29.8389,48.5298,JPY,BUY,2026-06-20
BWD-43796028-9497,8,1,57.5305,194.4291,CHF,SELL,2026-06-08
SVH-85572728-3668,2,1,1.5688,385.2559,EUR,SELL,2026-06-07
RPY-08984516-0692,14,9,76.1986,65.9754,CHF,SELL,2026-06-06
BOQ-07354876-5022,13,2,91.3845,405.9434,JPY,BUY,2026-06-24
HWZ-74124176-4008,12,9,24.6198,166.7310,CHF,SELL,2026-05-15
KRK-57172708-6649,6,8,48.7392,490.7739,USD,SELL,2026-05-25
APT-99220765-5077,11,1,48.9370,413.4440,EUR,BUY,2026-05-27
IKI-23238644-5087,15,9,13.8542,153.7219,GBP,BUY,2026-05-21
PLE-84182263-3852,7,3,85.9383,59.8376,JPY,SELL,2026-05-28
PGX-80230916-6823,12,9,3.7924,266.9572,CHF,SELL,2026-06-05
GWN-99280037-5970,12,9,67.0367,373.0060,GBP,SELL,2026-06-08
KXF-87606856-0076,14,2,3.5332,430.7712,JPY,SELL,2026-06-02
WEH-02944349-2983,6,10,74.0240,356.1897,USD,SELL,2026-06-03
EMR-78083319-4867,13,1,21.4126,332.4609,USD,BUY,2026-05-20
CXT-92233630-8015,11,1,47.1339,287.3135,EUR,SELL,2026-06-02
DOF-35550196-0487,15,8,77.5468,426.7298,JPY,BUY,2026-05-20
EVA-76415933-9944,12,2,82.6577,260.6717,EUR,SELL,2026-05-29
IAS-75612026-5953,11,5,49.5453,39.9210,EUR,BUY,2026-05-18
MYB-86078174-6433,15,9,12.4028,298.8857,CHF,BUY,2026-06-14
ECF-42969687-0212,4,5,15.7389,210.5623,CHF,SELL,2026-05-22
FZI-68121092-1748,2,8,22.8510,468.2106,CHF,BUY,2026-05-25
JYR-61482725-6017,8,1,86.2903,348.0475,JPY,BUY,2026-05-29
IBG-59594721-6870,2,1,40.5615,366.6806,USD,BUY,2026-05-27
IAN-90742148-0803,13,7,31.0909,284.2132,EUR,BUY,2026-06-01
RIM-65780943-6288,3,10,64.3793,421.8573,EUR,BUY,2026-06-10
SGV-94340261-5141,3,3,79.3372,403.6158,EUR,BUY,2026-05-25
BFS-01844647-2746,6,6,79.4671,149.2330,USD,SELL,2026-06-19
YWO-85799081-3361,6,7,38.4964,379.0517,USD,SELL,2026-05-17
FVZ-78162891-6037,7,6,9.6972,321.0265,GBP,SELL,2026-05-26
NLR-22893793-5689,7,7,95.2860,268.8242,JPY,SELL,2026-05-28
CVM-50294341-8942,6,7,96.2004,393.8219,CHF,BUY,2026-05-31
OWW-74333007-6565,3,6,65.6023,478.4564,USD,BUY,2026-06-20
VIU-49930426-1038,13,10,53.3155,314.1174,EUR,SELL,2026-06-06
DUF-47958645-6770,13,5,82.6990,55.6541,EUR,SELL,2026-06-16
PYY-56404847-3469,14,6,99.9451,387.4590,CHF,BUY,2026-06-24
LTY-65801838-8111,5,3,81.1479,27.1301,USD,BUY,2026-06-09
SOL-26040421-0011,7,9,96.2096,488.0024,EUR,BUY,2026-05-10
OEB-83006912-0495,5,7,53.8645,354.3106,EUR,BUY,2026-05-24
NNM-30404519-7232,13,2,7.6015,173.2920,JPY,SELL,2026-06-22
TIZ-86431045-3673,13,3,25.6464,354.8072,JPY,SELL,2026-05-30
ISU-12696943-2603,7,7,37.3500,70.9450,USD,BUY,2026-06-13
OXT-44369432-4357,10,8,85.3299,179.1735,JPY,BUY,2026-05-26
ITY-91785691-0249,9,1,6.8849,479.4424,EUR,SELL,2026-06-14
FBR-42697416-1938,11,5,93.1309,151.2335,JPY,BUY,2026-06-24
AOG-70128950-8219,12,10,55.5275,187.4077,GBP,SELL,2026-06-12
RDL-01753382-8214,9,1,50.0176,475.4926,JPY,SELL,2026-06-16
UHM-11028913-5230,11,6,49.7777,341.7851,CHF,SELL,2026-06-10
XYK-98531725-1767,11,9,43.3387,333.5084,GBP,BUY,2026-06-11
WLE-38548335-5617,3,4,82.8765,276.6595,CHF,SELL,2026-05-15
UWJ-83371431-5580,14,4,5.3536,191.0671,JPY,SELL,2026-06-05
RRZ-02710772-0094,9,8,79.0725,238.3979,USD,SELL,2026-05-19
HEU-95962021-7597,3,1,29.2012,98.9622,USD,SELL,2026-06-09
RMS-64520903-9950,6,3,41.6225,154.8677,CHF,BUY,2026-05-10
KZQ-84845535-3973,3,7,31.3038,359.3448,EUR,SELL,2026-06-10
XWM-02298866-5367,2,2,59.6008,397.1460,JPY,SELL,2026-05-13
GIU-35738722-9128,4,9,56.3314,456.6799,EUR,BUY,2026-05-26
GLH-74186428-2071,1,5,6.3474,372.7971,CHF,SELL,2026-05-27
EKV-24579212-5936,15,2,35.9606,306.0196,JPY,BUY,2026-06-14
AWF-84196100-5573,3,10,46.6422,195.5195,EUR,BUY,2026-06-14
PLT-15718091-2116,9,6,28.9563,145.8659,USD,BUY,2026-06-19
JGG-36021928-4035,8,6,13.0044,317.3747,USD,BUY,2026-05-30
IVH-19615046-8528,4,8,46.7988,451.5664,EUR,SELL,2026-06-13
JOV-79028508-5850,4,10,63.5359,380.5020,USD,BUY,2026-05-23
UVK-55620478-8180,2,9,39.5936,105.9394,USD,BUY,2026-06-23
CWR-64461717-3535,7,6,1.6203,56.8700,GBP,BUY,2026-05-22
JCJ-26292957-7805,12,2,72.5136,347.4480,GBP,SELL,2026-06-14
FKV-47373810-2796,3,10,60.8444,140.3243,CHF,SELL,2026-05-28
CCX-03797924-2283,10,7,38.0790,56.9265,USD,SELL,2026-05-23
WHS-92652550-0784,6,5,73.1501,267.0258,JPY,SELL,2026-06-08
UPW-65814474-4287,14,4,81.5541,383.6595,CHF,SELL,2026-06-01
XGX-19495756-3402,14,5,87.8581,379.8481,JPY,SELL,2026-05-19
YTU-80465743-5767,10,8,6.1301,484.0691,CHF,SELL,2026-06-16
NZQ-26404202-6860,15,8,69.5101,283.5042,USD,BUY,2026-06-05
AMU-31859454-7368,9,5,82.3692,116.2302,GBP,BUY,2026-05-29
OQB-06961057-1156,7,6,2.3963,395.2983,USD,SELL,2026-06-22
OEV-78422474-7750,9,10,84.6191,60.5010,GBP,BUY,2026-05-25
JPK-17952076-8234,13,2,74.0234,34.0087,JPY,BUY,2026-06-09
QWG-68994081-0345,7,10,25.2487,259.8637,USD,BUY,2026-06-19
ZYZ-05317726-1374,15,7,26.6206,269.7622,CHF,SELL,2026-06-27
RVP-54173310-8946,5,4,76.7749,391.7354,JPY,SELL,2026-05-23
AKS-80478681-1966,12,5,10.1872,414.0378,USD,BUY,2026-06-13
XGZ-25778434-0851,14,7,30.5564,483.3566,JPY,BUY,2026-05-20
CGP-33772601-1122,8,8,40.8942,221.6441,CHF,BUY,2026-05-27
RYP-29160341-6792,4,4,68.7806,327.6174,GBP,BUY,2026-06-20
QJR-87387802-2013,1,9,8.5190,463.0823,JPY,SELL,2026-06-06
ELT-59162356-2715,6,8,96.5327,27.6676,EUR,SELL,2026-05-30
OFX-91509729-0792,13,8,73.0464,412.8224,USD,SELL,2026-06-03
WFP-00078955-6110,9,5,82.1000,125.7485,EUR,BUY,2026-05-28
DRO-94665545-4579,13,1,5.2962,47.9923,GBP,BUY,2026-05-17
GTJ-12165445-2420,6,1,79.0115,57.9483,EUR,SELL,2026-06-09
WCP-55986651-4026,11,1,98.5607,295.4337,EUR,SELL,2026-06-21
MUD-12356274-9725,5,7,11.8645,497.4603,JPY,SELL,2026-06-09
VVD-50088716-4805,10,6,75.4449,250.6335,GBP,BUY,2026-05-09
FYM-75597481-2066,7,10,54.3968,71.3018,GBP,SELL,2026-05-27
OZT-74487346-8717,8,10,28.2532,490.7407,CHF,SELL,2026-06-19
NMC-08794612-7514,3,10,74.4985,138.7398,USD,BUY,2026-05-27
ZIM-23118325-8579,8,5,29.8526,262.0798,EUR,SELL,2026-06-27
AAA-01010024-8425,1,5,71.2688,48.5597,GBP,BUY,2026-05-19
KPN-17405856-6530,3,9,92.6863,197.9031,CHF,BUY,2026-05-18
QXH-60520721-7720,7,1,51.6685,286.6659,USD,BUY,2026-06-22
MTD-68224274-3571,3,8,88.1203,142.4065,USD,BUY,2026-06-10
VCY-01748660-1328,14,5,36.4305,121.1960,GBP,SELL,2026-06-02
VSO-77229187-0800,15,9,2.1800,54.7191,EUR,SELL,2026-05-17
UJU-11910550-2503,3,4,13.2594,342.9445,EUR,BUY,2026-06-16
ZIW-15039432-6102,1,2,64.5747,60.5037,JPY,SELL,2026-06-12
HTO-65491482-3761,13,5,6.0139,445.8082,CHF,SELL,2026-05-22
WVR-41738468-3297,15,5,15.0638,119.2946,CHF,SELL,2026-06-22
TNY-15807919-6378,13,2,85.9177,310.1054,USD,SELL,2026-05-31
TCU-61756397-0816,6,6,98.3466,332.1211,USD,SELL,2026-05-26
TKJ-96620378-2029,10,2,3.9709,456.0270,EUR,BUY,2026-06-18
ONQ-08149067-1795,5,5,75.2981,400.1003,EUR,BUY,2026-06-17
DQV-80358441-5691,3,2,10.6002,16.7098,GBP,SELL,2026-05-27
AJG-27529276-3620,11,2,95.9009,50.8204,JPY,SELL,2026-05-11
VRP-28240869-1253,15,7,73.4634,74.0833,EUR,SELL,2026-06-17
FAM-45187110-6661,13,9,20.9089,74.6957,EUR,SELL,2026-06-11
DTA-46020792-0041,9,8,87.9300,414.2787,EUR,BUY,2026-05-18
WPA-59701128-0688,9,10,80.9966,73.9839,EUR,SELL,2026-06-12
ORX-77894013-4015,2,6,24.0333,485.8478,CHF,BUY,2026-05-28
UPN-83301697-1457,5,3,25.3700,318.3623,EUR,BUY,2026-05-26
BUN-44825985-5843,2,2,22.4481,11.4081,JPY,BUY,2026-06-12
VUG-02559246-7906,10,5,74.5892,128.8546,USD,BUY,2026-05-19
HPV-50620050-3749,1,7,75.3180,281.2446,USD,BUY,2026-06-08
RFN-23609878-2849,13,7,65.7255,38.0335,USD,SELL,2026-05-29
ICO-90329743-4317,11,4,89.6934,139.8896,GBP,SELL,2026-06-16
ZIV-97177051-3760,3,2,5.6280,347.2615,USD,BUY,2026-05-30
ZPI-36730202-9295,9,2,42.4797,102.9469,CHF,SELL,2026-05-28
AHE-02834437-8516,2,10,71.4817,326.6389,JPY,SELL,2026-05-21
WQR-94124974-6866,7,5,84.0495,386.0273,GBP,SELL,2026-06-10
QAA-45678819-0872,5,7,91.0647,112.4317,USD,SELL,2026-06-07
UYH-03475752-1053,13,2,59.8599,234.6500,JPY,SELL,2026-06-06
CDQ-20423238-1874,15,9,24.8726,399.6120,USD,SELL,2026-05-23
HCP-44026880-1093,8,2,82.6623,213.7898,GBP,SELL,2026-06-04
JZB-54517173-9304,6,8,20.4511,399.4079,GBP,BUY,2026-05-18
UNL-98216168-7226,6,1,82.3002,456.0016,EUR,BUY,2026-06-10
VLR-70501150-4225,10,4,90.3039,183.4260,JPY,SELL,2026-06-10
OBG-46209878-3445,4,9,23.1277,106.8216,EUR,SELL,2026-06-20
TCH-58866375-1645,4,8,52.1953,419.8262,GBP,SELL,2026-05-31
BDT-79991052-8886,9,1,63.3113,100.6601,JPY,BUY,2026-06-10
AMI-21556927-3916,12,1,77.6094,339.7572,CHF,BUY,2026-06-02
ZUY-76506045-0673,14,1,49.3178,260.0015,JPY,BUY,2026-05-31
VJM-14176593-7486,14,2,24.9760,211.2757,EUR,BUY,2026-05-17
GLM-90043615-5815,8,4,2.3653,209.3991,USD,BUY,2026-05-27
LTP-97117181-8843,6,4,22.1684,388.1987,JPY,BUY,2026-05-24
EYS-58516676-1174,4,7,90.9283,411.1745,CHF,BUY,2026-06-28
VPF-57195288-6875,15,5,80.3513,335.2807,CHF,SELL,2026-06-25
NCL-67607842-0631,7,6,48.5298,158.0737,EUR,SELL,2026-05-31
AJO-09001546-4492,12,1,7.6722,81.4451,USD,BUY,2026-06-25
WPF-74616162-6955,5,10,24.2093,164.1669,JPY,SELL,2026-05-30
TGT-40627437-4910,5,4,65.8606,152.3618,GBP,SELL,2026-05-27
OGK-63673640-6163,14,6,1.3826,421.0369,CHF,BUY,2026-05-25
RSI-25004042-3367,15,6,72.5028,383.3005,GBP,SELL,2026-06-11
MHS-21093954-1567,11,6,40.2589,239.1851,GBP,BUY,2026-06-04
YCG-68681378-4487,4,2,80.4499,109.9675,JPY,SELL,2026-05-30
DNR-14428949-3077,9,3,56.8105,361.4062,JPY,BUY,2026-06-20
VXR-48109236-2921,7,3,97.4946,250.0956,GBP,BUY,2026-06-12
QMB-16810385-1020,15,8,49.0829,460.6073,JPY,BUY,2026-06-02
WUG-28717225-6287,11,10,25.7444,279.5801,JPY,BUY,2026-06-26
KVQ-54481582-0850,12,6,92.0518,301.5466,GBP,BUY,2026-05-29
WQV-65672264-2827,1,1,26.3786,107.9335,USD,SELL,2026-06-18
VWP-56144944-8191,9,9,74.4792,272.5773,GBP,SELL,2026-05-31
YAZ-60765396-3910,15,1,6.6509,383.8382,EUR,BUY,2026-05-22
NCD-52539800-0657,2,7,7.9658,372.4013,EUR,BUY,2026-06-28
IYP-19032412-3768,10,9,35.4287,156.5705,USD,BUY,2026-06-26
BMK-24303902-2025,6,1,38.0463,244.4018,USD,BUY,2026-06-25
UQU-62137703-4498,15,7,62.7787,84.8085,JPY,SELL,2026-05-30
DNL-57761706-5614,3,4,28.6470,355.6288,USD,SELL,2026-05-15
RDK-80286441-7935,14,10,59.0352,64.8731,JPY,BUY,2026-06-03
TSW-76793153-6745,12,4,38.9959,467.5214,GBP,BUY,2026-06-04
IUV-61811272-1391,14,8,31.5782,283.9038,USD,BUY,2026-06-05
VNF-29111482-8605,7,9,51.8180,492.0061,USD,SELL,2026-06-01
KPM-64127611-2090,12,9,3.8075,196.4402,GBP,SELL,2026-06-05
HYF-96978771-0618,9,4,8.3935,269.8739,CHF,SELL,2026-05-24
PTG-86470871-0643,5,10,49.9040,209.7888,JPY,SELL,2026-05-26
USQ-59024811-3394,10,9,66.8784,464.5761,EUR,BUY,2026-05-29
CFK-67070113-2388,15,8,11.1245,230.6058,CHF,SELL,2026-06-28
WEE-87125986-4142,5,7,39.9716,41.7400,EUR,SELL,2026-05-28
FBY-48563889-6394,9,5,19.5669,170.9029,JPY,SELL,2026-05-29
OOV-20762786-9959,4,8,16.9399,231.8238,EUR,BUY,2026-05-25
GBE-41122955-7217,1,9,57.0052,143.6995,CHF,BUY,2026-05-29
CUL-62053363-9024,4,10,56.7028,210.8668,EUR,SELL,2026-05-23
HEU-45392141-3618,7,4,65.3357,304.4152,USD,SELL,2026-05-30
KDR-07887192-6719,15,3,18.7917,496.9178,CHF,BUY,2026-05-20
IIB-60760231-0974,11,8,21.0015,161.7572,USD,BUY,2026-05-19
DZU-23991439-9150,3,10,24.8065,188.8958,JPY,BUY,2026-06-28
RAR-05971225-6444,7,8,43.9787,499.2075,GBP,SELL,2026-05-20
OWP-74600379-6207,8,1,36.3521,122.0263,EUR,BUY,2026-06-16
SXQ-27268784-6531,1,1,66.8874,478.1436,GBP,SELL,2026-05-30
GMQ-93403435-2526,8,5,28.6320,448.7100,EUR,SELL,2026-06-03
ZBE-14521422-8172,8,10,43.1606,365.6393,USD,BUY,2026-06-05
CZQ-72622004-3248,9,1,50.3019,275.4948,GBP,BUY,2026-06-14
VQY-93308248-8038,9,7,33.2015,200.7703,EUR,SELL,2026-06-16
ZOQ-80196180-3005,6,5,96.7385,483.3131,JPY,BUY,2026-06-15
SKV-28003563-1013,11,1,69.5130,235.1091,USD,SELL,2026-06-03
ZZC-06478807-6215,15,3,70.6412,410.6899,JPY,BUY,2026-05-17
TGH-70483055-9283,11,5,17.4959,202.4215,EUR,BUY,2026-05-18
WCF-99201056-1802,7,1,88.4456,184.4700,CHF,SELL,2026-06-05
FNG-51679122-5394,1,10,99.1796,138.0241,JPY,SELL,2026-06-09
IYZ-24641460-1495,2,9,76.2583,208.6311,GBP,SELL,2026-06-21
ROF-30820946-1859,8,9,26.7626,329.6584,CHF,BUY,2026-05-30
CUD-51653834-5183,7,8,34.8141,344.8464,CHF,BUY,2026-05-22
MVC-85091335-4412,2,10,26.0342,183.3658,CHF,BUY,2026-06-04
OBR-58112392-2651,12,5,75.6956,493.3027,JPY,BUY,2026-05-20
SFR-67738355-0906,13,9,69.6983,125.2003,GBP,BUY,2026-05-20
NPM-93025959-0251,2,8,55.5680,224.9484,USD,SELL,2026-06-06
WSI-87704381-7482,4,10,14.3343,181.7423,JPY,BUY,2026-06-17
YQX-18349273-7681,3,6,25.6935,181.0327,GBP,SELL,2026-06-19
KJH-81540826-7446,1,1,79.5359,485.0388,EUR,SELL,2026-06-15
LRG-76685319-7171,2,6,8.1322,161.8371,EUR,SELL,2026-06-17
EFP-87349573-8387,10,8,28.9119,280.1633,GBP,BUY,2026-06-18
CTU-64521246-5094,12,1,96.3369,281.9315,JPY,SELL,2026-05-22
KZB-43492876-7409,10,10,50.3243,347.2054,GBP,BUY,2026-06-18
ZQO-47588312-9175,6,4,93.2614,486.1243,JPY,SELL,2026-06-25
GGQ-24018829-4019,2,5,43.6101,114.1511,GBP,BUY,2026-06-25
CHT-27499431-4211,9,3,68.6568,137.0011,GBP,BUY,2026-05-24
WOI-78352659-2135,2,7,73.7306,410.9313,USD,SELL,2026-05-27
GTQ-69626598-9066,14,9,64.2958,42.2312,USD,SELL,2026-05-25
OZQ-96660235-9093,7,6,56.5732,462.3781,GBP,SELL,2026-06-20
NPW-16555048-6386,3,10,34.2942,253.0969,CHF,BUY,2026-05-22
KOG-16205244-1719,6,10,15.6625,53.3427,EUR,BUY,2026-06-23
EMP-14606731-7344,2,3,88.4336,382.9764,GBP,BUY,2026-05-26
RGZ-59988385-9606,12,1,2.9764,446.6379,CHF,BUY,2026-05-17
QEK-03252416-7157,4,3,56.3427,261.1694,USD,BUY,2026-06-11
CKP-15217216-1604,15,8,12.6547,175.0119,JPY,SELL,2026-05-23
BUT-52940500-7957,1,1,36.0261,423.6269,GBP,BUY,2026-06-03
EIW-83434954-8934,6,6,63.7858,270.8336,CHF,BUY,2026-05-28
SCI-54614716-4822,9,10,95.8318,237.5555,GBP,BUY,2026-05-29
ZRL-45663805-7954,11,4,34.1811,87.5731,EUR,SELL,2026-05-24
YXV-19011398-5952,13,3,8.3625,359.0290,EUR,SELL,2026-06-19
DLI-09465231-9235,8,4,13.4589,39.9919,EUR,SELL,2026-06-01
CQY-32217601-5551,11,2,81.2607,379.7473,JPY,BUY,2026-06-23
RWH-09594071-1094,11,3,31.7974,86.5400,JPY,BUY,2026-06-01
CLB-30039061-0291,11,9,70.8394,248.5387,USD,BUY,2026-06-10
SBO-06286409-8193,5,3,15.6176,76.8431,GBP,SELL,2026-05-25
TGP-20962379-9967,13,5,62.2164,172.9871,EUR,BUY,2026-05-20
JKF-70118655-8160,14,10,81.9700,209.0140,USD,BUY,2026-06-14
FUI-28224500-1661,2,8,20.0653,71.1656,USD,SELL,2026-06-02
SBK-25752084-9363,9,4,45.8359,385.8926,GBP,SELL,2026-05-24
BMN-17750208-0108,10,2,50.5881,352.1982,CHF,SELL,2026-06-29
FVT-38269511-5851,9,9,61.0757,474.3093,USD,SELL,2026-05-26
DNC-76534169-2241,9,8,87.8595,340.0274,CHF,BUY,2026-05-23
SQB-54335791-2875,6,8,97.9635,37.0706,USD,BUY,2026-05-25
ZGZ-41354504-5040,8,8,45.4844,398.4238,CHF,SELL,2026-06-19
HHH-16760151-0118,7,2,71.4891,130.6435,JPY,BUY,2026-06-15
MYW-75862531-0987,3,9,11.0992,303.0938,EUR,BUY,2026-06-17
YAH-95231716-9692,4,5,75.7032,363.9112,EUR,SELL,2026-06-01
GJN-55323537-9018,13,4,46.4477,298.5891,EUR,SELL,2026-05-19
ASX-44598819-6119,7,4,77.2434,101.4777,CHF,SELL,2026-06-06
XIH-21314387-8933,8,3,28.6636,186.7666,USD,BUY,2026-06-12
TUB-57845149-9172,6,5,55.0881,496.2049,GBP,BUY,2026-06-09
ATB-17801482-5661,1,4,62.0622,171.1527,EUR,SELL,2026-05-16
CDQ-11005159-8637,6,2,27.9217,241.8455,CHF,SELL,2026-05-30
CNT-37120012-8225,11,2,82.1475,55.9657,JPY,SELL,2026-06-08
OMH-97600041-8912,1,3,72.6928,71.8391,JPY,SELL,2026-05-25
FXP-64287703-1411,11,7,42.7729,88.6827,EUR,BUY,2026-06-22
JMF-27272875-2316,10,5,18.0086,206.3348,CHF,BUY,2026-05-24
AWY-15282946-7767,10,3,9.8154,411.4349,GBP,BUY,2026-06-06
MEM-94148998-0500,2,5,28.2239,237.1356,JPY,BUY,2026-06-09
FWC-05963914-4836,8,7,13.0889,490.7485,JPY,SELL,2026-06-28
DPV-60414820-1738,7,8,95.4519,345.6375,GBP,BUY,2026-06-10
XHR-91050885-0835,2,3,87.8777,35.6542,JPY,BUY,2026-05-30
OKO-86408966-0218,12,6,98.6256,351.3303,USD,SELL,2026-06-28
KIC-53073057-9472,5,8,50.0672,11.6179,CHF,SELL,2026-06-22
EGY-52994723-7710,3,10,85.8776,108.6041,JPY,BUY,2026-05-18
LGM-63149778-8476,4,5,25.9190,389.6055,EUR,BUY,2026-05-24
VKV-95918363-7087,11,3,2.6857,46.8675,EUR,SELL,2026-06-03
DUP-54383732-6204,2,3,92.0573,120.5518,CHF,BUY,2026-05-22
TJG-50061270-2771,4,5,56.5398,45.9247,EUR,SELL,2026-05-21
MCP-69510121-7533,13,4,80.2910,177.3298,USD,SELL,2026-06-05
RDM-94808181-1440,15,10,83.9193,291.9840,USD,SELL,2026-06-17
QPV-76069733-8559,1,4,20.6892,230.5298,GBP,BUY,2026-05-17
YNR-56889591-0821,14,5,65.9504,274.9451,EUR,SELL,2026-06-13
TBX-99656194-5899,12,7,88.1798,32.1600,CHF,BUY,2026-05-21
XQD-08989871-2853,9,10,54.7133,379.7592,EUR,SELL,2026-06-20
IDH-92335523-1292,10,1,63.8285,479.5713,GBP,SELL,2026-05-23
RUL-96097268-0782,8,10,35.9550,269.4788,CHF,BUY,2026-06-09
MBV-58158037-9730,15,4,78.3673,74.5439,EUR,BUY,2026-05-31
XZZ-69875164-3400,6,10,69.5643,298.2709,USD,SELL,2026-06-10
ZJW-42834136-2290,10,10,90.2607,468.3394,EUR,BUY,2026-06-15
IYH-93120737-3080,11,5,8.9114,311.2460,EUR,BUY,2026-05-28
GHF-37514617-1711,15,4,24.0572,354.3800,CHF,SELL,2026-06-17
XYT-10609015-6384,8,4,10.8074,481.7032,GBP,BUY,2026-06-23
PUL-48224166-4401,12,4,89.8498,81.5899,CHF,BUY,2026-05-22
MCL-80121271-0059,5,6,63.6878,371.2954,CHF,SELL,2026-05-22
NUZ-43360095-2261,3,5,38.6288,349.9538,GBP,BUY,2026-06-08
GGF-28841030-9865,8,10,39.0381,153.5877,USD,SELL,2026-05-23
BAX-20313544-0203,3,4,2.3135,346.6807,JPY,SELL,2026-06-03
POD-84820517-2362,6,3,14.2530,301.3520,USD,SELL,2026-06-11
TBJ-94415706-7103,12,4,63.0969,296.8304,JPY,BUY,2026-05-15
ZRX-59308401-4728,8,3,80.0826,457.3704,GBP,SELL,2026-05-24
RMR-37238105-9694,1,5,2.3252,201.1032,USD,SELL,2026-06-04
RHX-47896499-1902,11,5,31.3087,107.4019,JPY,SELL,2026-06-01
WOU-37909045-4289,12,9,36.6225,402.7979,GBP,SELL,2026-05-22
YCX-12482483-1451,13,1,34.6991,155.1305,CHF,SELL,2026-05-17
XVE-80102999-4064,14,3,73.3621,459.7440,USD,BUY,2026-05-20
RFA-28375789-1273,5,9,21.1554,458.7445,GBP,SELL,2026-05-27
DSO-98445300-1587,12,5,95.3938,150.2426,JPY,BUY,2026-05-31
AJL-60830908-9084,2,3,6.1723,129.1518,CHF,BUY,2026-06-06
QFY-96063251-4963,9,4,70.6415,332.8991,GBP,BUY,2026-06-03
LSG-63144319-4480,1,6,90.7947,18.2376,CHF,SELL,2026-06-18
DCE-95017236-6739,2,6,44.6266,285.8503,EUR,SELL,2026-05-30
TWY-89508070-1769,15,8,44.5157,36.3172,CHF,BUY,2026-06-08
GWI-46972576-4602,10,7,75.7697,460.3934,USD,BUY,2026-05-17
QOX-67140582-1835,4,6,15.4273,134.5599,USD,SELL,2026-05-18
ODM-57187792-7333,9,7,77.8557,260.9297,EUR,BUY,2026-06-05
UDF-62572602-7514,15,1,55.8750,223.4696,USD,SELL,2026-05-26
VIG-35805957-5242,7,4,13.9134,20.3677,GBP,BUY,2026-06-08
SJC-97355170-2193,15,9,16.8829,166.7157,GBP,SELL,2026-06-14
KPG-79838486-6542,7,2,90.5865,247.8444,JPY,BUY,2026-06-24
KLC-36415341-5087,5,9,13.9784,433.3636,EUR,SELL,2026-05-27
HEN-03223881-5245,5,3,90.8960,485.5016,EUR,BUY,2026-06-06
DBF-32799127-3511,1,1,66.0685,39.7819,GBP,BUY,2026-06-15
BSL-39879521-9589,7,3,57.4545,295.5784,USD,SELL,2026-05-18
QWR-51396357-2503,8,2,25.3003,98.6284,GBP,SELL,2026-05-31
VCD-28687077-9233,13,6,14.9484,366.6734,EUR,BUY,2026-05-17
GZQ-73531701-3912,14,9,42.6456,92.1941,JPY,BUY,2026-06-07
RBB-03987868-9067,5,5,11.3303,352.6164,USD,SELL,2026-06-11
PLL-88370276-7552,13,8,2.1092,430.8616,CHF,BUY,2026-06-05
AEH-04380027-1959,14,3,23.2059,345.4272,USD,SELL,2026-06-08
BVJ-97417666-4016,1,9,66.5274,347.4115,USD,SELL,2026-05-23
UYC-46166753-4796,8,4,75.3421,320.4327,JPY,BUY,2026-05-27
EQO-56432329-3065,14,2,6.0938,376.5572,GBP,SELL,2026-06-11
ONQ-70358149-9573,11,7,78.0031,284.3815,CHF,SELL,2026-05-28
FLP-16408143-0816,10,10,54.5587,175.4601,EUR,SELL,2026-06-01
RAC-40380608-3964,13,8,58.8670,332.1814,GBP,BUY,2026-06-03
YGO-82510743-1984,7,4,52.2624,80.2808,JPY,SELL,2026-05-22
CAE-83581984-5803,6,2,58.6941,302.9748,USD,BUY,2026-06-15
IGD-60637176-8302,8,2,33.3091,109.4661,CHF,SELL,2026-05-19
YWA-04701070-8921,4,10,72.6693,306.4447,JPY,BUY,2026-05-21
PAD-07759802-7438,4,1,40.1938,85.5376,CHF,BUY,2026-05-29
MPM-30729004-9893,15,9,83.7234,222.5102,GBP,BUY,2026-06-14
KHK-69556202-2347,15,6,52.3191,262.5973,CHF,BUY,2026-06-04
PYA-98953980-7903,8,7,86.0999,484.0487,CHF,SELL,2026-06-17
CIK-59022879-2125,5,10,88.5826,151.7966,USD,SELL,2026-05-29
BYH-88319548-2017,15,5,91.8959,465.5508,GBP,SELL,2026-06-21
BUO-94252297-1254,14,2,3.6445,217.8989,JPY,SELL,2026-05-27
RFB-89514190-5639,13,10,18.4534,80.4408,USD,BUY,2026-05-15
JZT-14095979-6162,1,8,27.1530,456.3868,CHF,SELL,2026-06-14
PJL-10269825-6543,2,8,98.5909,172.0659,USD,BUY,2026-05-22
KIH-69997441-7470,15,3,16.0206,349.0603,CHF,BUY,2026-06-02
IBP-97266911-0136,3,1,97.0739,94.0835,JPY,BUY,2026-06-11
GLP-25848028-8460,12,10,24.8901,352.8141,JPY,BUY,2026-06-09
WWJ-47334104-6992,2,2,23.3780,137.2790,JPY,BUY,2026-05-28
BZX-74353473-3408,7,4,87.8952,466.4600,JPY,SELL,2026-06-01
DUK-97215982-1952,11,9,37.8586,15.8949,USD,SELL,2026-06-18
COR-02148929-1189,8,1,18.1922,212.5305,CHF,SELL,2026-05-26
DAX-48256962-6570,11,1,77.8137,302.7328,CHF,BUY,2026-05-19
JYT-37969787-2955,1,5,76.2948,69.1848,USD,BUY,2026-06-20
IFO-66707440-3459,8,6,59.0307,350.8747,USD,BUY,2026-06-12
PZG-58763530-0791,4,6,7.1057,474.0849,GBP,BUY,2026-05-19
HTJ-80844082-9083,14,7,35.6189,114.8280,EUR,SELL,2026-06-01
LCX-11307726-3828,7,9,6.5329,207.4667,USD,BUY,2026-06-21
UES-83177053-9714,3,2,22.0791,440.6173,EUR,SELL,2026-06-11
GGZ-42142100-8423,13,5,15.3728,140.4954,GBP,SELL,2026-05-28
LTR-46521444-4343,7,6,31.5246,319.6776,JPY,SELL,2026-05-22
EDE-56688507-5349,5,9,12.0968,174.9128,USD,SELL,2026-06-13
IFG-83931293-2536,6,1,81.7071,203.4200,GBP,SELL,2026-05-26
QWL-40814441-5650,2,7,48.9576,260.7489,GBP,SELL,2026-05-27
LMV-10282587-5791,12,7,14.0270,93.5907,GBP,BUY,2026-05-21
EML-10203062-1040,11,8,41.2111,141.9424,EUR,SELL,2026-05-18
OTT-76891259-1919,8,1,4.6828,426.1030,JPY,SELL,2026-05-26
QWP-64139077-4429,12,7,83.9149,26.1441,CHF,BUY,2026-06-15
AOS-85575757-1745,13,2,59.0580,390.2960,USD,BUY,2026-05-31
RQM-34919023-4893,13,2,65.2175,163.5462,CHF,BUY,2026-05-28
CZI-90676476-2492,9,2,45.6805,110.3687,CHF,SELL,2026-06-15
QYS-06242806-6744,7,9,95.2863,20.4124,JPY,SELL,2026-06-13
JEY-60182142-9124,14,1,13.8572,163.0327,GBP,SELL,2026-05-22
TTP-56551581-8454,7,6,43.1953,283.1210,EUR,SELL,2026-06-24
LRC-30640401-2952,11,8,70.0776,345.9415,GBP,SELL,2026-06-14
HMF-56577124-9208,11,9,85.2218,21.7905,GBP,SELL,2026-06-26
HHC-86075155-8867,6,10,70.1294,286.9629,GBP,SELL,2026-05-18
RXT-45825048-0431,14,3,28.1774,397.3870,CHF,SELL,2026-05-23
ANM-61543509-7272,10,6,97.5937,477.8846,CHF,SELL,2026-06-16
OBR-58147069-4705,7,8,57.4507,204.5884,CHF,SELL,2026-06-06
YME-05568430-8510,11,8,4.3177,249.0556,JPY,SELL,2026-06-21
WDJ-28757240-3636,3,10,67.3100,146.4174,EUR,BUY,2026-05-27
JOJ-33535308-5821,13,6,20.8556,428.9722,USD,SELL,2026-05-27
ZBO-72784630-4034,7,3,6.1045,212.4858,JPY,SELL,2026-06-15
ZHU-15021452-5073,10,8,44.4867,198.0166,JPY,SELL,2026-06-24
WZA-32975892-2849,4,1,25.2500,316.0716,USD,BUY,2026-05-25
JNK-11592838-2674,2,9,72.3170,243.1503,GBP,BUY,2026-06-27
BBM-89986636-9051,6,6,84.4772,44.5310,EUR,BUY,2026-05-25
BWF-37152711-8589,14,9,96.5873,241.6912,USD,BUY,2026-06-12
BZL-18573116-5534,2,5,16.8324,166.4626,CHF,BUY,2026-05-26
XGU-39661158-3546,11,4,45.2262,313.3600,EUR,SELL,2026-06-17
EMV-37888928-0926,7,1,88.7192,18.6324,GBP,BUY,2026-06-26
JKY-46592920-1096,13,4,45.9560,250.4078,CHF,BUY,2026-06-01
ISG-26255249-9013,14,10,56.2694,482.0189,GBP,SELL,2026-05-20
PSZ-67402646-0620,7,7,96.0801,212.1220,EUR,BUY,2026-05-23
HKU-40681336-7620,13,10,21.7948,34.2188,EUR,SELL,2026-06-25
BIM-20775076-6659,14,7,31.0327,144.8699,EUR,SELL,2026-06-18
EKD-22617746-2346,8,1,75.5068,89.3447,JPY,BUY,2026-06-05
ABD-97074251-3843,10,8,57.2997,19.5453,EUR,SELL,2026-06-08
VQW-01710146-8656,8,2,96.0937,175.2464,GBP,BUY,2026-05-22
YRO-51388717-3052,8,5,59.8997,387.6555,GBP,SELL,2026-05-29
IQE-02537085-7615,12,10,8.4420,497.3887,JPY,BUY,2026-06-23
VKN-46921176-7125,7,10,15.7560,288.8463,USD,SELL,2026-06-29
HQP-28946699-9471,13,3,46.6510,486.0510,GBP,BUY,2026-06-07
TEC-83957474-0923,12,6,26.7872,326.1634,USD,BUY,2026-05-20
INS-17355317-1488,15,6,56.1637,179.4802,GBP,SELL,2026-05-18
WKS-57942833-7439,12,8,71.5383,26.1854,GBP,SELL,2026-06-04
WHZ-09099343-6081,5,3,83.0800,228.1884,EUR,BUY,2026-06-17
KDO-25541365-2209,11,6,31.9568,371.6041,GBP,BUY,2026-05-30
KVW-85696447-3450,1,1,35.8689,30.5078,CHF,SELL,2026-05-28
UHP-85920992-9763,11,9,33.0573,458.4118,GBP,SELL,2026-06-27
JMU-09822823-1242,11,2,88.0676,192.2197,GBP,BUY,2026-05-24
AES-09707221-9145,10,7,91.0304,242.1178,EUR,SELL,2026-05-14
IYH-91686830-1441,8,10,1.2909,290.0564,GBP,BUY,2026-06-06
UGC-34235298-1252,12,10,23.6104,364.7336,EUR,BUY,2026-05-18
SXA-87494025-8070,12,10,19.6982,463.3055,EUR,BUY,2026-05-30
GJF-08257434-7977,7,8,26.8949,45.3855,GBP,SELL,2026-06-19
XMP-93631493-6593,10,4,9.6497,416.4829,GBP,SELL,2026-05-26
RTZ-72906916-6590,9,3,23.7867,186.6119,CHF,BUY,2026-06-11
XLW-30863119-1880,11,2,90.7498,256.0860,GBP,SELL,2026-06-21
EGC-14637995-5134,11,1,47.5283,391.3141,GBP,BUY,2026-06-15
GEX-96459450-5409,6,7,99.9568,195.4529,CHF,SELL,2026-05-22
XRJ-03563492-5614,7,4,38.1412,251.0068,EUR,BUY,2026-06-02
TEW-75395252-8550,2,1,53.7459,327.9680,GBP,SELL,2026-06-23
QVL-72374655-6953,3,7,41.6762,58.6373,CHF,SELL,2026-05-19
GHA-37434842-9286,1,3,11.1079,152.0520,USD,SELL,2026-06-21
RVJ-08680210-5298,11,3,36.8864,282.1247,USD,SELL,2026-05-24
OIH-29078582-5127,2,5,34.8626,214.7114,EUR,SELL,2026-05-24
QVO-70356078-5991,3,9,20.6852,32.8354,USD,SELL,2026-06-13
INF-76556680-3045,8,6,58.4455,421.0350,EUR,BUY,2026-05-28
NZI-45710578-9110,15,6,37.7562,349.0378,GBP,BUY,2026-05-21
ZUE-78502051-8277,7,7,78.7821,269.3031,USD,BUY,2026-06-25
LVH-53824806-1751,6,7,36.3499,329.3057,USD,SELL,2026-06-29
EVK-41955688-1889,8,9,53.0793,144.8916,EUR,BUY,2026-06-13
RGZ-43709921-3934,15,5,55.6046,200.9753,GBP,SELL,2026-06-09
SIR-49619076-6225,1,8,65.9717,422.1567,JPY,SELL,2026-05-30
FLS-95557972-1846,1,8,64.5815,137.8034,CHF,BUY,2026-05-22
CUP-96578674-1261,14,1,11.5882,405.0101,GBP,BUY,2026-05-27
LPK-52662289-0871,5,8,39.5810,165.9601,JPY,SELL,2026-06-13
USC-76883358-7012,6,3,10.6209,137.0472,GBP,SELL,2026-06-05
HBP-46302481-1069,11,8,55.4821,164.8200,USD,BUY,2026-05-22
NWB-01836659-6422,4,8,94.7698,85.2141,GBP,SELL,2026-05-29
QXC-13080078-7725,14,3,31.9716,436.0129,EUR,BUY,2026-06-03
DRK-52439668-5687,2,2,50.3571,261.8230,EUR,SELL,2026-06-17
UAQ-95228485-5060,12,2,94.4560,378.8569,CHF,SELL,2026-05-17
YGG-90781714-0932,6,8,39.4282,180.1178,EUR,SELL,2026-05-21
MCF-46189405-2370,11,6,65.4051,132.8242,CHF,SELL,2026-05-31
QXP-39592993-8772,7,8,46.2995,164.3669,CHF,SELL,2026-06-03
UGS-56959841-6229,3,6,23.2941,261.5844,USD,BUY,2026-05-15
WMG-67301043-0677,14,9,21.7542,188.4761,EUR,SELL,2026-05-24
AGB-46454065-2849,4,9,66.5313,245.0347,USD,BUY,2026-06-16
WTB-95101123-2244,8,4,41.5481,342.7869,JPY,SELL,2026-05-26
OCL-93934985-3415,2,9,39.4331,363.9883,JPY,SELL,2026-06-12
NZU-76161847-2877,14,3,70.3116,450.2224,EUR,SELL,2026-05-21
RKR-06689835-8915,7,2,81.7410,365.0890,CHF,SELL,2026-05-29
GJO-25238658-9001,12,5,75.3882,263.8465,EUR,SELL,2026-06-24
RSX-23230365-8879,2,7,68.2542,19.1303,CHF,SELL,2026-05-17
LMS-49867268-6122,13,3,85.5247,378.5351,JPY,SELL,2026-05-18
CKW-65219682-1643,10,2,61.6199,127.4391,USD,BUY,2026-06-28
CZU-91830526-1024,9,4,61.8065,270.9180,EUR,BUY,2026-06-11
MMT-20770284-2326,12,7,89.2998,119.4447,GBP,BUY,2026-05-13
EGR-99199557-6031,1,5,92.7636,366.3620,CHF,SELL,2026-05-26
CWQ-15537792-7189,15,6,96.8217,248.1350,GBP,SELL,2026-06-03
CPQ-11529008-2164,5,4,85.0389,198.2161,USD,SELL,2026-05-16
MCR-47617595-9263,2,7,92.3610,23.4314,CHF,BUY,2026-05-26
VQY-33919003-1064,14,10,50.5662,56.0405,GBP,BUY,2026-06-25
SWS-18991129-5299,7,6,46.7232,313.4301,GBP,SELL,2026-05-28
BVH-20422175-2691,1,2,76.4210,42.0908,USD,BUY,2026-05-23
XAX-96946624-2080,6,6,73.1872,251.2958,USD,BUY,2026-06-02
BWW-48561025-5090,12,8,57.7938,427.0480,EUR,SELL,2026-06-04
IVV-21493705-6276,14,6,40.2365,280.8657,USD,BUY,2026-05-25
LIR-37777026-5768,1,3,22.0335,390.2029,USD,BUY,2026-06-18
ODN-10211679-8102,7,9,15.5625,309.4673,USD,SELL,2026-05-23
UVP-20833940-9922,1,4,57.7570,298.1233,GBP,BUY,2026-05-28
NNW-45774843-7535,2,1,78.4691,328.5623,EUR,SELL,2026-06-03
UJL-60444163-5937,2,8,64.7995,380.7805,JPY,SELL,2026-05-22
OSQ-21029891-8565,6,10,29.7215,350.1700,GBP,SELL,2026-06-10
HXO-47988359-4171,5,5,14.5014,70.7819,JPY,SELL,2026-06-17
IYA-16570679-7230,7,9,33.1246,167.7445,CHF,BUY,2026-06-05
IMX-09143748-7895,6,5,99.1390,433.3650,GBP,SELL,2026-05-21
YXC-04976080-5059,7,2,43.9628,178.4602,EUR,BUY,2026-05-26
EMH-18061117-2708,9,1,11.4617,277.9615,GBP,BUY,2026-05-28
RRE-59286170-6689,11,6,7.9017,436.5017,JPY,BUY,2026-06-05
BXP-57535154-4704,9,9,62.5768,429.0982,EUR,BUY,2026-06-17
LVY-37419470-2019,15,3,7.3160,177.5581,USD,BUY,2026-05-10
GIB-34536990-6662,6,8,40.5202,281.6272,USD,BUY,2026-05-31
LMG-42560453-0066,4,9,51.6910,364.6925,JPY,BUY,2026-05-19
FZH-88691006-2918,11,1,39.5530,274.6231,USD,SELL,2026-06-21
EHM-47975355-8207,7,1,20.1000,108.9528,EUR,SELL,2026-05-26
WML-56455088-6681,4,3,14.0010,482.6519,CHF,SELL,2026-06-15
ECO-53371962-8236,11,6,51.0012,38.5951,USD,BUY,2026-05-19
MGU-20268454-7522,13,8,30.6474,447.1218,USD,SELL,2026-06-17
MSL-67724150-4646,3,9,82.5355,226.3678,JPY,BUY,2026-06-21
LIJ-18647247-2023,5,2,95.6642,276.1948,CHF,SELL,2026-06-29
LSA-30233965-7334,2,1,93.4794,336.1530,GBP,SELL,2026-05-31
NVB-98528160-8532,12,4,62.7026,227.6061,CHF,SELL,2026-06-07
IKJ-82807135-1088,6,4,93.0490,465.9579,USD,BUY,2026-05-23
FAT-56892862-5281,9,6,13.5323,265.9684,EUR,SELL,2026-06-02
XFF-78524052-3661,12,3,41.6497,100.2829,JPY,SELL,2026-05-24
PZK-51547934-1269,11,3,43.2394,32.2985,JPY,SELL,2026-06-01
TEZ-77766428-6474,13,8,80.6178,412.3618,JPY,SELL,2026-06-05
GCF-99233345-4593,3,3,22.2164,347.7279,CHF,BUY,2026-05-19
DIS-49238408-3720,1,6,50.9808,48.8202,CHF,SELL,2026-06-21
MIP-75737366-2196,5,9,64.4842,224.6795,JPY,BUY,2026-05-27
LDV-90979977-2588,7,3,94.9018,311.5959,EUR,SELL,2026-06-07
KKC-40456136-5924,4,2,31.8630,257.9910,JPY,SELL,2026-05-26
TVX-50895832-8673,11,8,30.5958,56.7726,CHF,BUY,2026-06-04
GVH-11606168-5762,15,5,64.5910,12.0523,USD,SELL,2026-05-21
TFT-30686663-3814,3,7,60.6303,306.8994,GBP,BUY,2026-05-23
GTO-77588548-8764,7,8,26.7002,111.6243,JPY,SELL,2026-05-23
UKF-76762813-1101,12,8,72.2241,256.1982,JPY,SELL,2026-06-04
XSY-90293856-4266,15,4,4.4997,25.9341,JPY,SELL,2026-06-10
MNC-10491479-4875,14,4,81.0749,323.2780,EUR,BUY,2026-05-30
AHB-46059645-8184,2,2,90.0379,284.3000,CHF,BUY,2026-05-30
MVN-83390537-1014,6,9,9.4972,285.4345,GBP,SELL,2026-06-17
QPE-75880669-5686,13,5,97.8690,409.2363,EUR,BUY,2026-06-21
UFR-60505798-7632,9,4,54.9153,50.3590,JPY,BUY,2026-05-28
AKS-75074755-3895,8,8,62.3144,200.4239,CHF,BUY,2026-05-17
TVZ-76883148-9584,10,1,54.9652,88.0814,USD,BUY,2026-06-28
GHC-45141722-8790,14,9,5.2823,270.3827,USD,BUY,2026-06-01
FCT-02880288-2339,4,10,49.7147,10.0142,EUR,BUY,2026-06-23
XKU-06298144-9939,11,8,45.1808,185.2462,EUR,BUY,2026-06-08
TAX-57652048-0268,9,7,66.5695,473.3958,CHF,BUY,2026-06-25
DMT-24024008-5969,12,3,56.5093,107.1890,GBP,SELL,2026-06-22
TGM-37424367-1360,13,7,9.4044,108.0733,EUR,BUY,2026-05-23
HFZ-62727123-1161,1,7,66.0187,488.5200,JPY,SELL,2026-05-25
ASQ-18244011-9671,12,5,46.0380,82.3175,GBP,BUY,2026-05-20
COB-24006313-1800,10,3,55.1848,45.5916,JPY,BUY,2026-06-26
XSP-90336892-8146,2,8,43.5226,415.5268,USD,SELL,2026-05-22
HMQ-27057509-4209,4,9,72.2336,137.7364,GBP,SELL,2026-06-19
IJR-64823170-2972,14,10,78.5019,220.5067,USD,BUY,2026-05-27
IAI-90209062-3266,13,6,66.5477,434.0173,USD,BUY,2026-05-22
KIN-41981623-7356,15,4,58.8145,170.0200,GBP,SELL,2026-06-02
QUE-90860644-6967,11,7,50.3260,48.6292,USD,BUY,2026-05-23
RMY-24281250-3829,9,4,47.5552,447.1164,GBP,SELL,2026-06-05
ODX-07276591-4505,14,9,32.2547,293.6051,GBP,BUY,2026-05-24
MRE-64106864-8286,14,7,14.0691,136.2759,USD,SELL,2026-05-20
KZF-27037523-8867,6,5,40.7276,181.0832,CHF,SELL,2026-05-14
BVU-51145601-4043,9,4,98.0963,15.5301,EUR,BUY,2026-06-18
OBD-11261234-6066,9,9,77.2417,21.4981,GBP,SELL,2026-06-21
OEC-67724389-9746,12,1,24.0606,252.6005,CHF,SELL,2026-05-30
USP-00206141-5615,13,6,43.3000,472.9349,EUR,SELL,2026-05-27
HFR-94156445-8517,2,8,76.3442,320.4720,USD,SELL,2026-06-16
LTC-01839899-3677,10,2,20.1337,462.3498,GBP,BUY,2026-06-10
OGJ-73868312-0649,8,8,63.7162,85.2221,CHF,SELL,2026-05-26
TKO-35317198-9692,13,1,86.0466,346.2900,EUR,BUY,2026-05-26
GXG-50526666-0020,13,2,23.5349,489.2129,JPY,SELL,2026-06-18
GHL-28917241-6855,7,1,57.5165,423.9848,USD,SELL,2026-06-19
XEM-55967185-5208,10,3,80.4113,338.8037,JPY,SELL,2026-05-28
QQE-52978368-4189,6,1,92.7181,473.3290,CHF,BUY,2026-05-20
RWC-74077759-0114,6,2,74.6098,398.2309,JPY,BUY,2026-05-28
WPF-18537977-9650,3,2,99.2385,59.8930,EUR,SELL,2026-05-27
IUG-00569841-7631,4,2,66.5789,400.5829,GBP,SELL,2026-05-27
QZR-23480887-7396,7,2,86.5456,262.7815,JPY,SELL,2026-06-03
KLV-58240950-6421,5,3,63.3706,239.5263,JPY,SELL,2026-05-23
HQF-01259809-7340,1,1,86.9406,307.9305,GBP,BUY,2026-05-25
OYR-17763317-4531,4,8,20.4604,374.4572,USD,SELL,2026-05-25
ICN-88331627-5684,5,6,94.2754,30.1691,JPY,SELL,2026-06-25
MJI-23584101-4449,14,9,27.8083,448.1194,CHF,SELL,2026-05-17
PRP-23449003-5451,4,8,9.5493,186.2132,JPY,BUY,2026-05-23
DOK-16612039-3654,13,8,5.7454,107.0749,JPY,BUY,2026-05-31
QRI-49969272-9884,13,2,64.9802,354.9290,CHF,SELL,2026-06-09
RMK-21767560-7182,6,10,4.9846,239.1310,USD,SELL,2026-05-31
TRQ-66403936-6229,10,6,88.3901,168.0770,EUR,SELL,2026-06-03
ITD-66248586-2869,11,10,69.2459,171.2103,USD,SELL,2026-05-25
RBI-16091553-1861,14,5,85.7693,462.6384,CHF,SELL,2026-06-02
WLX-08987087-2086,4,2,92.7704,418.7874,USD,BUY,2026-05-28
TKD-43429749-2423,15,1,13.6885,144.8834,USD,SELL,2026-05-30
ESB-67266957-8618,9,8,50.8325,49.1441,USD,BUY,2026-06-18
IAM-31221664-8460,15,10,21.8040,142.9389,EUR,BUY,2026-05-31
YPG-94970507-6650,6,8,91.5897,169.1924,GBP,SELL,2026-06-25
CUK-13541472-4965,11,7,22.9028,370.0553,JPY,SELL,2026-05-14
GAD-61059963-0100,2,10,5.2304,449.7460,USD,SELL,2026-06-21
CBH-65171487-8310,10,10,93.2758,405.0641,CHF,BUY,2026-06-17
HDE-41883524-6040,13,7,63.6976,55.3052,EUR,SELL,2026-05-18
LMI-94999095-1783,9,5,88.3252,488.5082,USD,SELL,2026-06-16
TIV-66147331-9176,7,4,2.8801,186.2044,USD,BUY,2026-06-05
OQL-59184105-2238,15,2,81.0373,462.2837,CHF,BUY,2026-05-31
DSK-57822295-5157,6,4,74.0174,411.8870,JPY,BUY,2026-06-03
SLE-52553789-7187,15,10,81.0786,408.3076,CHF,BUY,2026-06-05
YBF-36410348-6200,3,8,51.0877,74.3311,USD,SELL,2026-05-29
NHK-56746188-5201,4,4,30.4927,148.0754,CHF,BUY,2026-05-26
OKZ-24015788-6698,7,4,1.6858,30.7581,USD,SELL,2026-06-13
ZGQ-92578450-4677,5,10,25.4770,370.6259,CHF,SELL,2026-05-27
NSK-83930150-4136,9,9,57.4011,272.6594,EUR,SELL,2026-05-13
LAV-23104010-1348,12,10,36.4738,402.6952,EUR,BUY,2026-05-25
CUT-49235208-6304,1,7,27.9595,325.6392,GBP,SELL,2026-06-09
EAL-06531871-2178,6,10,95.3258,282.5039,GBP,BUY,2026-05-25
SWS-63286487-1856,14,2,47.5745,143.1671,GBP,BUY,2026-06-02
UYG-34918959-7654,14,7,98.5135,283.8199,EUR,BUY,2026-06-06
OOM-86643820-7095,7,2,76.0950,324.2846,CHF,SELL,2026-06-15
HVY-00559531-0544,9,5,92.2878,52.7715,GBP,SELL,2026-06-24
ICY-00503597-4118,1,4,72.4241,105.5914,CHF,SELL,2026-06-05
MAH-20049250-4054,10,2,48.1759,233.7003,EUR,SELL,2026-05-22
ZGP-76131235-0630,6,7,66.7717,187.2828,EUR,BUY,2026-06-22
FWX-80912575-3280,10,10,73.2145,176.8937,JPY,BUY,2026-05-09
NPG-20042660-9534,6,7,2.1094,412.5086,JPY,BUY,2026-06-20
RUW-83160643-5973,13,8,66.0691,239.1498,JPY,BUY,2026-05-17
XKC-18039494-3149,4,1,66.9632,288.5392,USD,BUY,2026-05-29
UMM-60185475-5938,1,3,83.8952,414.9085,CHF,BUY,2026-06-02
AMV-91940610-5879,10,4,39.2843,489.7173,GBP,SELL,2026-05-31
LHV-14817030-2568,9,8,63.1120,418.1196,JPY,BUY,2026-06-05
FOB-43207108-8058,4,4,14.5551,146.2062,USD,BUY,2026-05-29
MQI-70463339-2339,11,7,48.6612,165.9296,EUR,SELL,2026-06-04
ANM-57725094-6180,9,8,85.4932,293.5563,GBP,SELL,2026-06-06
VDW-03641079-7823,9,6,21.5948,412.9219,JPY,BUY,2026-05-27
VOA-93853474-9885,7,8,99.3304,35.5894,GBP,SELL,2026-06-20
XOL-77462295-5715,5,5,13.6185,267.2865,JPY,SELL,2026-06-02
MRB-64716225-4864,12,3,97.0906,427.8522,JPY,BUY,2026-06-25
WBB-88883841-8752,10,7,42.0263,226.3175,USD,BUY,2026-05-15
NYD-12071124-5431,14,2,35.6913,414.7468,EUR,SELL,2026-06-11
JOR-34534487-9296,9,3,81.6565,72.7136,USD,BUY,2026-06-17
JDS-41435475-7640,9,10,93.7746,262.1395,JPY,SELL,2026-06-16
ICD-73615014-0542,5,6,99.7871,26.5532,EUR,BUY,2026-06-06
GOP-81687450-3606,5,9,49.1567,192.2776,CHF,BUY,2026-05-26
SNT-02749106-2778,6,1,78.6470,115.4213,GBP,SELL,2026-05-01
BDA-68811102-9679,15,3,88.7462,58.7139,GBP,BUY,2026-05-26
OZX-21579424-1509,14,7,3.4905,180.6782,EUR,BUY,2026-06-09
TEH-36223232-3161,6,3,63.7659,79.6942,EUR,SELL,2026-05-27
ENT-21412931-4052,15,7,82.6026,328.7641,USD,BUY,2026-06-17
MYK-51828034-8171,14,2,26.5122,336.6727,GBP,BUY,2026-06-04
CXJ-17044763-4856,8,1,94.9384,113.5659,CHF,BUY,2026-06-13
LYN-71887839-1715,12,7,10.2379,196.5426,CHF,SELL,2026-06-16
HMY-86557928-3122,11,7,73.4385,115.2637,EUR,BUY,2026-06-05
DMI-13122514-4883,11,9,87.3577,409.3197,USD,BUY,2026-05-28
SSX-77782520-1517,3,2,24.7879,465.5131,GBP,BUY,2026-05-29
FEH-71176898-8216,7,6,4.1904,450.0388,EUR,BUY,2026-06-06
ITD-32117236-3094,4,1,90.8555,421.8624,EUR,BUY,2026-06-16
AUI-74318999-3766,2,9,54.0311,369.1867,EUR,SELL,2026-05-23
LBD-33576962-9333,11,10,24.5861,343.8605,JPY,SELL,2026-05-19
NVV-15563875-0821,3,8,47.1759,482.5022,USD,SELL,2026-06-26
SXU-07955009-3318,1,2,19.4371,460.8326,JPY,BUY,2026-05-26
GPY-93354201-4456,11,2,85.8342,28.7727,CHF,BUY,2026-05-21
RCC-21347986-4999,10,7,96.8423,51.5760,JPY,SELL,2026-05-17
KSB-39273191-1453,1,1,90.1385,12.3117,USD,SELL,2026-05-27
NBF-69530674-9363,2,5,43.1276,49.5956,GBP,BUY,2026-06-05
AVY-94756361-4738,4,10,5.9522,333.6770,EUR,BUY,2026-06-17
HCE-81351332-2607,12,8,30.7905,122.2339,USD,SELL,2026-06-07
QWP-92890232-5629,6,8,77.2811,175.5770,EUR,SELL,2026-06-08
EEJ-88708144-2969,13,10,71.5023,253.3102,CHF,SELL,2026-06-11
LUH-42496605-9268,3,10,16.9006,474.2776,EUR,BUY,2026-06-17
NXY-13607983-5410,1,7,33.7611,303.4035,CHF,SELL,2026-05-17
HMJ-55310462-2514,12,4,45.3649,369.8531,GBP,BUY,2026-06-23
SLF-19034612-7964,4,5,2.8949,151.2564,GBP,BUY,2026-05-17
DKI-01475527-6042,8,10,98.7816,231.7628,GBP,BUY,2026-06-25
PSR-46318618-5333,8,10,1.0256,328.3277,CHF,BUY,2026-05-28
MTP-56248816-8111,3,6,81.8238,144.8180,USD,SELL,2026-06-17
OBG-63906539-0575,15,5,12.9278,134.7616,CHF,BUY,2026-05-30
EQN-84969777-0893,1,10,50.9555,115.1170,USD,BUY,2026-06-05
DVO-23786502-2888,12,10,10.0188,244.7813,CHF,SELL,2026-05-16
VQN-05190455-7283,5,3,9.9922,368.8042,GBP,BUY,2026-06-20
APK-91756934-7751,6,2,86.3831,57.0556,USD,SELL,2026-05-15
GIZ-39393519-4221,4,8,15.4848,246.0638,GBP,SELL,2026-05-16
KPT-30581870-8622,10,6,68.3946,283.8738,CHF,SELL,2026-06-15
ZSL-85805448-6732,4,2,82.8251,415.7214,EUR,SELL,2026-06-23
WEI-56800804-2421,9,7,15.3897,187.7011,GBP,BUY,2026-05-22
NBC-16136240-6452,1,7,82.3707,371.6066,GBP,SELL,2026-06-06
ODX-06263931-7331,4,6,38.6179,469.5827,JPY,SELL,2026-05-31
YPL-07726263-9690,11,2,18.5715,285.7266,GBP,SELL,2026-05-31
CMF-37428142-5788,7,6,28.0336,184.7968,USD,BUY,2026-06-05
AEU-19646902-8869,6,10,54.4642,31.5966,CHF,SELL,2026-06-21
GPD-28786389-1349,15,9,59.3042,75.1367,CHF,BUY,2026-05-17
DEO-95173968-9325,7,6,52.3183,489.0409,GBP,BUY,2026-06-23
GKA-85544951-8235,7,6,16.7274,258.5118,CHF,BUY,2026-05-26
RFJ-54109252-6692,13,4,3.5320,425.2836,EUR,SELL,2026-05-27
FBP-81826908-7006,11,7,84.1880,110.1374,EUR,BUY,2026-06-01
WRL-96208026-8368,3,4,81.8696,136.7352,CHF,SELL,2026-06-12
WZC-17036908-3865,2,9,57.8549,11.1813,EUR,BUY,2026-05-31
WBV-97012694-5473,1,2,35.7159,494.4761,EUR,BUY,2026-06-01
XWE-07126424-0253,4,1,89.6280,461.2285,EUR,BUY,2026-05-29
RMM-96452524-0832,4,4,6.4005,67.9585,CHF,SELL,2026-05-24
LBN-60269560-2780,2,2,35.7063,393.5118,JPY,SELL,2026-05-28
TRL-21895640-5334,8,6,78.3805,206.6545,CHF,SELL,2026-05-25
RHI-41406905-2334,2,3,98.0432,377.6548,EUR,SELL,2026-05-30
MKK-33263664-5364,5,2,91.5134,149.1825,GBP,SELL,2026-05-23
JSC-47758275-7433,2,9,23.6659,185.9754,CHF,BUY,2026-06-24
KWR-17317258-0405,3,7,75.4428,295.8423,JPY,SELL,2026-06-08
OWC-41668298-3932,11,8,11.3262,252.4787,JPY,BUY,2026-05-26
TBF-11462948-0291,13,7,32.1937,441.4328,EUR,SELL,2026-05-21
YMU-25377363-3214,3,4,91.3846,345.0504,CHF,BUY,2026-06-18
HCX-70861201-7096,8,9,38.5640,59.0337,EUR,BUY,2026-05-16
IIO-69376047-9457,1,10,83.3411,136.0852,JPY,BUY,2026-06-04
MBY-91403445-0328,3,3,44.0130,411.8029,EUR,SELL,2026-05-24
HCW-31296729-2146,13,5,81.4090,227.8788,JPY,BUY,2026-06-16
HDH-31997623-8073,5,6,95.5253,461.6095,CHF,SELL,2026-06-07
SRB-09187972-4683,4,8,79.5780,88.9941,JPY,BUY,2026-05-24
ARN-80310002-2495,11,6,89.3385,438.4098,JPY,SELL,2026-06-01
JTO-20245339-2788,5,5,80.9448,82.6487,CHF,SELL,2026-05-21
YHQ-51704183-5065,2,3,80.2749,305.5555,USD,BUY,2026-06-24
QCR-09785471-4508,11,4,11.9143,124.7149,JPY,BUY,2026-05-31
IQP-46384610-4868,11,4,40.3667,431.2359,JPY,SELL,2026-05-27
IPI-86809248-0946,4,1,30.8743,168.5108,JPY,BUY,2026-06-09
NCO-13024335-3257,12,9,94.3363,262.2761,GBP,SELL,2026-06-15
AQS-91945648-9541,15,2,76.0896,64.6564,USD,SELL,2026-06-06
CUA-39928809-5110,3,6,61.2324,452.5937,CHF,BUY,2026-06-02
KRV-77743783-3775,12,4,95.2281,387.3512,GBP,BUY,2026-05-24
JCW-78485003-5795,11,10,13.6281,60.2610,CHF,SELL,2026-06-16
IWG-84562021-1603,2,8,41.3981,361.0591,EUR,BUY,2026-05-26
PXK-57459632-4773,8,10,91.0347,121.0398,EUR,BUY,2026-05-23
CJX-06750667-4500,1,2,14.7653,165.6767,JPY,BUY,2026-05-21
TQN-13483444-8975,11,2,80.1164,122.1495,JPY,BUY,2026-05-30
ZHW-55782701-2083,15,7,66.6436,430.8340,EUR,BUY,2026-05-24
FMS-98597623-7628,13,7,33.3833,26.4752,GBP,BUY,2026-05-29
YTL-47460465-3230,14,9,71.0576,364.4043,CHF,BUY,2026-05-25
DWI-28319140-3949,6,2,41.3391,332.0844,GBP,SELL,2026-06-08
CXT-54717842-5018,5,2,73.0489,291.4917,GBP,SELL,2026-05-31
HUE-30612765-6362,8,10,12.0079,279.3628,GBP,SELL,2026-05-29
KWB-29887308-7874,10,5,85.6175,369.6060,USD,BUY,2026-06-08
QUS-56151546-1476,8,3,36.1879,116.8498,JPY,SELL,2026-05-21
XTR-32265270-0719,6,8,78.9062,186.6684,JPY,SELL,2026-06-03
PKX-64939917-4307,14,2,1.7808,496.0930,USD,BUY,2026-06-01
WFW-88322943-1747,3,2,14.4098,92.1820,EUR,SELL,2026-05-27
DJL-62204790-1567,15,10,84.1774,85.8418,GBP,BUY,2026-05-29
XKK-16204379-1692,5,5,73.7818,137.3002,USD,SELL,2026-06-16
HNV-48662864-0082,9,7,32.8191,210.5815,JPY,BUY,2026-06-08
DPI-92709711-1982,11,2,51.5555,402.6292,EUR,SELL,2026-05-31
MNG-10665912-6835,14,3,88.5603,265.6470,EUR,SELL,2026-05-30
JPK-19193502-7769,10,3,30.9809,494.1600,CHF,SELL,2026-05-27
SEK-15271795-1080,10,3,70.5253,113.9000,EUR,BUY,2026-05-31
RYP-48798459-1936,5,2,29.4313,18.1896,CHF,SELL,2026-05-28
FGM-72714264-6007,13,10,8.5209,413.5846,CHF,SELL,2026-06-11
ZGC-91067019-7939,3,1,78.6151,443.5443,JPY,BUY,2026-06-02
GUR-88637981-0385,14,1,49.5525,435.9537,USD,SELL,2026-06-12
BEF-72266733-9415,6,10,76.1631,371.9188,EUR,SELL,2026-05-18
JUJ-59331979-9551,13,4,72.0902,114.5644,JPY,SELL,2026-06-12
AOU-92177513-7965,4,2,8.8037,162.9003,GBP,BUY,2026-06-12
XTO-47493415-8824,2,2,72.3134,229.3254,JPY,BUY,2026-06-29
RPQ-51739287-8804,8,5,85.6505,293.0884,CHF,SELL,2026-06-24
FQX-91674921-2917,4,4,51.7592,445.6601,USD,BUY,2026-06-08
WBM-69235829-8138,12,4,16.5218,218.0603,JPY,BUY,2026-06-21
JHD-63632630-4006,15,4,43.5561,32.0470,GBP,BUY,2026-06-23
UET-19839046-5262,9,9,59.2027,398.4809,JPY,BUY,2026-05-23
GPD-05812604-9736,10,5,18.5952,149.5673,JPY,SELL,2026-06-03
JZV-14433251-5017,12,10,66.2330,411.2809,CHF,BUY,2026-06-08
IKB-61512350-1967,11,10,27.4383,318.7466,GBP,SELL,2026-06-01
AOY-88931959-9093,12,6,21.5917,58.3268,GBP,SELL,2026-05-19
IMR-24721895-2084,12,8,29.5960,196.2474,USD,BUY,2026-06-01
CXU-10133440-3106,2,2,86.1870,343.0682,JPY,SELL,2026-05-20
KRQ-89688169-7922,9,6,28.7707,496.9138,JPY,SELL,2026-06-10
FCM-45223407-4701,1,8,6.2123,269.7734,EUR,SELL,2026-05-25
ANA-66696245-4078,15,6,98.4703,431.5160,CHF,SELL,2026-06-22
BMF-63842573-8712,14,5,7.0055,352.6976,USD,BUY,2026-05-21
HTT-55602548-4205,8,3,2.9583,499.3404,GBP,SELL,2026-06-04
FIX-83293531-4954,4,5,3.5540,235.1256,CHF,BUY,2026-06-08
VDL-52332714-3412,5,2,24.3672,106.5859,GBP,SELL,2026-06-14
GUM-72859052-5095,3,1,14.6880,395.3849,JPY,BUY,2026-05-21
GTZ-12460979-7960,8,2,39.2902,341.6502,JPY,SELL,2026-06-18
BUJ-03594216-8745,13,4,23.1306,259.9207,GBP,SELL,2026-05-24
JTH-76623912-6377,1,6,87.6183,451.6466,JPY,SELL,2026-05-27
UTA-96867856-2666,7,6,91.9491,341.7802,EUR,BUY,2026-06-10
NJV-33380305-4165,10,1,51.3617,132.6332,JPY,BUY,2026-06-25
PCU-82146691-4655,12,3,15.5254,99.2136,GBP,BUY,2026-05-27
VDX-32517579-5184,5,3,3.4644,335.6706,USD,BUY,2026-05-20
AVW-97879453-8138,7,6,45.7478,375.2101,EUR,BUY,2026-06-15
SYN-64588822-5477,14,2,93.3420,469.3452,USD,BUY,2026-05-25
MGS-03237906-0538,10,6,72.3361,188.1973,CHF,BUY,2026-05-26
GPS-26469135-4184,5,7,39.2372,187.1009,JPY,SELL,2026-05-29
OXZ-63601922-7178,10,8,23.9326,380.1929,USD,SELL,2026-05-25
KLX-11624538-0459,10,5,93.9663,490.1311,GBP,SELL,2026-05-26
WEE-88689589-4438,11,1,18.9156,68.8180,JPY,SELL,2026-05-22
YWG-75786436-8594,4,4,63.7517,270.0936,EUR,BUY,2026-06-25
AGX-72079355-9167,13,9,3.2942,430.0228,USD,SELL,2026-05-07
PZT-90638943-7561,8,10,1.0745,307.4210,EUR,SELL,2026-06-17
OGO-08613912-5079,7,1,85.3197,94.5808,USD,BUY,2026-05-19
XAC-47282740-4032,5,5,24.8431,280.1462,JPY,SELL,2026-05-31
WAN-95531021-0875,11,2,88.3816,230.0564,USD,SELL,2026-05-27
OJT-04311898-3120,2,7,23.2192,98.6720,JPY,SELL,2026-06-12
SYS-49806999-4311,10,7,58.3675,151.1371,EUR,BUY,2026-05-22
JDP-86231041-6960,6,10,5.4858,128.3534,USD,BUY,2026-05-20
VZW-71571284-2887,2,5,28.7808,103.7549,EUR,BUY,2026-05-24
OJV-96969326-1283,13,3,39.7138,103.2770,EUR,BUY,2026-05-30
EWV-30699528-2077,4,5,93.7209,440.7465,GBP,SELL,2026-05-19
OMH-41782519-8686,9,3,64.3410,455.1212,CHF,BUY,2026-06-19
PZS-56133790-4604,2,4,41.7648,77.1276,GBP,SELL,2026-06-22
TUV-71484759-3956,12,2,45.3790,128.2151,USD,BUY,2026-06-23
KCE-08856729-8272,15,8,96.5215,55.1119,JPY,BUY,2026-05-25
KUT-85284871-0397,4,5,98.5133,115.7832,EUR,SELL,2026-06-21
VHC-42557308-1623,15,6,45.3653,251.1190,CHF,BUY,2026-06-08
MXX-96334200-3570,5,3,80.7054,207.6549,USD,SELL,2026-05-19
VYP-10552105-6999,2,3,81.7301,377.3027,USD,SELL,2026-05-30
CSB-18996175-0761,11,1,20.9555,56.1936,GBP,SELL,2026-05-27
SPM-05418774-1611,12,4,55.6226,256.1336,EUR,BUY,2026-06-03
MMR-49434853-4032,7,5,25.4870,51.5560,CHF,BUY,2026-05-31
FTW-00573685-8520,4,2,83.8801,249.5867,GBP,BUY,2026-05-22
JBE-29227375-2318,9,4,2.6149,238.9107,CHF,BUY,2026-05-26
SYF-52568585-1080,14,2,98.5384,305.5728,GBP,SELL,2026-05-26
YKR-56986732-0271,14,8,81.2029,242.2647,GBP,BUY,2026-05-30
MLG-24824301-1375,1,4,74.2134,180.0780,USD,BUY,2026-05-22
UUS-26671015-4547,10,4,48.0239,480.1853,CHF,SELL,2026-06-02
HYA-51418471-3785,15,3,70.2431,209.7726,JPY,BUY,2026-06-23
JPE-88573091-6835,11,7,34.7168,270.7048,USD,BUY,2026-05-14
FBY-81928396-3525,13,5,86.9794,253.4642,JPY,BUY,2026-05-27
WDL-35799111-3674,6,10,27.3705,170.5389,GBP,BUY,2026-05-23
UNK-60134466-0335,14,7,81.6006,56.5633,CHF,BUY,2026-06-13
VHY-16588458-5332,2,3,6.7663,26.9087,EUR,SELL,2026-05-21
NAK-19843027-1680,4,7,10.3199,254.6776,USD,BUY,2026-06-04
GLP-20211821-5919,4,7,85.1587,499.1646,EUR,SELL,2026-06-07
XRG-14222498-7492,1,2,31.5068,137.1503,GBP,SELL,2026-06-02
KCE-14261256-0830,5,9,88.3713,436.4646,JPY,SELL,2026-05-25
QQA-01808605-7294,13,10,48.4030,173.8569,CHF,BUY,2026-06-20
FVS-48760407-0882,5,10,95.8431,332.6208,GBP,SELL,2026-06-12
NQV-77556811-7683,1,1,12.2023,321.9433,JPY,SELL,2026-05-31
NSG-01260843-9055,11,2,33.2802,311.3240,CHF,BUY,2026-05-27
OXC-38053868-6177,8,8,1.2618,302.1654,JPY,SELL,2026-06-28
WCC-90237227-7036,14,10,31.7541,115.2773,JPY,BUY,2026-05-14
QSE-88411996-5699,13,6,96.8655,326.4801,USD,SELL,2026-05-24
BJY-54344932-8683,11,10,69.7087,59.8906,GBP,BUY,2026-05-29
GNO-53506892-9273,5,3,92.5844,64.3485,JPY,BUY,2026-05-26
UOT-32135803-1299,13,1,11.6149,84.7127,GBP,BUY,2026-06-08
HGL-22502278-6123,15,8,5.7584,357.4962,JPY,BUY,2026-06-01
YUX-02910710-4826,10,6,45.5342,403.6702,GBP,SELL,2026-06-06
EMX-10471542-1020,9,7,12.5498,396.9357,GBP,SELL,2026-05-20
ASF-80434749-7369,5,8,22.5753,424.7171,GBP,BUY,2026-05-31
OTV-46602873-5524,15,9,83.7046,119.0370,EUR,BUY,2026-06-03
WWA-24558279-9560,10,4,17.4213,21.9250,CHF,BUY,2026-06-18
NFI-86032497-6160,9,3,17.8495,28.1378,JPY,BUY,2026-06-26
YVA-65889059-6089,12,3,38.3938,211.1466,CHF,SELL,2026-05-17
CNP-51653871-4482,15,10,82.6170,464.5255,USD,SELL,2026-06-12
EGL-95879911-2016,8,9,83.7248,400.4663,USD,BUY,2026-06-03
VDL-34651706-5940,8,3,99.5319,89.1415,JPY,BUY,2026-05-20
EXF-19439179-3814,2,7,28.7652,355.0669,USD,SELL,2026-05-27
AOK-15874499-2559,3,5,34.5589,192.3870,GBP,SELL,2026-05-29
III-37295877-7313,4,5,45.2808,104.7317,CHF,BUY,2026-05-27
ZXR-28594287-0370,15,8,92.2536,227.1630,GBP,BUY,2026-06-23
FHZ-46659015-1622,11,8,58.9119,141.8464,JPY,BUY,2026-06-21
OGA-47124135-9093,13,10,10.4908,132.3747,USD,BUY,2026-05-22
GQL-20800959-8600,10,3,72.6827,468.6792,GBP,BUY,2026-06-16
LFQ-90490526-4746,5,8,50.0574,336.1696,EUR,SELL,2026-06-15
NKN-75247906-8085,12,6,42.7732,205.2680,USD,SELL,2026-05-23
CQJ-71866107-7286,8,6,43.4451,178.8474,USD,SELL,2026-05-22
ATB-10507161-5172,13,8,58.8191,286.1734,CHF,SELL,2026-06-21
PAZ-02946425-9719,12,5,47.2876,315.2304,CHF,BUY,2026-06-11
JWI-84416895-3527,5,6,25.0958,152.3444,CHF,SELL,2026-05-26
KKG-66449682-3072,7,7,33.6980,240.1729,EUR,BUY,2026-06-06
YDK-95148164-3057,2,5,39.5789,51.7676,GBP,BUY,2026-06-08
KHK-26355995-0736,9,3,42.6810,143.5420,CHF,SELL,2026-06-27
WMR-14047357-7611,5,2,21.3896,237.8506,GBP,BUY,2026-06-18
OMZ-85796417-5191,9,5,22.6165,415.2560,USD,BUY,2026-06-06
MGZ-14298310-0768,4,4,54.8701,445.7489,CHF,SELL,2026-06-26
SAG-05121257-6282,6,6,49.7547,164.1849,EUR,SELL,2026-06-04
CIR-95159430-5091,6,2,10.0825,67.4451,CHF,BUY,2026-05-24
AAY-73265207-5205,9,6,98.0126,235.4475,GBP,BUY,2026-05-21
KOR-50524290-1157,3,3,77.2407,37.7399,EUR,SELL,2026-06-17
WNG-04340251-7577,10,1,63.3760,57.6401,CHF,SELL,2026-05-12
DNI-49575380-2185,8,7,7.6614,189.1959,USD,BUY,2026-06-05
ASV-96450707-0689,10,6,17.6683,421.7984,CHF,SELL,2026-05-23
ZHL-59966322-2930,4,4,5.4781,38.1145,USD,BUY,2026-06-27
OUN-04409200-6131,12,9,54.3128,234.5427,GBP,BUY,2026-06-08
IKP-00564523-4923,3,6,75.5256,360.0617,EUR,BUY,2026-05-27
COX-15899540-2017,6,8,89.4215,370.3296,EUR,SELL,2026-06-28
TOU-73204119-0582,8,10,19.2590,203.3344,EUR,SELL,2026-06-04
FAM-61082160-9449,5,3,72.5101,378.7585,USD,SELL,2026-05-24
CVT-49266817-5993,3,5,78.3695,190.4986,CHF,SELL,2026-05-18
XKS-27272315-2983,6,10,10.3267,392.3923,CHF,BUY,2026-05-19
LTC-39471699-0058,8,2,81.6308,225.8146,CHF,BUY,2026-06-04
MNG-84270949-3373,2,4,70.8070,482.3423,GBP,SELL,2026-05-28
SJP-74156330-1324,15,7,42.8003,292.4148,GBP,BUY,2026-06-23
ELX-35684374-2021,13,4,69.6541,482.1502,JPY,BUY,2026-05-25
RTI-78954336-6745,1,7,58.5541,455.5126,JPY,SELL,2026-06-07
BUN-47834701-6224,7,10,69.5652,420.3824,JPY,SELL,2026-06-01
RZJ-22831565-4401,15,3,95.1102,120.4268,JPY,SELL,2026-06-01
SOT-92833998-4297,10,1,16.7065,368.6013,EUR,BUY,2026-05-24
UFO-74917694-2452,9,3,35.7212,47.4028,USD,SELL,2026-06-27
SFL-96632416-0214,15,10,69.1114,17.9023,USD,BUY,2026-05-25
JHM-09529562-0573,6,1,88.0731,73.6024,GBP,SELL,2026-05-22
WBC-57031206-1582,13,3,22.4041,419.9629,GBP,SELL,2026-05-25
AVW-81737407-4365,8,10,81.9357,15.4256,GBP,SELL,2026-05-26
IIF-20268052-9896,13,10,28.0119,227.9099,CHF,SELL,2026-06-01
APA-43821801-8081,11,6,69.8302,309.2678,USD,SELL,2026-06-06
THB-57246770-2213,9,4,74.9587,492.1356,USD,SELL,2026-05-18
ZJA-50173858-4870,5,8,90.3327,58.8283,GBP,SELL,2026-06-09
PIV-53629191-1322,10,8,3.5564,370.0852,GBP,BUY,2026-05-29
QPE-99335379-8681,10,5,16.2799,13.8780,CHF,SELL,2026-06-28
ZLR-78253020-9599,7,8,36.6755,271.4643,EUR,BUY,2026-05-29
YVH-95262851-0057,15,7,57.1854,279.9964,GBP,BUY,2026-05-31
SKI-10281303-7123,9,6,34.8444,338.0765,JPY,BUY,2026-05-16
ATV-22423894-9724,7,9,62.2354,54.7518,GBP,SELL,2026-06-20
YQI-17169531-6796,2,10,88.5039,133.3809,GBP,SELL,2026-06-25
IBP-10220063-4763,6,5,32.4744,264.3170,JPY,SELL,2026-05-21
JXH-33948268-8787,4,2,24.7245,276.8914,USD,BUY,2026-06-05
WGZ-31595470-6297,5,6,74.7844,361.3174,JPY,BUY,2026-05-24
XDC-72873110-0948,14,10,65.6489,115.9587,GBP,BUY,2026-05-24
OTD-45357619-8729,11,1,35.0142,436.5375,USD,SELL,2026-05-26
DFM-21285776-5045,7,1,70.9853,282.8428,GBP,BUY,2026-06-15
OFF-26845708-5035,15,9,81.7329,110.8874,USD,BUY,2026-06-19
OOT-31236651-6823,7,3,69.4004,122.9219,GBP,BUY,2026-05-19
CFA-50900354-0999,13,6,46.2471,475.3830,CHF,SELL,2026-05-25
RXS-57839984-0146,2,3,77.7405,100.9871,EUR,SELL,2026-05-25
UKW-70814998-2531,9,10,60.6966,280.0256,CHF,BUY,2026-05-14
EIB-82992304-2937,1,2,72.0706,74.4701,CHF,SELL,2026-05-26
NHA-09476191-7436,6,7,74.9101,10.0944,USD,SELL,2026-05-24
AKJ-51461012-8344,3,8,26.3383,173.1243,EUR,SELL,2026-06-20
UXR-93694504-7819,9,2,3.5520,288.2211,USD,SELL,2026-05-30
SAA-39659334-4679,6,6,56.8778,404.6123,GBP,SELL,2026-06-01
RQC-78479416-3924,15,5,45.6320,144.1429,JPY,SELL,2026-05-11
KLP-17900911-1444,6,2,69.9046,346.2432,GBP,BUY,2026-06-18
EDK-83663506-6888,13,8,76.7081,110.5963,CHF,BUY,2026-05-27
WLU-50940102-9825,10,6,39.4300,127.7980,JPY,SELL,2026-05-14
JNN-01118842-6457,6,8,96.7984,122.2678,EUR,BUY,2026-05-27
FUP-02343031-4437,8,2,70.1102,385.8243,CHF,SELL,2026-06-25
EPO-49858190-3954,7,10,54.2869,225.7843,EUR,SELL,2026-06-02
QOX-96872860-2246,9,9,21.1190,47.9584,USD,SELL,2026-06-09
UAI-59603804-7369,10,3,72.2340,126.4044,GBP,BUY,2026-05-16
YKT-21071766-2308,9,7,18.4646,387.5537,GBP,SELL,2026-05-23
FYS-15677413-0624,2,6,19.9148,219.4256,USD,SELL,2026-06-06
TJC-53500223-8869,6,7,20.2508,89.0145,USD,SELL,2026-06-08
ZHX-04583895-5404,13,4,6.6895,427.5806,USD,SELL,2026-05-29
KNJ-80610955-8793,6,9,53.1797,66.5130,CHF,SELL,2026-06-19
VUJ-59366792-5692,8,10,25.4208,116.6797,JPY,SELL,2026-05-19
CGN-58257882-9587,8,5,77.5078,175.0355,CHF,SELL,2026-05-29
RGG-17737224-5931,12,1,11.6986,243.1744,JPY,BUY,2026-05-29
ZNC-71305288-9129,6,7,56.3625,401.6624,CHF,BUY,2026-06-23
QSL-49397838-3021,5,6,35.6905,52.7491,GBP,BUY,2026-05-25
BNB-44569610-3684,5,7,23.3704,497.8104,EUR,BUY,2026-06-08
EJE-81127701-5480,15,4,79.4001,458.2840,EUR,BUY,2026-06-01
PCW-30441535-8387,1,3,88.3170,440.1816,USD,BUY,2026-06-03
FFZ-57446535-0868,3,10,7.1525,157.2802,EUR,BUY,2026-06-20
ICZ-77825837-2825,6,4,37.5861,51.5122,GBP,BUY,2026-05-31
JOH-71723999-8925,15,7,26.0114,116.6364,USD,SELL,2026-05-30
IGR-66095107-7893,11,5,36.1347,314.9940,EUR,SELL,2026-05-29
VIK-62200201-7024,10,1,59.0081,495.1038,CHF,BUY,2026-06-22
DQO-36544552-7580,9,9,26.1539,444.0275,GBP,SELL,2026-05-29
TBK-20735610-3852,8,7,89.8872,80.7059,JPY,SELL,2026-05-26
RPT-47491458-1414,11,7,79.0812,291.0110,EUR,BUY,2026-05-24
NPX-20075939-0753,1,10,79.1241,219.2494,EUR,SELL,2026-05-16
BYJ-04071741-8405,9,7,13.8686,273.7795,EUR,SELL,2026-06-18
TBT-39035200-5636,12,8,67.5988,225.4042,USD,BUY,2026-05-28
VZU-35364382-3229,1,2,48.8992,184.9482,GBP,SELL,2026-06-02
UAW-49397027-2561,5,10,11.6993,114.9345,CHF,BUY,2026-05-29
HRZ-04356449-4087,2,5,36.2043,29.1558,USD,BUY,2026-05-29
HDE-44002218-6126,2,10,1.4180,162.6281,GBP,SELL,2026-05-21
RNH-12387296-5578,5,5,50.5744,64.7830,CHF,BUY,2026-06-03
OZY-73347323-3329,7,1,97.8360,48.4154,USD,BUY,2026-06-21
YZA-33042080-9103,14,1,85.7232,176.7619,JPY,BUY,2026-05-21
GIY-82367781-2783,10,8,16.2061,122.3550,EUR,SELL,2026-06-11
SMM-90392103-2757,8,4,87.7476,353.6378,JPY,SELL,2026-06-11
HXV-38250742-7870,12,7,88.9841,424.8502,USD,BUY,2026-05-28
BDP-42738324-1509,9,5,77.7459,377.3443,EUR,BUY,2026-06-03
WEG-98823982-9237,8,7,30.2139,415.8613,CHF,SELL,2026-05-30
JZN-48501208-4799,4,6,64.0739,229.5365,USD,BUY,2026-06-08
IKH-45995772-2696,4,5,43.5340,408.3943,EUR,SELL,2026-05-23
USJ-48918400-3999,6,1,3.3267,74.1545,EUR,BUY,2026-06-21
MMJ-80254890-0362,3,3,5.6718,300.5324,CHF,SELL,2026-05-27
BGH-76389468-0780,10,2,9.6333,132.8653,JPY,BUY,2026-06-18
XXN-47195099-5246,2,8,46.1921,358.8066,USD,BUY,2026-05-22
TBO-73191382-7869,14,10,13.6800,153.2125,GBP,BUY,2026-06-14
EIX-15748350-7265,5,6,64.5981,311.2922,USD,BUY,2026-05-25
WZO-54508461-8351,15,6,71.5526,260.4167,EUR,BUY,2026-05-23
IHG-60834260-3790,2,1,66.4922,385.7647,CHF,BUY,2026-06-25
VKS-46323807-8736,11,9,1.2185,176.1801,EUR,BUY,2026-06-14
TBL-58007727-6728,9,5,3.7449,88.1503,EUR,SELL,2026-06-04
RMB-46449784-6445,12,8,6.8941,121.5456,JPY,SELL,2026-06-12
FJD-67052079-0899,8,10,39.2731,144.0570,JPY,BUY,2026-06-06
AAB-71736122-0210,8,9,44.7720,11.2046,JPY,BUY,2026-06-15
OTB-40389597-5635,7,5,2.8526,329.1666,USD,SELL,2026-05-29
UKR-85246599-3840,15,10,10.3580,313.7051,USD,BUY,2026-05-29
XAM-00943501-8575,12,6,15.6560,245.0535,CHF,BUY,2026-05-13
UAX-46742019-4059,12,7,32.8337,21.9726,JPY,BUY,2026-06-17
VID-41206754-4159,9,3,30.9297,342.4600,GBP,BUY,2026-05-10
XQH-28398955-3635,3,4,6.4228,52.2319,JPY,SELL,2026-06-14
YKJ-72614673-5301,2,7,87.3718,339.4322,JPY,SELL,2026-06-12
JLC-92499888-5582,1,10,22.7250,335.5781,USD,SELL,2026-06-02
EBS-35992168-1438,2,4,66.3663,388.3303,JPY,SELL,2026-05-29
DFA-09680867-9846,12,6,5.7365,93.3945,EUR,BUY,2026-06-03
MAD-86187681-0302,14,3,79.4137,339.9605,GBP,BUY,2026-06-01
VJF-38164934-2268,15,6,43.5706,371.2801,EUR,SELL,2026-05-29
UVT-09306232-8981,4,10,61.4460,184.0206,JPY,BUY,2026-06-03
KRV-15589003-0906,15,7,44.1387,78.2997,CHF,BUY,2026-06-09
ZDM-62791206-7533,14,5,71.1654,173.7191,GBP,BUY,2026-05-24
JFM-30259243-4926,4,7,34.2191,304.1071,USD,BUY,2026-06-03
DSL-76818944-2166,4,3,5.4626,136.7563,CHF,BUY,2026-05-27
VTM-71635876-6175,11,7,20.4488,298.3352,USD,BUY,2026-06-14
BRN-87572351-6341,4,1,95.7356,390.9966,EUR,BUY,2026-05-25
TAK-48766573-3730,2,6,51.6499,253.6885,JPY,BUY,2026-05-23
INX-29899993-4547,14,3,21.5724,40.5924,CHF,BUY,2026-05-29
ODO-80556031-7137,12,2,55.0102,160.3118,USD,BUY,2026-05-23
DRT-81108518-4706,1,7,37.6458,65.9719,EUR,BUY,2026-05-23
JXN-22095594-8506,12,3,66.2122,72.7358,USD,BUY,2026-05-28
ZGU-41650548-1143,15,9,36.7890,70.6683,USD,SELL,2026-05-25
PGP-38999069-6119,3,7,63.8006,35.5434,CHF,BUY,2026-05-28
XEO-84132703-1469,7,3,67.2393,57.8672,EUR,BUY,2026-05-26
MVZ-97806428-5509,6,4,76.5051,92.5052,GBP,SELL,2026-06-19
UTL-76140793-1772,1,7,42.6900,120.4706,GBP,SELL,2026-05-26
OOD-75364889-2283,1,10,2.8418,242.4135,CHF,BUY,2026-05-30
XBT-77114268-4726,4,7,49.2392,491.6387,JPY,SELL,2026-05-28
WVI-77242697-2641,8,6,2.6245,259.7479,JPY,BUY,2026-05-21
HJI-85359310-3094,10,1,9.5175,444.7830,USD,BUY,2026-05-31
CMB-02370522-4552,11,9,68.2620,272.2627,CHF,SELL,2026-05-30
CQR-49646978-8080,8,8,71.5993,302.5127,USD,BUY,2026-05-31
EID-72365793-4770,14,8,38.3572,355.3870,CHF,BUY,2026-06-28
RGW-90681997-4412,9,8,98.6728,481.8746,JPY,SELL,2026-05-13
YXW-47228200-6945,11,5,8.9998,330.3185,EUR,BUY,2026-06-01
UBS-86002390-8268,6,2,81.9426,25.3421,EUR,SELL,2026-06-01
VEI-66591143-4067,11,7,10.1535,410.2118,GBP,SELL,2026-05-29
XKF-25483902-1280,9,8,17.7780,392.6718,GBP,SELL,2026-05-19
PLG-77136720-9073,8,4,7.2988,168.4009,GBP,SELL,2026-06-05
SST-47116749-0804,3,5,14.8815,445.1355,USD,SELL,2026-05-20
JHE-93013842-9735,10,6,83.9294,311.3754,GBP,SELL,2026-06-07
AHR-73178352-0955,4,4,90.6136,303.1012,GBP,BUY,2026-06-01
OOC-71783587-3470,11,1,34.5409,460.8490,EUR,SELL,2026-05-21
HAR-85804216-1641,4,1,92.9574,404.5907,CHF,SELL,2026-06-14
BHP-23964073-0497,10,8,21.9072,178.0807,EUR,SELL,2026-06-01
ZRV-82435718-7327,1,8,27.4829,378.4409,CHF,SELL,2026-05-24
NUS-41505886-1432,14,8,56.9159,245.7305,CHF,BUY,2026-06-12
VLK-06363839-6567,2,1,76.3803,276.7556,EUR,BUY,2026-05-31
KCN-05750240-4112,14,2,5.8627,97.7830,EUR,BUY,2026-05-31
CPY-43048362-4030,12,9,60.4717,170.8447,CHF,SELL,2026-06-18
QLY-10554365-6058,5,1,4.2094,162.4853,EUR,BUY,2026-06-22
XYS-48685109-7285,15,8,87.6259,427.7940,EUR,BUY,2026-06-24
WNG-64050952-2628,8,6,5.7191,299.2197,JPY,SELL,2026-05-27
ZKI-45320099-5304,11,4,4.5336,207.5558,JPY,BUY,2026-05-29
JSF-70139727-7953,9,10,53.2573,412.8279,USD,BUY,2026-06-16
MTH-41333901-8916,6,5,9.7434,127.3227,CHF,BUY,2026-05-25
JQK-17274992-5486,9,6,96.6523,156.3799,EUR,BUY,2026-05-31
MBD-06509901-4025,11,1,34.1117,236.0484,EUR,BUY,2026-06-25
YKD-73686780-6083,14,1,21.3805,285.2777,CHF,SELL,2026-05-27
AYK-70407976-7123,15,5,88.5268,19.1465,JPY,SELL,2026-05-20
DPJ-26313849-3698,9,10,90.0358,61.3596,CHF,SELL,2026-05-22
SIU-29314608-7255,14,8,50.9249,211.3296,JPY,BUY,2026-06-01
UOI-33834384-4990,5,6,22.3927,304.5578,CHF,SELL,2026-05-22
ELW-43020051-5346,1,1,99.3237,27.0734,JPY,SELL,2026-05-21
DCL-76262134-5516,1,4,80.8453,222.9973,USD,SELL,2026-06-22
POS-08727973-4942,5,2,93.5085,53.6385,CHF,BUY,2026-06-03
GRF-40868125-0664,13,5,59.6398,260.2902,JPY,BUY,2026-06-03
LWK-24987100-9854,2,7,57.2420,50.0662,GBP,BUY,2026-06-18
JCI-88535415-4869,7,10,53.8836,425.3976,EUR,BUY,2026-06-13
CAZ-97923842-9738,12,8,38.1247,476.7870,JPY,SELL,2026-05-08
AJC-27893475-6567,4,6,13.7332,260.8837,GBP,BUY,2026-06-18
KED-59199322-7675,8,5,95.2183,474.4301,CHF,SELL,2026-06-23
YBV-73902500-6601,10,6,94.6279,256.6129,USD,SELL,2026-05-19
EOT-84054705-1473,6,10,63.7684,362.3955,GBP,BUY,2026-05-17
WPP-34551853-0371,7,5,3.1872,207.8428,EUR,BUY,2026-06-23
HXF-04662963-2553,12,7,8.2029,186.2699,USD,SELL,2026-05-28
YUT-70622602-9934,12,6,33.8237,256.2881,EUR,BUY,2026-05-20
TWP-01217492-8354,8,9,62.2436,340.6296,GBP,BUY,2026-05-27
XKU-67493853-3456,14,4,86.6979,466.2936,CHF,BUY,2026-06-01
BRO-60983976-6439,4,1,79.4443,86.4419,USD,BUY,2026-05-27
ZUJ-74413882-1065,11,6,65.0143,433.4545,USD,SELL,2026-06-06
RIF-44339173-1378,2,4,35.1595,377.7052,JPY,SELL,2026-05-31
KRC-65481696-7857,4,8,90.4023,215.8905,JPY,BUY,2026-06-26
BBJ-42473373-9082,8,9,22.2046,346.1260,CHF,BUY,2026-05-18
QNO-36979299-0815,9,3,31.7598,472.5206,GBP,BUY,2026-06-21
PQX-40005109-5894,13,8,89.9473,60.5202,GBP,BUY,2026-05-24
PMJ-21107086-5942,1,7,34.1170,130.3558,GBP,SELL,2026-06-11
USS-59037796-1304,8,5,23.1858,489.4958,EUR,BUY,2026-05-20
VUW-06123203-3619,15,9,67.1811,386.1422,CHF,BUY,2026-05-27
OYD-60802089-9129,12,3,72.5448,109.0686,JPY,SELL,2026-05-13
WRD-71629627-7900,3,10,66.6786,337.8906,USD,SELL,2026-05-30
VXQ-28717109-7581,14,5,74.5415,211.0626,EUR,BUY,2026-05-31
QUT-85322819-1017,14,1,93.7268,456.0340,USD,BUY,2026-05-31
XVF-97775983-9439,10,6,49.2502,461.6882,USD,SELL,2026-05-23
ACO-84820722-4466,2,1,6.5732,23.9199,CHF,SELL,2026-05-16
BUQ-60764357-2151,7,9,56.9343,134.1726,EUR,BUY,2026-06-05
QSE-41516274-4522,3,10,15.3052,340.2953,EUR,SELL,2026-06-10
SHG-43022531-8204,2,2,70.7005,230.8978,CHF,BUY,2026-05-25
GXO-88385730-7523,10,5,81.3785,280.6752,EUR,BUY,2026-05-22
BKN-62812100-7417,12,10,67.0945,480.3180,GBP,SELL,2026-05-26
LCE-62553862-5593,1,8,46.0814,124.6211,USD,SELL,2026-06-06
VLV-87279044-6480,10,7,23.2279,76.3743,USD,SELL,2026-05-24
DPG-64015639-6189,1,3,94.9233,54.3142,JPY,SELL,2026-05-30
OKM-91622715-4611,13,6,60.8900,413.5730,GBP,BUY,2026-06-16
IYE-98375032-0999,12,10,6.3060,53.8055,JPY,BUY,2026-05-24
GWN-28583779-1115,8,6,16.7118,467.0773,EUR,BUY,2026-06-06
MZY-42611528-7567,6,9,26.2555,144.2581,GBP,BUY,2026-05-29
LFQ-10936928-3102,1,5,57.6847,256.6513,GBP,BUY,2026-06-21
QHG-03371957-0712,8,7,88.4185,435.0702,USD,SELL,2026-06-01
KEA-49078868-4942,2,5,79.8309,418.4204,CHF,SELL,2026-06-03
LTU-44745133-3778,6,4,53.3900,474.0512,USD,SELL,2026-06-05
BKN-56842148-1765,2,5,80.7039,322.1845,EUR,SELL,2026-05-23
PNU-64104050-8290,6,7,34.4576,65.1628,EUR,SELL,2026-05-16
DSA-21774057-1617,6,8,18.6938,357.7470,CHF,BUY,2026-05-23
FML-16664785-0513,11,4,71.2709,484.9563,GBP,SELL,2026-05-25
AKA-73495838-7304,10,10,59.9906,147.9363,GBP,BUY,2026-06-01
VPW-60504385-5219,5,1,22.4735,295.8863,CHF,SELL,2026-06-23
NTA-92104539-8704,12,2,41.3968,439.6281,EUR,BUY,2026-05-20
XFS-41512803-5427,12,10,41.6120,62.8016,EUR,SELL,2026-05-30
WDS-85234917-4304,6,5,19.0175,42.4953,USD,SELL,2026-05-27
PRL-60534293-4407,13,5,9.5837,476.2157,EUR,SELL,2026-05-31
DVV-39956393-1183,3,6,30.7025,10.9703,GBP,SELL,2026-05-31
KMT-69367128-1788,1,10,40.6704,19.1023,JPY,SELL,2026-06-01
PTO-74740277-0010,6,6,40.9408,336.7450,GBP,BUY,2026-05-13
MZW-74067271-2231,10,2,42.6073,498.4340,CHF,BUY,2026-06-07
XZD-32334787-5027,6,6,9.8870,488.5287,EUR,SELL,2026-05-22
PZF-44760626-3377,5,3,77.6152,100.9080,GBP,BUY,2026-05-27
OHB-60033479-3147,5,6,23.9746,407.9649,EUR,SELL,2026-06-21
HVJ-57385771-4776,2,3,99.4716,287.6274,JPY,SELL,2026-06-06
BIA-88503632-0036,1,8,28.0029,238.3739,USD,BUY,2026-06-18
ZYZ-37735889-7076,6,1,40.0576,318.3090,CHF,BUY,2026-05-31
KUL-79710005-8766,3,6,65.9494,173.7528,CHF,SELL,2026-05-29
UVZ-13213390-2033,14,10,41.5272,79.0545,CHF,BUY,2026-05-31
GJX-98784082-6508,1,6,64.4963,59.7872,EUR,SELL,2026-05-24
KJR-37058651-3554,7,6,62.0316,488.1448,GBP,BUY,2026-06-03
GPY-60616923-4754,11,7,6.9246,138.9608,JPY,BUY,2026-05-29
TPU-81252636-1080,12,5,5.5749,186.5574,EUR,SELL,2026-05-23
SKN-12200461-2745,3,7,74.2597,372.1432,EUR,SELL,2026-05-24
PLV-10992634-0777,12,7,77.4553,250.4171,JPY,BUY,2026-06-10
CYP-20095439-8728,15,9,59.8305,62.7926,CHF,BUY,2026-06-27
EIF-33227289-2229,6,8,31.8495,79.1672,EUR,BUY,2026-06-11
SPN-90625540-0508,8,1,26.2489,345.4470,EUR,SELL,2026-06-14
DAC-50879533-1520,9,7,6.8074,160.4101,CHF,BUY,2026-05-23
YGM-84917528-8144,6,6,52.9038,331.9243,USD,SELL,2026-06-24
ORF-41397471-1639,13,1,70.7121,370.7502,JPY,SELL,2026-06-05
WDE-14824280-9386,9,9,77.5848,27.3956,GBP,BUY,2026-06-01
KRP-42140191-0843,3,7,74.0042,218.7344,EUR,SELL,2026-05-26
DTJ-93985281-9176,8,1,24.4690,280.9523,JPY,BUY,2026-06-13
HOF-91045862-2246,3,3,86.7504,203.5320,EUR,BUY,2026-05-27
CEF-69918724-0388,11,4,34.6591,37.0801,EUR,SELL,2026-05-31
HJL-58976051-3217,8,4,28.8125,372.7791,CHF,BUY,2026-05-28
IIX-77657272-1569,5,8,91.2626,365.6822,JPY,BUY,2026-06-13
FFI-22652517-2482,4,3,32.4370,99.8946,JPY,BUY,2026-05-23
GMA-17408131-6205,9,4,64.0680,456.1384,JPY,BUY,2026-05-29
DOF-02793650-0616,15,8,56.4754,406.2889,EUR,BUY,2026-06-09
WGC-39188464-9746,12,8,13.3719,10.7399,GBP,BUY,2026-05-30
EMH-95779869-3042,13,1,51.8424,193.5232,CHF,BUY,2026-05-26
XYR-34676021-3231,4,5,89.2897,302.0863,JPY,BUY,2026-05-30
LBL-09830236-7380,2,1,45.8425,483.6393,JPY,BUY,2026-05-26
VWS-05276172-2396,12,5,88.1701,146.0739,JPY,BUY,2026-05-27
ICZ-88312720-2733,3,3,94.9368,212.1016,JPY,SELL,2026-05-21
TUL-05883053-3286,5,1,62.0003,403.3933,CHF,SELL,2026-06-01
RRT-72357417-0322,9,6,16.9516,339.5528,CHF,SELL,2026-05-28
MMC-21046796-3878,2,1,56.7925,190.8829,CHF,BUY,2026-06-22
JDN-88142430-5312,10,5,85.1054,117.4909,CHF,BUY,2026-05-25
PFP-15930604-8627,14,10,78.3604,342.1369,CHF,BUY,2026-05-30
XQT-06717766-0330,12,10,43.1039,382.8424,CHF,BUY,2026-06-21
ZAX-09704101-1977,10,1,92.1702,87.3543,EUR,BUY,2026-05-24
WSF-41986132-5106,10,9,59.4345,209.0160,GBP,BUY,2026-06-12
DEW-51693854-9977,4,6,12.3068,50.0880,GBP,BUY,2026-05-15
KTB-01402870-5376,5,7,84.9209,168.6401,USD,BUY,2026-06-25
KCI-75350185-3098,8,3,99.8424,165.3147,GBP,BUY,2026-05-23
JQX-27193195-0862,7,9,24.2303,350.4835,GBP,BUY,2026-06-19
YGF-42064298-0177,14,2,56.6011,280.8809,GBP,BUY,2026-05-20
RBT-56193327-4407,6,2,38.8324,348.1249,USD,BUY,2026-05-13
PRJ-65094405-4689,15,8,85.2308,441.6716,GBP,SELL,2026-06-28
HVY-51118966-8526,10,8,14.3059,355.1150,USD,BUY,2026-05-31
IWO-64950224-8554,1,9,13.2601,305.0359,USD,BUY,2026-06-03
EOF-95209293-6528,12,7,55.8922,430.0568,GBP,SELL,2026-05-12
SZK-56473328-1756,13,3,41.0786,387.1396,EUR,BUY,2026-05-30
IVL-32449791-8574,12,5,63.3261,121.8793,USD,BUY,2026-05-31
PUI-98569004-4092,7,9,88.2631,398.4284,JPY,BUY,2026-05-26
KXX-84665348-6384,11,9,77.6923,471.7012,GBP,BUY,2026-05-17
MPT-73811751-8059,5,6,92.8045,137.4962,EUR,SELL,2026-06-24
EFR-70834719-5979,6,3,51.9880,162.5756,USD,BUY,2026-06-19
OFV-86485608-7669,11,4,54.2561,264.3869,EUR,SELL,2026-06-05
XGA-07617596-1242,10,10,35.2830,449.4573,GBP,SELL,2026-05-28
PPI-67250850-3377,8,9,56.0797,242.7454,EUR,SELL,2026-06-19
WCN-84091760-0311,10,8,41.6197,266.9100,CHF,SELL,2026-05-10
DWW-37980919-4728,10,3,6.2337,36.6678,JPY,SELL,2026-05-28
FOH-12250453-9997,3,10,38.4551,235.5144,USD,SELL,2026-05-20
DFT-72902747-4983,2,5,24.7668,275.9032,GBP,SELL,2026-05-19
RYN-66799898-0236,7,2,15.4513,451.7938,GBP,BUY,2026-06-16
SUZ-52478050-5385,14,2,57.1999,348.0297,GBP,BUY,2026-06-16
GNE-74351842-3603,2,3,50.5022,129.8823,EUR,SELL,2026-06-14
TTY-33601394-4020,2,3,40.7958,114.8282,USD,BUY,2026-05-30
GBZ-05872840-1284,11,9,86.4895,459.7373,CHF,BUY,2026-06-07
BMC-31106812-6874,1,7,88.3073,66.7776,GBP,SELL,2026-06-10
NPL-40725893-9560,14,2,8.3909,236.0615,JPY,SELL,2026-05-13
PBB-24381545-4796,14,10,37.0976,363.3290,CHF,BUY,2026-06-18
MLQ-52993413-4740,14,5,26.2904,486.1442,JPY,BUY,2026-06-23
CGN-83270446-0611,9,1,87.0550,262.1208,GBP,SELL,2026-06-22
GQN-09018059-7414,9,8,97.5580,192.7770,CHF,SELL,2026-05-27
PVS-87046662-2690,5,5,56.2562,400.0351,CHF,SELL,2026-05-23
VXA-04999015-0210,6,1,46.4699,216.8294,USD,BUY,2026-06-24
KGI-51936586-8323,10,2,41.9251,495.2556,CHF,BUY,2026-05-27
YRO-13598113-4270,4,3,34.4323,293.4572,CHF,SELL,2026-06-17
GVX-95953440-3764,5,8,31.1555,93.5349,USD,SELL,2026-05-31
ASA-46367146-1837,13,3,1.5127,284.0904,CHF,SELL,2026-06-09
YHQ-49078333-7926,13,5,46.7326,153.0444,JPY,BUY,2026-05-23
EPI-44932392-8986,2,4,64.6050,163.8009,GBP,BUY,2026-05-21
FEE-16004985-9202,2,6,15.1665,464.4669,CHF,BUY,2026-05-13
MJP-71986335-2877,9,7,91.0819,192.9415,EUR,SELL,2026-06-04
SYW-95011405-5022,13,3,39.9576,199.1169,GBP,SELL,2026-05-15
MSU-57362285-2182,9,2,68.6106,461.9205,CHF,SELL,2026-05-16
NSS-24535836-1806,15,2,20.7961,454.2412,EUR,BUY,2026-05-21
JHO-36277057-9789,8,10,40.0261,267.9679,JPY,SELL,2026-06-26
LGZ-32353745-8863,8,5,20.0134,374.6718,CHF,SELL,2026-06-16
AOI-56636260-2107,11,7,73.3936,86.4721,EUR,BUY,2026-05-27
WSC-71365087-3917,8,3,79.3363,304.5291,GBP,BUY,2026-05-23
VSD-35418474-5834,15,7,77.2331,213.3734,CHF,BUY,2026-06-17
ARK-75794107-8997,1,10,52.7849,484.0962,JPY,SELL,2026-05-30
HXT-27281673-3963,7,7,89.4957,435.0241,GBP,BUY,2026-06-23
VOO-04867401-6600,1,2,74.6968,108.9363,CHF,SELL,2026-05-21
CAI-11921028-7496,15,8,20.1057,367.7712,EUR,BUY,2026-06-06
MSB-64805862-2407,4,1,76.7636,330.2506,GBP,SELL,2026-05-25
TCH-79322194-7073,8,7,63.4764,330.7341,EUR,BUY,2026-05-22
PXA-37371955-8484,6,2,62.4093,444.3073,JPY,SELL,2026-06-03
PIY-24054360-4361,7,10,54.1338,434.9290,EUR,SELL,2026-05-26
HEA-11635780-5011,9,2,58.1931,154.3602,EUR,BUY,2026-05-27
ZQC-11973567-6521,9,10,3.0909,258.5052,CHF,BUY,2026-05-19
IJS-36760788-1616,4,8,40.8965,208.9843,EUR,SELL,2026-06-09
CLU-40444157-6600,2,6,60.3077,36.0289,CHF,SELL,2026-06-28
NIW-81536292-1168,3,4,51.8249,291.4540,JPY,BUY,2026-06-06
VHN-94026971-2074,14,4,43.3104,476.6399,USD,SELL,2026-06-01
AYI-66332443-0720,12,7,62.1028,29.0020,USD,SELL,2026-06-26
IJV-85936999-1351,15,8,94.2545,323.6436,JPY,SELL,2026-06-20
FXX-06807593-8515,12,6,39.7910,492.8817,CHF,BUY,2026-06-11
IAL-12455498-6461,15,2,57.7459,301.4998,CHF,BUY,2026-05-27
AMT-11852494-9963,5,3,85.0106,256.2188,CHF,SELL,2026-06-12
RJI-50413172-5615,7,3,92.8976,188.8289,USD,SELL,2026-06-24
KDJ-49585508-8569,15,5,70.9253,441.8066,EUR,BUY,2026-05-25
DVV-41841437-6329,1,7,24.0019,339.8288,CHF,SELL,2026-06-18
BAN-58689144-5673,10,8,56.1604,141.8458,CHF,BUY,2026-05-25
JGT-07803777-4464,2,9,64.9508,290.8407,EUR,BUY,2026-05-25
QXY-24435792-7112,14,4,61.9919,286.1075,JPY,SELL,2026-05-28
XGC-16891873-1493,6,9,33.2585,211.5861,EUR,BUY,2026-06-02
XRF-86664553-2989,3,7,28.6095,437.3605,EUR,BUY,2026-06-23
GGK-19472875-9804,5,8,28.8404,228.5867,JPY,SELL,2026-06-20
MSE-56979916-7479,11,8,17.4508,27.4974,JPY,SELL,2026-05-22
VWQ-49513106-1887,10,10,92.4522,495.9051,EUR,BUY,2026-05-29
XFV-48186742-1781,6,2,41.0209,311.0081,EUR,BUY,2026-05-22
RLG-82228042-7293,13,9,18.2644,379.4592,USD,SELL,2026-06-04
HEW-14983750-1466,13,4,36.0966,64.9293,CHF,BUY,2026-06-15
KOE-66711304-8411,13,6,9.0266,279.3330,EUR,BUY,2026-05-25
FUQ-54509485-0104,13,2,5.6196,383.4309,USD,BUY,2026-05-27
JRI-49331888-5285,4,4,92.5385,374.8031,JPY,BUY,2026-05-30
UYR-36080588-0555,12,10,74.8944,20.4360,USD,SELL,2026-06-08
NTI-20018386-9887,10,5,52.9134,64.9570,EUR,SELL,2026-05-25
LUB-89513291-0142,9,4,96.7950,345.0716,GBP,BUY,2026-06-05
SBT-75662997-9416,15,2,34.0251,392.9012,CHF,SELL,2026-06-27
TSB-04567533-1356,11,10,63.6688,214.3856,CHF,SELL,2026-06-07
HZJ-60832995-8531,11,1,4.9553,362.3823,CHF,BUY,2026-05-27
QWC-08103688-0665,1,4,56.4737,236.2527,JPY,BUY,2026-05-27
XQG-87850598-1487,5,4,44.4936,225.2298,GBP,SELL,2026-06-01
YAZ-22933824-0433,5,3,51.9050,187.3413,GBP,SELL,2026-05-28
DZP-23478711-3202,8,5,3.6764,471.7110,JPY,BUY,2026-05-24
GQK-49353595-9110,14,7,26.5750,389.8452,JPY,SELL,2026-05-31
KMW-87611968-5054,3,5,8.7927,126.9305,EUR,BUY,2026-05-29
ZOU-36922171-2225,6,8,20.9935,456.3222,CHF,BUY,2026-05-24
QSC-12574726-7394,14,7,23.8487,441.3194,CHF,BUY,2026-05-29
WEX-42387420-4208,13,8,52.4957,387.0993,CHF,SELL,2026-05-18
BWI-31748774-7955,6,2,22.7780,162.9295,USD,SELL,2026-05-29
SZI-39943159-2606,13,10,76.9777,38.0737,GBP,BUY,2026-06-18
AAS-95435757-1047,15,4,87.2949,373.6063,GBP,BUY,2026-05-28
GFV-59906854-4695,7,2,14.6441,167.7341,GBP,BUY,2026-05-23
BNM-72984831-3985,9,8,52.3256,80.3495,GBP,BUY,2026-05-23
RYS-12794022-9797,3,1,54.3460,432.9395,GBP,SELL,2026-05-14
VAM-49389662-8841,8,1,96.2437,108.3497,GBP,SELL,2026-05-21
QIP-48930766-0716,7,4,61.8371,18.4064,USD,SELL,2026-05-21
JYB-51244174-5335,15,5,55.5433,425.2242,EUR,SELL,2026-05-30
VKU-01156957-5274,5,2,99.7934,336.8121,EUR,BUY,2026-06-04
XMZ-03903922-8926,4,1,98.8871,454.8078,USD,BUY,2026-05-23
XBJ-93311039-3032,10,9,7.3820,174.8663,EUR,SELL,2026-06-24
AKC-31069127-5264,7,7,18.5960,91.1771,USD,BUY,2026-06-03
ZZW-53344703-8080,3,8,64.0235,462.1929,USD,BUY,2026-06-21
XBJ-48046344-2408,3,7,62.0863,79.3132,EUR,BUY,2026-06-16
OPN-89041542-9146,7,8,10.9248,378.8828,EUR,SELL,2026-06-03
EAK-15782394-8025,9,10,14.7463,164.0742,EUR,BUY,2026-05-18
PGT-26134210-8133,11,6,47.7062,432.7535,USD,SELL,2026-05-13
YQO-09833985-5054,13,9,7.7886,405.3208,USD,BUY,2026-05-25
CTM-61629963-4070,13,5,40.2082,41.0506,JPY,BUY,2026-06-04
FOF-80270535-8115,9,4,53.6733,161.9410,CHF,BUY,2026-06-04
IRT-23198284-5106,4,10,96.1333,190.0438,GBP,SELL,2026-06-10
VJY-93940796-3093,13,9,85.3280,374.5406,GBP,SELL,2026-06-15
EWG-74053612-6960,12,9,77.4379,149.8221,GBP,SELL,2026-06-16
OUO-41285680-8655,6,5,67.8807,57.0159,EUR,BUY,2026-06-12
EQF-08441486-8172,14,6,97.3678,176.0991,USD,SELL,2026-05-21
FNV-30121346-9035,2,8,90.7422,145.5391,EUR,BUY,2026-06-02
VUV-92335998-3931,1,10,59.1475,363.6281,GBP,SELL,2026-05-26
MOI-63870952-7746,14,4,66.1773,211.8070,GBP,SELL,2026-05-24
VRM-42572967-5790,7,7,75.4396,213.3567,EUR,BUY,2026-06-06
DWX-15138154-1091,8,10,57.5723,414.7602,JPY,SELL,2026-05-29
BFQ-78382368-4554,1,2,95.7505,326.9178,EUR,BUY,2026-05-28
ORF-76434876-9058,3,7,7.6756,252.3863,EUR,SELL,2026-06-06
EHQ-77926945-9231,12,4,4.8054,51.3100,GBP,SELL,2026-05-25
PNM-42480439-2163,10,10,61.5100,376.6038,CHF,BUY,2026-06-01
AXW-91835453-6795,4,4,27.8924,296.3817,USD,BUY,2026-05-26
FAD-03413567-9005,2,4,93.9466,424.8556,CHF,SELL,2026-06-08
AJR-33504849-3770,11,8,27.4941,311.9258,CHF,BUY,2026-05-31
YHU-65658769-0129,12,4,39.8301,206.7411,CHF,SELL,2026-05-24
TOE-11817262-4513,14,2,88.7964,403.2397,EUR,BUY,2026-05-28
RNR-83727896-7719,8,5,81.4669,189.6749,USD,SELL,2026-06-18
WFK-38743823-4980,3,2,79.6619,148.4876,EUR,SELL,2026-06-02
ARQ-82852678-0944,4,6,93.9520,181.5399,EUR,BUY,2026-05-14
BVH-06694820-6124,1,4,8.0268,480.0807,USD,BUY,2026-05-16
QKL-54681204-5194,2,2,37.6397,413.4293,EUR,BUY,2026-06-03
WAA-12078652-9062,9,7,68.4549,257.6357,EUR,BUY,2026-05-25
TOR-44598980-1005,9,1,4.9395,198.4726,USD,SELL,2026-06-16
JLV-64249631-8105,13,10,30.1679,151.7646,USD,SELL,2026-06-16
HRN-54740893-8412,12,9,1.7167,230.7522,USD,SELL,2026-06-04
LHL-53306271-8974,11,8,59.4089,489.9595,EUR,BUY,2026-05-25
TVN-60984950-1182,11,5,68.7274,355.7207,EUR,BUY,2026-05-27
JPZ-29938134-1522,6,5,95.4364,115.1377,USD,SELL,2026-05-30
WSE-34709818-2746,9,6,47.1897,419.0318,GBP,SELL,2026-05-17
XMR-50572736-4186,3,3,95.9202,397.4996,JPY,BUY,2026-05-30
ZYG-52525502-6446,12,9,89.5870,412.7892,EUR,BUY,2026-06-06
YYJ-26005819-6887,4,3,87.1582,373.7645,EUR,BUY,2026-05-25
WTL-14818254-3832,2,6,86.4719,34.1789,JPY,BUY,2026-06-14
ILF-72568147-8169,3,4,25.2847,264.8983,GBP,SELL,2026-06-06
BFG-31010766-1283,9,8,59.1636,308.7333,GBP,BUY,2026-06-25
DKZ-95975334-6434,3,3,57.5667,160.4598,USD,BUY,2026-05-27
BWE-93703467-1857,6,8,81.1184,76.2685,EUR,SELL,2026-06-11
EUC-85450467-9476,8,10,83.0270,269.6942,JPY,BUY,2026-06-14
VNQ-07509566-4174,2,8,97.7697,258.5945,JPY,BUY,2026-06-12
HMC-67123471-4016,7,3,17.2245,108.9987,USD,BUY,2026-05-28
NOR-30856509-6246,3,2,85.9342,306.2343,GBP,BUY,2026-06-04
WTC-37241210-6929,11,9,52.3118,52.3779,USD,BUY,2026-05-24
ZVC-04959780-3156,13,7,29.9505,456.1356,CHF,SELL,2026-05-23
JEA-09989888-1632,2,7,3.3863,328.1365,EUR,SELL,2026-06-07
UGW-06835478-7258,4,7,51.5709,360.0760,CHF,SELL,2026-06-23
LWZ-20799619-8112,14,9,46.8326,299.4238,CHF,BUY,2026-05-18
ZUG-26669740-7805,6,4,30.3734,111.6864,EUR,BUY,2026-06-09
TZZ-81202585-7591,7,1,60.5229,304.7454,GBP,BUY,2026-06-05
OKR-33344143-6108,3,7,33.7125,358.5960,EUR,SELL,2026-06-04
RZW-75428082-0460,15,10,86.0077,487.4765,USD,SELL,2026-05-27
UYL-32369365-0998,8,3,9.6828,129.3716,USD,SELL,2026-05-27
AUT-95624032-1087,5,1,84.2713,32.7689,JPY,SELL,2026-06-10
EZM-91188990-0024,4,3,18.8041,362.8103,JPY,SELL,2026-06-11
BKU-77552976-6256,10,10,78.9460,444.3063,GBP,SELL,2026-05-29
HVJ-87155255-5426,7,1,61.8039,162.7290,GBP,SELL,2026-06-12
QFF-09849443-2419,13,9,21.8975,497.3256,USD,SELL,2026-05-12
AWC-51186748-7377,10,7,5.3425,295.7106,GBP,SELL,2026-06-05
JAD-28695691-4394,11,5,70.2145,461.7518,GBP,BUY,2026-05-25
GUA-02198041-2192,1,3,90.9120,50.5896,USD,BUY,2026-06-03
YJV-82711925-8394,3,2,22.4557,73.3124,EUR,SELL,2026-05-29
JAM-77239582-6441,6,4,21.3595,185.8254,CHF,BUY,2026-05-23
API-86772485-1476,11,4,91.7260,486.2985,USD,BUY,2026-06-29
TAG-12502145-0726,11,3,47.5543,362.2824,CHF,BUY,2026-05-20
MHN-78959317-8440,3,9,41.9060,404.4658,CHF,SELL,2026-05-18
UVV-35559184-6422,5,6,2.8988,170.4919,JPY,BUY,2026-05-25
BMN-76084172-9202,1,5,50.9226,70.5390,USD,BUY,2026-06-05
XTQ-20221783-7805,5,10,78.6726,453.7339,CHF,BUY,2026-05-30
PFB-44188703-2638,11,7,44.2292,469.5238,EUR,BUY,2026-05-18
CXJ-99023581-8712,12,8,84.6151,76.9765,USD,SELL,2026-05-24
PCO-73119798-4189,3,8,54.1867,292.6206,EUR,BUY,2026-06-05
CRX-88744675-4689,12,5,85.1251,283.8261,CHF,BUY,2026-05-17
KXS-55956195-3378,15,7,22.8337,361.6620,CHF,BUY,2026-05-26
IUQ-85149636-7945,4,3,54.8026,99.3568,CHF,SELL,2026-05-26
XAY-90781211-3584,6,10,30.7898,471.5890,CHF,BUY,2026-06-09
CBD-43909747-0006,1,9,45.5397,216.1442,EUR,SELL,2026-05-28
CBM-87735682-6017,12,10,22.2809,200.2427,GBP,BUY,2026-05-14
UZV-69528439-6643,15,10,55.8644,368.4047,GBP,SELL,2026-05-23
QVD-33382540-4755,14,7,90.5781,222.1353,USD,SELL,2026-06-02
HYW-26455876-6527,6,1,35.5342,464.9127,JPY,BUY,2026-05-20
WAZ-01891031-2824,4,1,10.7665,388.6217,USD,BUY,2026-05-26
JAP-08234546-5148,13,4,16.6966,371.9555,GBP,SELL,2026-05-23
BCH-48546504-8072,15,1,18.7589,321.1206,EUR,SELL,2026-05-30
LMC-42963983-8316,12,3,5.8286,324.2503,USD,SELL,2026-05-24
XLO-21312066-9881,14,2,67.4267,488.9020,GBP,SELL,2026-06-02
NEA-47744866-7475,12,10,70.4138,57.5598,GBP,SELL,2026-06-18
QRW-89460886-1717,5,1,44.3145,275.5724,JPY,BUY,2026-05-19
GRB-07980277-9683,13,5,41.0785,354.8455,GBP,BUY,2026-05-29
JXC-77930128-4848,6,5,54.6528,330.5986,CHF,BUY,2026-06-12
MVJ-83061453-3540,2,3,78.0565,206.5916,JPY,SELL,2026-06-15
TGR-60486582-3634,7,1,49.0661,451.7273,JPY,SELL,2026-05-28
LCO-52580248-8891,4,6,58.3514,60.0267,EUR,BUY,2026-06-24
GVD-74476205-9411,12,8,83.8080,450.2470,GBP,SELL,2026-05-24
JSC-32760425-3915,11,5,13.7501,394.0151,GBP,SELL,2026-06-13
VMD-32027257-1212,14,3,57.3092,140.4082,USD,SELL,2026-05-15
NWE-05139789-5859,12,3,50.5881,413.9006,CHF,BUY,2026-06-01
MRV-73889307-1671,8,5,7.3288,396.6223,CHF,SELL,2026-05-22
PDB-44980136-6409,11,5,4.2203,15.8752,CHF,SELL,2026-05-20
DHZ-85379265-0035,2,5,33.2800,368.7557,JPY,SELL,2026-06-29
ZNI-54237387-7045,6,8,69.1373,222.1629,USD,SELL,2026-06-04
OYY-59048203-1824,15,6,97.1152,216.9413,JPY,BUY,2026-06-15
PQE-51983236-4422,12,3,73.5216,13.1168,JPY,BUY,2026-05-23
JOM-00940197-9499,2,1,81.9025,438.7876,EUR,BUY,2026-05-19
CYG-81898102-1912,3,7,57.0709,440.7250,CHF,BUY,2026-06-13
WYC-62743006-6375,7,8,93.3637,189.6609,EUR,SELL,2026-05-14
DIQ-38212082-8876,8,10,99.6725,162.4078,USD,BUY,2026-06-09
DHG-94240001-4108,1,2,70.5661,486.2314,EUR,SELL,2026-06-04
IBB-75805978-6606,6,3,65.4175,436.1013,CHF,BUY,2026-05-25
DNV-33550206-5558,14,4,37.6437,278.6634,USD,BUY,2026-05-29
POZ-53186095-2744,7,5,18.4643,375.6971,CHF,BUY,2026-05-24
TXH-11824897-9482,3,8,6.1939,107.3342,GBP,BUY,2026-05-17
VWE-58239515-3080,12,6,42.1985,253.9196,GBP,BUY,2026-05-24
FZS-49400224-3378,15,10,26.1583,214.6498,CHF,BUY,2026-05-29
YPF-97612469-1516,4,6,58.1195,347.0285,CHF,SELL,2026-05-21
UEF-89537993-1423,7,9,51.6755,115.3119,CHF,BUY,2026-06-03
CKJ-49309929-1911,9,10,94.2469,20.5900,CHF,BUY,2026-06-05
UGB-74623512-9227,7,4,36.0198,167.9732,CHF,SELL,2026-05-24
DKU-73477891-1324,8,5,68.9122,428.0045,EUR,SELL,2026-05-25
XVK-11330042-8352,10,1,89.3407,264.6996,USD,SELL,2026-05-24
YZQ-98230715-5451,1,8,2.2889,221.4457,EUR,SELL,2026-05-30
AGX-76590339-0276,9,10,94.6568,444.7988,CHF,SELL,2026-06-24
GZZ-55995583-1289,3,3,95.5819,113.4310,GBP,BUY,2026-05-24
VBD-12897790-0276,12,8,25.2982,171.7876,JPY,BUY,2026-05-31
YJW-35583900-8151,7,9,81.5351,68.0291,USD,SELL,2026-06-01
VSL-72676907-0848,8,3,43.7771,101.4435,USD,SELL,2026-05-26
OLO-27079522-2108,8,9,38.4179,128.3737,USD,SELL,2026-06-21
LWP-61408932-7433,9,6,43.8676,393.9072,USD,SELL,2026-06-28
DZZ-16759416-0830,3,5,46.2205,356.9961,GBP,BUY,2026-06-22
YZE-13207736-6852,9,5,65.9020,111.3961,GBP,SELL,2026-06-01
NPW-95553223-8152,8,10,9.5266,11.5254,GBP,BUY,2026-05-26
HVI-13331480-1492,10,1,37.8363,118.6256,USD,BUY,2026-06-20
IIV-40765186-0943,8,10,57.4207,381.2932,JPY,BUY,2026-06-28
IXT-34005887-8178,3,5,77.8554,295.4453,GBP,BUY,2026-06-25
VSO-19843570-2819,11,2,37.3459,126.0104,EUR,SELL,2026-05-30
QSP-73730055-1361,3,9,42.8361,466.9175,CHF,BUY,2026-05-27
YVG-48559132-9875,4,4,34.7321,444.3847,EUR,BUY,2026-06-03
GLK-86848979-2961,4,8,92.0808,184.9834,GBP,SELL,2026-05-28
WVV-79648752-7145,5,4,60.6682,196.0351,EUR,BUY,2026-06-18
UIZ-66034155-6424,14,2,11.0351,234.8563,CHF,BUY,2026-06-05
LON-63490259-9546,8,1,76.7931,382.8035,USD,SELL,2026-06-06
QCP-53476544-5835,2,7,78.6688,339.3597,GBP,SELL,2026-06-04
BQD-60966655-0251,15,3,60.5048,445.8215,USD,BUY,2026-05-20
FDP-29302957-9058,1,1,51.7464,487.8626,USD,BUY,2026-05-19
YVC-26785356-0220,1,5,96.4152,108.5968,GBP,SELL,2026-05-30
UVC-17910231-7331,1,10,63.4688,179.7708,USD,BUY,2026-06-13
LCY-24884197-4083,3,4,24.4396,313.7751,JPY,SELL,2026-06-08
ZRP-31222807-0299,11,6,15.2648,77.9462,USD,BUY,2026-06-27
GKR-63973044-9847,4,1,58.8971,117.9437,JPY,SELL,2026-05-29
GMT-72256962-3924,7,2,62.3956,113.3493,GBP,BUY,2026-05-13
DJN-88076737-9989,10,6,80.9591,468.1348,USD,SELL,2026-06-24
ATH-76395980-0865,9,2,74.0810,28.3805,GBP,BUY,2026-06-02
SEY-84075338-7778,8,1,65.2016,483.4102,CHF,BUY,2026-05-26
BJB-05695721-2508,10,2,52.5831,466.0302,EUR,SELL,2026-05-31
DZU-97207950-5554,11,3,25.2852,376.5704,CHF,SELL,2026-06-14
TIN-65411219-1062,7,7,96.4821,495.4479,CHF,BUY,2026-06-21
XWB-30231277-3156,1,2,35.2431,133.7284,JPY,BUY,2026-06-25
YIL-73224068-4331,4,4,22.0717,407.4913,USD,BUY,2026-06-08
TDX-98666813-9219,13,9,13.7767,428.0637,EUR,BUY,2026-05-22
YWF-85884197-6940,4,10,35.7918,318.2330,USD,BUY,2026-05-27
IXM-20207680-5948,2,5,88.0120,129.3245,EUR,SELL,2026-05-21
BFN-86353361-8560,2,1,2.9896,329.5712,GBP,SELL,2026-05-21
OPF-54997406-6731,3,9,93.3310,130.6680,GBP,SELL,2026-05-26
ZJD-38390131-0460,1,8,81.5042,297.4157,CHF,BUY,2026-06-22
DNI-45008419-1258,10,3,10.7047,302.1936,USD,BUY,2026-06-24
JVT-12541766-1095,3,8,78.4718,163.2406,CHF,BUY,2026-05-29
NXV-68774323-9450,7,7,69.5891,284.9595,GBP,BUY,2026-05-26
UWL-82945758-9052,13,4,97.3773,361.1084,USD,SELL,2026-06-20
HST-06416606-1700,14,10,19.3674,142.0158,JPY,BUY,2026-05-24
YVI-44773535-2604,5,9,37.7139,260.3819,USD,SELL,2026-05-26
VLK-56271448-0121,8,1,48.3774,128.3822,JPY,SELL,2026-06-17
ARU-66263549-2301,1,6,6.9079,357.1225,USD,SELL,2026-05-24
HXL-34163405-4870,12,8,79.2542,167.8867,JPY,SELL,2026-06-13
TZS-45294484-2625,5,8,6.7093,232.0866,EUR,BUY,2026-05-26
HUV-09144272-2602,14,1,37.6049,172.1305,CHF,BUY,2026-06-17
EIK-91271082-8983,6,6,77.9930,473.4634,USD,BUY,2026-06-04
YTV-57977908-5067,12,1,39.4496,264.9404,JPY,BUY,2026-06-05
HQK-23376341-5837,5,9,70.9981,205.0077,JPY,BUY,2026-05-29
VIZ-19414808-8609,1,2,61.1756,27.6057,EUR,BUY,2026-06-29
WTV-38504952-1376,13,8,55.8750,410.0158,CHF,SELL,2026-06-28
SHD-52422836-7713,14,2,99.6628,286.5658,JPY,SELL,2026-05-23
REL-21851135-5180,14,6,24.8263,233.7189,GBP,SELL,2026-06-26
XJE-86825954-7095,7,1,50.6703,87.6933,EUR,SELL,2026-05-30
LGN-09874170-7531,9,8,71.2997,51.2252,EUR,SELL,2026-06-19
OKH-00863390-0939,10,6,16.0592,15.7907,EUR,BUY,2026-06-28
DBF-46602375-3823,10,4,40.9692,211.4266,GBP,SELL,2026-05-25
GYI-09671526-1232,10,3,83.1641,23.1109,USD,SELL,2026-05-17
OFU-51475586-6199,1,1,83.5192,305.9175,GBP,SELL,2026-06-20
JER-15484850-0079,11,9,81.9185,207.2473,EUR,BUY,2026-05-28
MQK-69150784-5134,13,10,18.3957,33.4882,CHF,SELL,2026-06-16
CEW-39578892-4614,8,9,5.0374,190.0532,JPY,BUY,2026-06-09
VMO-60728841-0450,14,3,35.1203,312.4700,CHF,BUY,2026-05-24
DCM-89905378-7253,7,5,43.3989,476.3541,JPY,SELL,2026-06-02
YXL-57792997-0667,1,7,26.4290,287.1683,USD,SELL,2026-06-19
VQE-78324136-9138,12,8,73.0987,450.2496,CHF,SELL,2026-06-06
ROE-19588110-2222,8,2,45.8275,171.7291,EUR,SELL,2026-05-26
HNQ-09410591-5907,1,9,13.3117,397.6800,GBP,SELL,2026-05-22
BLP-18139424-2188,8,6,64.3847,71.2112,EUR,SELL,2026-05-24
GNE-50038673-1107,11,9,4.9157,85.3884,GBP,BUY,2026-05-25
DCA-67909012-1536,2,3,40.9399,90.9490,USD,BUY,2026-05-21
NUZ-17776191-9813,11,2,28.4879,69.2893,CHF,SELL,2026-05-20
YOR-23158493-3798,13,3,47.1770,256.0617,EUR,SELL,2026-06-02
IBG-79669684-0276,13,6,32.2075,73.5033,JPY,SELL,2026-05-22
VCF-59760839-4014,13,9,54.3502,225.5370,EUR,BUY,2026-06-15
ZRT-10117275-7243,12,9,68.2515,127.3321,GBP,SELL,2026-06-15
YJV-41011798-1517,4,5,37.0873,290.1193,CHF,SELL,2026-06-03
SVO-55004909-1292,13,9,89.6428,161.8017,JPY,BUY,2026-05-19
RDH-07969847-0850,4,2,75.3847,220.9836,USD,SELL,2026-06-09
QPA-12641465-4424,3,8,44.3138,236.5963,USD,SELL,2026-05-27
DSZ-93429294-8371,5,8,41.7672,323.3943,EUR,BUY,2026-05-29
JZA-34418838-7132,7,9,24.5251,168.4005,EUR,BUY,2026-06-01
HMM-78542153-0587,10,4,87.3232,381.8644,GBP,BUY,2026-05-27
HRW-92675661-5194,5,5,95.7151,435.1090,JPY,BUY,2026-06-05
NAV-52338500-6810,10,4,68.0986,337.8184,USD,SELL,2026-06-19
QEY-46508290-8453,10,9,29.4171,478.3180,EUR,SELL,2026-05-24
LHF-12580330-1556,3,7,68.9478,109.6256,CHF,BUY,2026-05-23
PVC-88727682-3192,10,2,33.6949,155.4982,CHF,BUY,2026-06-16
MDB-00041896-9687,3,7,76.0823,365.5250,CHF,SELL,2026-06-27
ANB-56729292-1297,8,6,30.2384,258.3813,USD,BUY,2026-06-28
KPP-09717516-4573,2,4,24.1257,378.0441,JPY,SELL,2026-05-16
NCS-85784855-3438,7,1,27.8282,214.8624,USD,BUY,2026-05-26
BZJ-82131989-1341,10,1,18.4418,299.9306,JPY,BUY,2026-05-17
LIB-96490867-3678,11,5,15.3067,243.9641,EUR,SELL,2026-06-21
FSL-41115681-7340,13,5,1.1928,398.2182,GBP,BUY,2026-06-11
UWO-40111768-3375,12,7,52.0288,309.0268,CHF,SELL,2026-06-01
XCD-88720449-9023,2,3,37.6627,471.6316,USD,SELL,2026-05-25
BWL-49279976-3753,11,8,31.0125,358.0751,EUR,SELL,2026-05-28
SRN-75457509-7137,8,6,90.7403,315.2736,EUR,BUY,2026-06-14
NOA-60376900-0445,11,6,53.2790,159.1335,USD,SELL,2026-05-26
TGC-55939011-7395,8,10,4.3599,495.1409,USD,BUY,2026-05-15
TCN-67371206-1481,9,8,27.5194,38.9606,USD,BUY,2026-06-02
JHV-24538437-7215,12,6,52.1678,21.7711,CHF,SELL,2026-06-09
TVE-77147962-3697,4,4,73.7116,35.0564,CHF,BUY,2026-06-18
FUL-81746541-6012,15,6,7.3697,493.0541,EUR,SELL,2026-06-22
DRB-91115673-0177,5,7,18.8505,272.0853,USD,SELL,2026-06-11
JSR-10358676-4331,1,6,65.6900,467.7335,JPY,BUY,2026-05-25
IHD-40398153-9853,9,2,86.4816,444.8295,CHF,SELL,2026-05-23
FAH-46972194-8979,10,1,23.7756,267.7545,GBP,BUY,2026-06-24
ZTF-44904060-7825,1,7,36.9318,333.8825,GBP,BUY,2026-05-24
RHR-82262935-6701,9,9,7.6091,452.1275,GBP,SELL,2026-06-11
GNI-47596165-5731,9,6,40.8778,438.1321,EUR,SELL,2026-06-13
MIN-93334109-4064,2,4,95.1102,288.4238,CHF,SELL,2026-05-27
FWG-76152757-2368,4,7,55.9599,96.0611,EUR,BUY,2026-06-29
YKL-15149101-5923,4,7,32.5497,121.4248,USD,BUY,2026-06-15
VBM-44078489-7048,8,9,53.2786,206.5974,JPY,SELL,2026-06-01
RHX-58490637-0722,12,8,13.2986,405.5426,USD,BUY,2026-06-01
EFP-21491107-3906,11,6,27.2855,51.9196,GBP,BUY,2026-05-24
MOP-90051603-6729,10,2,51.1496,435.9458,USD,SELL,2026-06-13
GBV-40300064-0115,12,6,93.5971,276.1286,EUR,SELL,2026-06-04
UEC-92858007-8630,7,3,52.7340,255.0023,JPY,SELL,2026-06-06
EYB-23895868-4925,8,8,60.9332,291.8356,GBP,SELL,2026-05-23
CAU-79933162-7586,6,1,8.3040,478.8756,CHF,SELL,2026-05-30
GZF-52004784-0471,13,7,45.1297,133.9380,CHF,SELL,2026-06-15
JRK-09433250-0724,8,1,89.2493,491.6807,EUR,SELL,2026-06-03
EDH-24223352-0218,9,4,39.2425,262.4807,CHF,BUY,2026-06-01
BML-27965606-1090,1,7,67.1350,26.5312,USD,SELL,2026-05-22
YRD-43333057-4705,7,9,48.1578,424.6288,GBP,SELL,2026-05-31
UOU-56416410-1390,2,3,1.1340,29.5676,CHF,BUY,2026-06-15
ZXS-45312916-6509,14,4,16.1376,495.9715,CHF,BUY,2026-06-28
YUV-89696822-2601,11,8,83.6911,254.9545,EUR,SELL,2026-05-17
VWB-34688233-8142,6,2,8.7391,76.3665,JPY,SELL,2026-06-18
BXY-76220168-1697,8,6,89.6495,325.4181,GBP,BUY,2026-06-05
KSC-26855109-0217,9,8,66.8423,14.1919,GBP,SELL,2026-05-29
HMG-64307551-7749,10,9,42.8768,10.4257,GBP,BUY,2026-05-14
NSQ-11383424-8735,5,1,78.4221,232.7651,JPY,BUY,2026-05-18
MVT-79749028-4236,9,7,68.2972,251.6246,GBP,BUY,2026-06-05
SYJ-94620774-8040,15,9,17.7179,471.0213,USD,SELL,2026-05-19
DLT-97283102-7212,6,5,76.8790,231.6716,GBP,BUY,2026-05-15
LKJ-96060965-5094,7,8,8.8889,361.3561,GBP,SELL,2026-06-24
NYC-34792430-8826,15,5,89.5529,447.8209,USD,SELL,2026-05-29
XDQ-96159217-2770,3,1,31.3468,78.8253,EUR,BUY,2026-06-04
RFP-95036497-5663,6,3,70.4352,103.8554,CHF,SELL,2026-06-28
ONP-45370278-6967,9,2,28.7286,296.5473,CHF,SELL,2026-05-25
IPO-68213542-0174,13,4,12.5264,288.5204,CHF,BUY,2026-05-21
HPW-46303315-0279,2,3,73.6928,493.6465,USD,BUY,2026-06-25
FDS-15956754-9940,1,6,71.1431,32.7729,CHF,BUY,2026-05-27
SOD-73293232-0760,11,1,79.4010,273.6287,JPY,BUY,2026-05-27
VEN-73694812-5309,6,1,42.7015,405.8948,JPY,SELL,2026-06-15
YGF-09952659-1331,1,3,44.9861,119.5663,USD,SELL,2026-05-23
UMB-69650761-4589,11,2,75.8702,138.4108,GBP,BUY,2026-05-28
AHW-57480183-2536,8,6,84.6718,180.7578,JPY,SELL,2026-05-28
AWT-38413199-2034,9,10,94.0805,310.2080,JPY,BUY,2026-06-15
SWR-25343389-2754,9,6,66.8575,249.0601,CHF,BUY,2026-05-29
VCZ-36707967-4257,3,6,97.6508,264.4625,EUR,SELL,2026-05-28
OOE-63823399-5670,10,6,23.1038,185.0271,JPY,BUY,2026-05-27
FGV-35593734-0926,6,4,73.6065,419.5280,GBP,SELL,2026-06-18
JKB-05692085-9173,4,4,26.6290,71.8099,EUR,BUY,2026-06-08
QYB-39145383-4165,5,8,55.1135,458.8295,JPY,SELL,2026-06-07
YRQ-58167105-5249,7,5,42.7358,157.6865,JPY,SELL,2026-05-28
EDI-32254536-5722,1,5,4.9262,311.2162,GBP,SELL,2026-06-07
UJS-32195118-5826,8,2,43.7582,158.0445,USD,BUY,2026-05-16
KVV-73828775-4031,7,4,85.5851,444.2116,CHF,BUY,2026-06-14
OLP-76514863-3914,11,4,8.9161,288.6132,JPY,BUY,2026-05-27
IQH-52230982-7220,5,7,34.2373,254.9316,EUR,BUY,2026-05-30
NOP-71138466-2056,11,10,12.4608,18.4867,CHF,BUY,2026-06-12
UXK-60842709-8852,1,6,88.2845,348.9538,JPY,BUY,2026-06-25
UWZ-14451304-8086,3,9,29.1596,327.4181,JPY,BUY,2026-06-05
MYI-67562088-2181,11,2,5.4182,419.5479,JPY,BUY,2026-06-16
QTR-40792575-1777,12,4,34.4736,294.4315,GBP,BUY,2026-06-17
KUO-79497466-0039,3,9,51.1958,251.5581,EUR,SELL,2026-06-25
ZIS-39530225-4882,6,10,6.4104,67.0623,CHF,BUY,2026-06-01
IXT-57314700-9958,4,2,46.2158,371.1453,CHF,SELL,2026-05-20
IIT-19385004-7879,11,2,77.6226,420.4223,GBP,BUY,2026-05-23
JUZ-95859536-1450,1,1,37.3291,16.9888,GBP,BUY,2026-06-23
MQV-88760334-3308,15,10,47.8672,130.5921,USD,SELL,2026-05-24
GIS-83554629-7979,2,4,80.0136,347.4352,EUR,BUY,2026-05-30
NDN-55262668-4576,6,1,51.8636,118.4797,JPY,SELL,2026-05-22
PJJ-04390682-3892,3,7,58.4483,153.7784,CHF,SELL,2026-05-26
QWA-99714540-1827,8,3,55.9817,40.4529,EUR,SELL,2026-05-26
RYH-97976958-6659,4,10,30.8967,164.4524,USD,SELL,2026-05-23
MAU-68204047-9205,12,4,76.1409,362.1776,USD,BUY,2026-05-26
ANC-07484905-1344,11,4,26.6439,378.5883,CHF,BUY,2026-06-15
LSA-99785781-3949,13,8,5.6048,361.4349,EUR,SELL,2026-06-10
QFY-23523148-8036,1,2,96.5236,121.9718,JPY,SELL,2026-06-05
ZTV-00974221-9199,11,8,24.6293,293.3708,EUR,BUY,2026-06-01
TPA-36947194-5733,9,4,73.0486,457.9557,GBP,SELL,2026-05-19
THP-25073139-1855,1,10,13.7093,420.0292,JPY,BUY,2026-06-26
ZLT-40500944-1501,3,9,29.5287,91.0554,CHF,BUY,2026-05-22
JYE-38506176-9322,3,7,52.6254,243.0447,EUR,SELL,2026-06-11
ORU-02762837-6276,15,7,71.2722,416.0117,GBP,SELL,2026-06-05
HCR-89610807-0644,2,9,63.0513,484.0624,GBP,BUY,2026-06-14
MON-28597071-3712,15,4,56.3813,164.9623,GBP,SELL,2026-06-24
NAL-94462596-8863,1,1,68.8235,186.1695,JPY,SELL,2026-06-11
PHQ-80126251-1967,14,9,49.4495,438.9340,JPY,BUY,2026-06-05
LKU-84458410-3714,7,7,67.9273,184.9683,JPY,BUY,2026-05-30
MQJ-50473576-0217,10,2,42.2827,207.2268,CHF,BUY,2026-05-30
EON-42762916-3875,13,8,63.0058,236.7689,JPY,BUY,2026-05-21
GEU-79642800-1836,14,2,30.9231,125.9526,USD,BUY,2026-05-21
GBN-22060727-6935,14,3,28.5395,53.9695,GBP,SELL,2026-05-29
UQX-15389556-5257,11,1,64.7353,451.8162,USD,SELL,2026-06-25
XQP-41403357-7387,15,9,85.2143,417.2097,USD,SELL,2026-05-17
HRH-88852570-6460,10,8,38.0248,104.6017,CHF,SELL,2026-05-26
YCT-35560143-6838,4,8,31.0480,334.7436,JPY,BUY,2026-05-11
BHI-55674047-9747,12,9,60.0554,264.3712,USD,SELL,2026-06-28
RJH-32647137-0619,9,7,61.8293,339.8347,EUR,SELL,2026-05-20
PEY-34897801-3020,12,2,16.0300,327.5233,JPY,BUY,2026-05-29
XDR-71674699-6980,8,5,87.1663,68.9814,GBP,SELL,2026-05-28
CMT-39069964-0649,10,8,4.7368,63.7197,GBP,SELL,2026-06-16
APF-41111204-3087,3,2,66.3879,419.4950,JPY,SELL,2026-05-31
NPQ-97234001-1726,15,9,31.4440,373.9748,CHF,SELL,2026-05-24
EQL-88315141-2030,14,9,60.9594,110.1506,USD,BUY,2026-06-25
FPQ-76875678-0236,2,10,75.4545,227.6524,JPY,SELL,2026-05-22
ZCY-68353691-0248,9,9,43.2340,147.9651,EUR,BUY,2026-05-20
EIO-16177179-8148,1,1,1.5788,184.8042,EUR,BUY,2026-06-05
QSE-69883325-3014,3,2,42.7918,37.1325,EUR,SELL,2026-05-25
PVN-77494955-2621,8,1,24.5476,389.5454,EUR,BUY,2026-05-28
ECR-35160332-4911,5,8,74.3944,375.8383,EUR,BUY,2026-06-18
SFV-09582831-9373,12,7,93.4733,109.5895,GBP,SELL,2026-05-31
UNP-49827859-1187,2,7,97.4943,399.8539,CHF,BUY,2026-06-02
SPN-11989237-8068,10,5,24.6911,311.4584,JPY,BUY,2026-06-05
QYH-08839323-0510,4,2,79.9406,414.3894,USD,BUY,2026-06-05
CMW-62195843-6048,2,1,42.4474,154.1524,JPY,SELL,2026-05-07
QGF-81229084-3902,15,3,8.2352,165.4030,JPY,BUY,2026-05-23
UPI-69994633-9303,12,7,10.1688,33.0759,EUR,SELL,2026-06-20
QPN-40692257-6192,14,5,32.0849,388.2671,USD,BUY,2026-05-26
IWQ-76093254-3945,12,4,39.2135,483.2555,EUR,BUY,2026-05-23
QVR-10146883-3676,9,5,61.6684,370.1942,USD,SELL,2026-06-09
HYC-75943538-6354,2,3,69.7645,216.1000,USD,SELL,2026-06-14
MRC-02621259-6947,7,8,24.7051,423.4727,EUR,BUY,2026-05-25
YFH-09122459-4519,7,1,86.3370,302.4660,GBP,BUY,2026-06-03
NKE-55702196-8008,7,9,27.0590,159.6034,USD,BUY,2026-05-16
ZIG-67196100-6033,10,8,20.7223,390.7356,USD,BUY,2026-06-11
LSK-95576754-5707,14,7,62.7040,123.7197,GBP,SELL,2026-05-15
TSR-49084696-4336,10,8,78.0397,350.8830,CHF,SELL,2026-06-29
QYI-14830705-1045,13,8,75.6039,452.6242,GBP,BUY,2026-05-20
NFA-64022953-9565,10,9,69.3697,273.8114,EUR,SELL,2026-06-17
QXE-81607985-1606,4,10,76.0678,58.6362,JPY,BUY,2026-05-23
OAQ-58684656-8830,7,10,26.8640,408.2800,GBP,SELL,2026-05-23
FPA-28951600-8259,1,5,57.9119,106.5019,CHF,BUY,2026-05-22
ZPX-34708899-4178,2,8,98.4637,355.0659,EUR,SELL,2026-06-08
RTA-86039975-3987,5,3,28.6901,189.1332,GBP,SELL,2026-05-24
NBF-90104191-5301,4,3,81.5084,420.6476,EUR,SELL,2026-05-30
QFE-68297168-9011,13,9,96.8839,27.9071,JPY,BUY,2026-06-21
SSP-81542727-7737,13,8,84.4227,202.0826,EUR,BUY,2026-06-14
ONT-61037098-8865,1,4,23.8667,436.6768,GBP,BUY,2026-06-06
AHI-06630104-6608,13,6,17.3187,164.5373,USD,BUY,2026-06-19
BDZ-68584045-4427,10,9,19.2622,365.1834,CHF,BUY,2026-05-23
MAZ-53893049-6054,13,5,1.1682,211.7280,USD,SELL,2026-05-23
MZT-83036083-1808,1,4,74.3524,388.5018,GBP,SELL,2026-05-31
OJQ-18969076-4244,11,10,50.6169,216.4260,USD,SELL,2026-06-10
INV-17829410-0256,12,6,70.9949,129.0403,JPY,BUY,2026-06-04
PHW-51012227-6780,14,8,94.2680,131.5015,USD,SELL,2026-05-27
FPE-06990255-0802,4,7,46.1378,159.7338,JPY,SELL,2026-06-16
GYU-08990267-0137,1,1,56.6440,45.4173,EUR,SELL,2026-05-26
VAD-52575043-5008,2,9,18.9452,425.2992,JPY,SELL,2026-05-12
JBW-52290377-1411,6,5,97.7571,48.3032,GBP,BUY,2026-05-23
XCJ-93270116-4816,6,1,63.6850,421.9767,CHF,SELL,2026-06-04
UTX-20110127-9893,3,2,21.9247,285.5566,EUR,BUY,2026-05-24
XIF-42568665-5615,15,8,62.6611,305.7573,EUR,BUY,2026-05-18
QZX-04205081-6246,4,8,29.5150,209.6635,EUR,SELL,2026-05-30
VBP-06961938-0363,1,1,21.0621,391.6613,GBP,BUY,2026-05-19
YDS-93590663-5215,9,4,96.5710,335.8789,USD,SELL,2026-05-30
FSV-59011233-7116,14,9,49.8393,23.8247,GBP,SELL,2026-05-30
XBB-79546202-2848,5,1,27.1936,218.4084,USD,BUY,2026-05-22
YFR-70425616-2773,10,5,67.3499,295.4528,JPY,BUY,2026-05-25
ZJM-65312064-7184,7,2,17.7345,432.0106,GBP,SELL,2026-05-25
SCX-19702895-5632,11,4,25.9135,246.9475,USD,BUY,2026-06-01
SCF-34157913-4535,10,5,71.3963,376.9979,EUR,SELL,2026-06-10
JZG-81683313-4583,5,6,81.9006,302.0160,GBP,BUY,2026-05-31
AQG-96003107-8364,6,9,76.0278,160.7419,CHF,BUY,2026-06-15
YTM-85687786-2031,14,6,14.7155,206.1949,EUR,BUY,2026-06-06
KIQ-92388442-0705,12,3,24.3293,393.5778,JPY,BUY,2026-06-05
RYI-05105701-3478,6,7,79.6400,127.4935,GBP,BUY,2026-06-03
PTC-25979042-0009,5,1,57.0717,458.3270,CHF,SELL,2026-06-10
EXM-60169023-2208,15,8,50.9650,454.3724,EUR,BUY,2026-06-24
RCH-12965424-5451,14,1,9.7422,294.1201,JPY,SELL,2026-05-31
LJS-92042750-5373,2,2,59.6954,253.2361,JPY,SELL,2026-05-22
HVA-34917879-2876,13,5,93.7773,47.4237,GBP,BUY,2026-05-21
IGW-91675479-3973,15,8,38.2744,361.0293,GBP,SELL,2026-05-24
CQX-76339628-7905,12,7,67.1142,241.8036,EUR,BUY,2026-05-28
WFI-82215955-0938,6,4,62.5675,38.0453,GBP,SELL,2026-05-26
ATD-94852284-7423,8,8,85.2115,473.8160,USD,SELL,2026-06-12
QEL-40417076-8952,4,8,20.8732,301.2884,GBP,BUY,2026-06-28
LNM-04906703-3657,2,8,95.6849,268.0616,USD,SELL,2026-05-17
JSP-99474041-5031,3,2,33.1050,130.4157,JPY,BUY,2026-06-08
TCE-88293103-2763,8,4,10.3339,165.9129,CHF,BUY,2026-05-26
BJK-01109828-7591,3,10,48.4671,349.5416,CHF,SELL,2026-06-03
QLU-20960291-0352,4,6,16.5018,363.5828,EUR,SELL,2026-06-01
ZWC-69814418-3736,11,1,51.0298,42.0172,USD,SELL,2026-06-29
GGC-13102559-2177,13,5,18.0831,313.4368,CHF,SELL,2026-06-17
OYN-09849490-0942,12,1,81.7867,346.5222,GBP,BUY,2026-06-07
HNA-63164026-2839,15,2,81.6887,382.8052,USD,BUY,2026-06-14
DKC-49759293-1644,4,1,98.5955,147.1998,CHF,BUY,2026-06-02
KNZ-97401277-9794,14,6,26.8408,363.7474,JPY,SELL,2026-06-19
JTM-98270610-1728,4,10,5.6828,499.5182,USD,BUY,2026-06-14
MHY-79767443-8185,4,5,71.3927,383.5195,CHF,BUY,2026-05-13
WUR-55133938-5552,3,2,3.3725,172.6205,USD,BUY,2026-06-14
GWK-67602600-5884,5,9,11.8667,377.2977,JPY,SELL,2026-06-16
IHR-12822150-7251,12,3,95.0278,104.7943,GBP,SELL,2026-06-21
QQT-29765353-4074,1,9,98.2479,122.7509,CHF,SELL,2026-05-28
JPQ-28015697-8700,11,7,22.5879,256.3373,USD,BUY,2026-06-17
VZB-02270856-3028,15,4,83.6652,67.7016,USD,SELL,2026-06-10
VTM-57676684-5112,11,5,21.1638,359.7083,JPY,BUY,2026-06-04
OCE-72143979-3318,2,9,62.8264,41.1490,JPY,SELL,2026-05-30
RDX-77610878-3475,4,2,42.3920,328.5716,JPY,BUY,2026-05-20
SSV-96177583-7450,7,5,55.5301,104.3687,GBP,BUY,2026-05-27
CWO-75553322-5240,14,6,39.8488,124.7236,USD,SELL,2026-05-31
VHU-33849261-2678,6,9,60.4156,473.9454,CHF,BUY,2026-05-24
MMI-71312606-1495,13,4,13.5604,269.6199,USD,SELL,2026-06-15
YHW-04300923-8130,10,8,40.7387,447.4938,JPY,SELL,2026-06-11
LZW-65015966-1113,14,2,57.9448,359.3084,CHF,BUY,2026-06-19
IJV-25831062-1900,5,3,47.9340,464.7417,EUR,SELL,2026-05-20
STW-72501380-8898,9,1,43.0071,238.2387,JPY,SELL,2026-05-13
XBS-30799832-6934,14,8,83.7547,308.3085,EUR,SELL,2026-06-05
WEV-57658111-3118,12,7,40.0505,350.4759,JPY,SELL,2026-06-19
QQW-03246619-5977,9,8,14.7622,356.4738,JPY,SELL,2026-05-28
ZDW-10635090-7259,6,5,71.3836,294.9722,USD,BUY,2026-06-12
ARG-00370631-6489,8,6,58.2686,193.4017,USD,BUY,2026-05-27
HHY-13421689-0049,1,6,12.1787,232.9161,GBP,BUY,2026-06-02
CAJ-36990578-1214,6,5,99.9671,72.1294,EUR,SELL,2026-05-23
YMU-02099671-7742,8,1,95.7685,55.5121,EUR,SELL,2026-05-21
DJV-86327458-5982,8,5,56.0412,58.9715,JPY,BUY,2026-06-11
QVH-23159022-8313,9,2,45.3283,113.8131,JPY,SELL,2026-06-06
GNA-35436331-5333,9,10,67.3517,288.1941,EUR,SELL,2026-06-23
TFN-25983877-9564,7,3,84.3143,96.0938,EUR,BUY,2026-06-22
ODX-90172861-0274,2,4,36.5216,267.4315,GBP,SELL,2026-06-29
PRQ-64752847-8803,7,5,12.4756,296.2828,CHF,BUY,2026-05-26
JAI-75670648-7249,4,9,64.3112,37.6805,JPY,BUY,2026-06-10
HRW-69826404-8592,5,8,40.5638,476.0352,EUR,BUY,2026-05-25
ZWJ-40465133-3125,5,2,12.9742,14.8966,GBP,BUY,2026-06-24
WGV-22900902-2081,14,6,7.7936,26.1703,CHF,BUY,2026-05-29
ABB-49804949-2983,7,1,41.3152,151.8221,JPY,SELL,2026-05-30
QKV-48959570-7847,4,4,73.4952,499.9490,GBP,BUY,2026-05-31
HDR-75273323-0533,13,2,88.5093,356.7060,EUR,SELL,2026-06-07
PWN-55515721-9881,7,6,74.4519,496.9796,JPY,SELL,2026-05-28
IJJ-66261808-8769,15,6,24.1762,381.7087,JPY,BUY,2026-05-29
YHM-05078146-4490,11,9,30.2805,18.8790,EUR,SELL,2026-05-29
MUE-63005826-7538,3,6,4.9205,104.7620,GBP,SELL,2026-06-23
WLE-10976706-9374,12,5,21.1609,18.1214,EUR,SELL,2026-06-21
NBB-09952098-9588,5,6,86.5410,70.5316,EUR,SELL,2026-06-06
TNN-62814039-9978,11,9,98.1024,160.2533,JPY,BUY,2026-05-24
WTA-05381965-1788,5,9,78.7428,316.8266,CHF,BUY,2026-06-29
OQY-86694280-9857,14,4,32.2253,140.9721,EUR,BUY,2026-06-18
VUY-25752807-7281,6,3,97.4622,311.3410,CHF,SELL,2026-06-11
UWA-77784911-9319,14,9,82.6872,181.1808,GBP,SELL,2026-05-07
VBD-51538274-3518,11,8,62.0099,409.4897,CHF,SELL,2026-05-30
CAB-61052086-6107,2,7,92.3034,433.9168,CHF,SELL,2026-05-29
JFQ-05904690-8618,4,4,83.8748,30.4122,EUR,SELL,2026-06-12
EKO-03143787-4456,8,5,33.5889,394.6063,CHF,BUY,2026-05-21
SPH-78430381-5139,5,9,90.7357,470.6270,JPY,BUY,2026-06-28
SPF-63624886-1324,9,8,17.5382,193.4378,JPY,SELL,2026-06-29
OSM-37050864-1795,3,4,97.8511,212.8209,JPY,BUY,2026-06-02
SAJ-96031004-1195,9,2,18.9634,293.7242,CHF,SELL,2026-05-31
FDY-64768901-9776,9,4,10.2736,383.0803,CHF,SELL,2026-06-12
PFO-66782359-9835,14,10,25.0338,82.9018,GBP,SELL,2026-05-21
NBQ-74582719-5292,8,10,11.1889,464.0882,GBP,BUY,2026-05-25
ZTR-96671843-3309,3,2,3.2683,267.4252,EUR,BUY,2026-06-15
FAN-92906046-8526,12,9,80.8378,413.3047,EUR,BUY,2026-06-12
VNG-24746154-2606,2,5,36.3171,145.3475,GBP,BUY,2026-06-05
HJY-37806683-2123,4,6,54.3790,456.5398,GBP,BUY,2026-05-27
UOK-96840823-7512,6,5,71.8218,249.7502,JPY,SELL,2026-05-25
CKZ-94173364-9298,10,5,51.6766,98.3784,USD,SELL,2026-05-23
RWD-64897365-6284,12,3,77.6190,411.2036,CHF,BUY,2026-05-31
LHD-96551608-0290,3,2,12.2281,120.6150,JPY,BUY,2026-05-17
URL-92036927-1287,2,8,11.2077,200.8230,JPY,SELL,2026-06-04
IZJ-30073808-9302,11,10,60.2884,249.1940,GBP,BUY,2026-05-22
NQP-79239643-9530,15,9,34.6905,22.3369,CHF,SELL,2026-05-28
QOX-20576903-9279,13,9,26.3909,138.8720,GBP,BUY,2026-05-12
PCZ-93352883-6271,5,8,70.2268,237.3589,EUR,SELL,2026-05-28
OJK-24435763-2637,10,6,30.8501,100.1612,GBP,SELL,2026-05-30
RJZ-26955773-5371,4,8,34.1048,212.1430,EUR,BUY,2026-06-29
PAN-26158839-7288,5,7,49.1505,157.0991,EUR,SELL,2026-05-26
AFK-02369710-7992,1,3,69.0079,232.2944,GBP,BUY,2026-06-28
PCX-35598553-4193,13,2,79.6344,237.3911,USD,SELL,2026-05-28
VVZ-23324247-8248,10,7,7.2262,302.4853,JPY,BUY,2026-06-17
OPC-07502082-6301,9,2,26.7106,51.2630,GBP,BUY,2026-06-08
LAU-63314845-7272,5,2,62.2301,441.9566,USD,SELL,2026-05-25
SWH-04246040-8275,5,2,24.5651,58.9253,EUR,SELL,2026-06-15
KGX-07366856-3053,5,7,38.3840,351.0861,EUR,SELL,2026-06-19
WZV-24027039-6620,5,2,70.0060,107.9329,CHF,BUY,2026-05-29
CNH-65770052-9333,12,6,43.8406,238.2876,EUR,SELL,2026-06-02
KUI-87128608-2664,8,4,22.4365,81.7162,USD,BUY,2026-06-17
NQP-52849272-2577,14,7,9.5980,476.1595,CHF,BUY,2026-05-21
PEP-32504266-6257,8,1,21.2911,29.6203,CHF,BUY,2026-05-22
REZ-59476597-7911,4,9,9.5077,243.1321,USD,SELL,2026-05-23
FNI-89366769-0799,14,6,95.9715,296.3867,USD,BUY,2026-05-19
LLT-06127418-9320,7,8,80.1866,487.4929,CHF,SELL,2026-05-25
AOF-66528378-7324,5,6,49.7670,228.7552,EUR,BUY,2026-05-26
SIR-81901407-2632,2,9,70.6229,358.8281,CHF,SELL,2026-05-25
QAD-82690027-0939,14,3,34.5237,76.9768,EUR,BUY,2026-05-31
JXD-34311314-7305,2,3,61.9700,341.2852,USD,BUY,2026-05-26
GBA-36298634-5899,10,4,32.5336,432.3793,USD,SELL,2026-06-23
QAQ-63368616-9626,2,1,67.3606,287.9407,EUR,BUY,2026-06-12
MAD-12247109-9314,5,6,65.0601,95.1101,JPY,BUY,2026-05-29
TKP-15056029-0974,15,2,87.9587,159.1396,JPY,BUY,2026-06-02
MKL-17958584-3422,7,3,83.9859,294.2160,EUR,BUY,2026-06-28
JYS-45301339-3870,10,9,37.5882,330.5853,CHF,BUY,2026-05-24
BBM-42281358-7519,8,7,94.6294,235.2044,GBP,BUY,2026-06-14
XKT-61904471-5168,9,5,90.8740,461.1522,CHF,BUY,2026-06-01
XCJ-60640910-4499,10,7,55.7871,166.1150,CHF,SELL,2026-05-28
SDU-49677559-7777,14,9,41.2314,19.5489,USD,BUY,2026-06-28
LVF-83462432-4204,11,7,37.6094,327.8482,GBP,SELL,2026-06-01
QYP-36098017-5298,4,7,68.4568,91.7273,CHF,SELL,2026-06-12
IHY-69320070-1647,12,1,26.7488,115.5943,USD,SELL,2026-06-03
SQO-04738950-7262,10,3,76.2684,136.7868,GBP,BUY,2026-06-19
BDN-44466724-9458,11,7,44.0795,343.1836,USD,SELL,2026-06-02
MGS-49618446-8822,15,6,78.8751,161.2403,JPY,SELL,2026-06-03
MPO-98490137-5480,1,1,80.8508,367.3119,JPY,BUY,2026-05-20
TAN-25709855-4525,15,5,14.3111,45.8539,GBP,BUY,2026-06-16
DID-71998266-5045,4,6,5.9697,487.9545,JPY,SELL,2026-05-23
WAI-86416511-2816,11,10,61.2910,471.5127,JPY,SELL,2026-06-19
XBK-83697178-5166,9,10,88.6864,144.5806,GBP,SELL,2026-05-27
QSV-69818175-6038,14,6,28.3263,280.9076,GBP,BUY,2026-05-22
YLY-86020342-4069,9,3,56.0456,392.8688,EUR,SELL,2026-06-19
YGK-51665366-4497,14,2,60.7422,428.4998,EUR,BUY,2026-05-29
EIM-59562829-4714,2,10,97.8698,243.8887,EUR,BUY,2026-06-16
ZPX-28108228-2460,12,1,68.6351,267.9550,GBP,SELL,2026-06-22
AAC-34466636-6647,8,2,56.8645,243.0726,EUR,SELL,2026-06-14
IEN-79833988-4999,8,7,6.9426,389.5166,JPY,SELL,2026-06-21
LSW-37801719-5599,10,3,89.1879,91.8290,EUR,BUY,2026-05-28
ZOP-44307341-2923,8,5,79.9403,95.4986,CHF,SELL,2026-05-26
QPI-77028672-7673,13,7,38.7815,136.1848,JPY,SELL,2026-06-02
AGP-26767919-9840,3,2,3.7970,466.7364,JPY,SELL,2026-06-16
FIF-88954399-9591,13,8,6.3748,13.6883,JPY,SELL,2026-06-01
KWY-54866020-9833,14,7,94.6611,459.0314,CHF,SELL,2026-06-03
IEV-95369026-0920,4,1,15.4371,80.7475,JPY,BUY,2026-05-15
KTS-52175216-3451,3,9,38.2616,30.9562,GBP,SELL,2026-06-05
RBS-62888789-7164,3,10,69.0511,233.5167,EUR,SELL,2026-06-18
WKZ-05086549-3325,7,7,58.3116,193.3133,CHF,SELL,2026-06-03
NSU-24244404-4792,8,9,17.8573,279.4509,USD,SELL,2026-06-08
FSR-39038571-1404,12,6,82.5805,374.3190,CHF,BUY,2026-05-26
JGB-12035620-0337,8,9,25.3313,385.1903,USD,SELL,2026-06-08
XCM-65868904-4953,15,9,5.2302,67.2614,JPY,SELL,2026-05-21
XYV-43879621-4608,2,7,68.7803,278.1922,EUR,SELL,2026-05-19
HDW-76033559-2865,2,6,76.0035,222.6348,JPY,SELL,2026-05-18
FLY-21234168-6370,13,6,16.4517,215.9310,EUR,BUY,2026-06-10
MEO-34363429-3301,8,3,49.4757,226.9430,CHF,SELL,2026-05-20
OAS-75181864-2248,6,4,13.3815,117.3916,USD,BUY,2026-05-26
KHG-34016528-3843,11,6,92.0867,73.2452,GBP,BUY,2026-06-05
KGU-59489200-6575,12,1,59.4539,42.8503,USD,SELL,2026-06-01
GUQ-00339169-8207,7,6,38.7356,375.9667,GBP,BUY,2026-06-27
XJG-27822476-2393,11,1,86.3366,491.3528,CHF,SELL,2026-05-21
IAF-79598835-0260,6,6,19.4674,72.8349,JPY,SELL,2026-06-15
HUG-21720818-4624,8,3,37.1569,265.1529,USD,SELL,2026-05-31
JML-47783554-6909,9,3,73.5497,92.1215,EUR,BUY,2026-05-30
JCT-20750278-5359,15,10,12.6607,368.5495,GBP,SELL,2026-05-28
RFU-74242662-6635,11,10,98.3376,126.0607,CHF,SELL,2026-06-06
NMZ-59020398-9937,14,2,24.9085,357.2395,EUR,SELL,2026-05-14
LTB-06416304-8223,3,8,90.7566,299.5171,USD,SELL,2026-06-15
WGG-46605431-6083,6,10,85.2294,238.3702,EUR,SELL,2026-05-30
LJB-48851628-0630,2,9,50.8164,114.1615,EUR,SELL,2026-05-31
MWX-55919298-5871,13,1,46.7052,380.3412,EUR,SELL,2026-05-24
BDO-49860506-0862,8,1,5.9131,210.5587,EUR,BUY,2026-05-23
QAY-41352405-1258,2,7,19.0284,453.5009,CHF,SELL,2026-06-20
GDF-59196966-9592,1,7,29.0108,222.9121,USD,SELL,2026-05-25
FAU-61196448-5735,3,7,6.3263,190.2912,GBP,BUY,2026-06-18
FQJ-88610591-2484,15,7,21.6044,224.3035,GBP,BUY,2026-05-18
IJG-52913966-5331,11,10,46.7202,304.5591,CHF,SELL,2026-06-19
CUN-80903948-7833,10,5,95.7306,304.2798,JPY,SELL,2026-06-19
YKG-18077330-2832,11,10,7.4504,441.6383,CHF,SELL,2026-05-28
UWJ-91760544-7707,1,5,39.6961,350.8768,CHF,SELL,2026-06-11
ZXV-74005351-3448,1,7,28.0899,163.0991,JPY,BUY,2026-06-07
KVU-09497891-6231,2,7,62.4487,184.9662,USD,SELL,2026-06-21
GOD-55111892-2064,1,9,76.1171,440.4258,EUR,BUY,2026-05-20
HKU-79581350-7816,2,1,24.3092,491.9085,EUR,SELL,2026-05-28
FWX-44411370-2215,12,5,44.0858,142.4477,EUR,SELL,2026-06-02
MPA-24594831-6299,2,4,40.0653,477.0003,GBP,BUY,2026-06-04
ZNI-09125740-3925,1,3,88.4336,475.7597,GBP,SELL,2026-05-27
OMA-90418109-4541,11,10,90.0196,149.3540,USD,BUY,2026-05-28
ANX-59188961-3079,13,8,64.4752,370.3181,USD,BUY,2026-06-03
OWK-45567077-0098,11,6,24.7830,293.5689,CHF,SELL,2026-05-30
IRC-01928538-5876,4,10,18.5576,309.2184,GBP,BUY,2026-06-22
ZBX-01086816-5100,14,5,59.9169,286.0992,JPY,BUY,2026-05-28
LUZ-72075938-7281,10,8,87.6361,117.9963,CHF,SELL,2026-06-29
RBJ-78740344-2915,7,5,91.9465,361.4939,USD,SELL,2026-06-02
QUY-85817139-6449,11,1,78.7738,485.5260,USD,SELL,2026-05-15
NVN-09983139-4798,11,4,18.8909,474.4463,EUR,SELL,2026-06-02
FXY-76297125-6448,12,9,77.8873,476.7545,CHF,SELL,2026-06-19
SDG-41837436-6166,11,6,68.6259,160.3574,EUR,SELL,2026-05-21
ZAU-96268361-1950,5,6,48.6032,476.3973,CHF,BUY,2026-06-18
HJK-93341188-3400,5,5,46.9515,168.8362,CHF,SELL,2026-05-29
DQU-77291937-3279,9,3,29.5478,16.0625,EUR,BUY,2026-06-13
TOK-09776074-4531,1,5,85.5067,366.4726,JPY,SELL,2026-05-21
JNX-63192880-4162,9,1,32.5892,157.9194,JPY,SELL,2026-06-05
QWT-31834497-1302,2,3,47.0087,122.9651,GBP,BUY,2026-05-30
LOW-84508964-3825,5,10,23.7385,405.4892,GBP,BUY,2026-06-28
JDX-41038069-1151,8,9,6.0088,256.0583,USD,SELL,2026-06-07
VZB-41628556-2231,2,2,19.8307,206.5774,USD,SELL,2026-06-07
GLX-05517661-1698,12,1,91.3813,464.2569,CHF,BUY,2026-06-11
THQ-74720738-0319,10,4,29.1096,377.2985,EUR,BUY,2026-05-27
BCM-25199569-4981,8,6,9.7093,410.4133,USD,SELL,2026-05-25
VDF-79969665-3594,6,5,14.7761,164.1323,JPY,BUY,2026-06-08
RTD-21249804-2627,8,9,66.9966,137.1846,GBP,BUY,2026-05-28
ERN-75366331-8964,15,6,99.9725,278.1314,JPY,BUY,2026-05-26
ZTD-41618304-7817,3,9,67.8774,206.8577,CHF,BUY,2026-06-27
EAR-79441769-6385,14,6,44.2158,335.7412,JPY,SELL,2026-05-10
EVH-01680373-5790,10,10,30.3789,14.6359,GBP,SELL,2026-06-18
CLO-66090517-5597,14,1,3.7168,445.8304,EUR,BUY,2026-06-25
HKU-01753391-0825,10,10,85.5015,330.7338,GBP,SELL,2026-05-26
NHW-38555530-3212,10,5,4.0654,299.6885,GBP,SELL,2026-05-16
ECA-55198852-8369,9,5,26.7131,181.8083,CHF,BUY,2026-06-03
RFW-72438010-0800,7,7,33.8818,30.1308,USD,BUY,2026-05-21
VLR-70279733-3481,6,6,97.1010,85.5943,USD,BUY,2026-06-16
QCJ-83769013-8668,5,5,5.8108,120.5862,CHF,BUY,2026-05-31
DBV-62568941-3898,1,4,73.0650,287.0125,EUR,BUY,2026-05-26
RZD-28891620-2327,1,6,32.0670,435.7083,USD,BUY,2026-06-07
HRV-65061582-7927,13,8,7.1744,390.7509,USD,SELL,2026-05-28
NSA-14762202-7575,11,7,81.3414,394.8149,USD,BUY,2026-05-29
IKG-81851709-7610,6,7,89.6336,154.6327,JPY,BUY,2026-05-29
HRH-46862728-5834,6,7,23.0567,338.8156,EUR,BUY,2026-06-07
HHE-87815880-1873,11,4,51.8695,267.5399,GBP,BUY,2026-05-24
GEH-67957434-4950,12,10,4.1816,375.3502,USD,BUY,2026-06-16
WZA-02847203-1817,4,7,33.7419,197.2268,CHF,SELL,2026-05-20
VCI-23182440-6476,10,10,2.4423,187.3220,GBP,SELL,2026-05-21
YZR-22889659-3909,5,8,80.1889,193.4783,USD,BUY,2026-06-03
UVG-34348726-3340,14,10,76.5421,448.3220,GBP,BUY,2026-05-24
MWJ-44135998-1552,12,1,88.1004,174.1500,CHF,BUY,2026-06-05
EEK-33265857-6962,5,2,9.4932,298.6885,JPY,SELL,2026-05-26
BHY-77304426-3175,4,6,96.0383,53.1974,CHF,SELL,2026-06-16
MSL-74309328-9638,13,7,25.1911,365.8152,EUR,SELL,2026-06-20
QYN-10809817-1903,9,5,24.9101,233.1908,GBP,SELL,2026-05-22
KJO-02431993-3956,4,7,32.2258,214.8963,JPY,BUY,2026-05-17
LNC-03296250-5166,6,5,40.0670,450.5573,EUR,SELL,2026-06-13
GFJ-44760774-5987,10,1,30.1941,128.4439,JPY,BUY,2026-05-26
KTK-14716398-0698,12,5,42.5850,273.4397,CHF,BUY,2026-06-09
LGV-06454172-5341,6,3,74.7255,316.8106,USD,SELL,2026-06-03
VBB-00944942-1102,15,3,33.0904,129.1522,USD,BUY,2026-05-25
KTD-24156422-9018,1,2,10.7881,155.5831,JPY,BUY,2026-05-24
SDJ-93105069-1491,2,5,36.7801,412.3929,JPY,SELL,2026-05-28
AZL-02150018-2188,9,2,56.3732,24.0876,EUR,BUY,2026-05-26
OAT-49202107-2682,3,2,41.5328,189.0389,CHF,BUY,2026-05-27
OBK-51210467-0999,10,8,63.2045,336.4222,JPY,BUY,2026-05-17
UQS-15686879-0426,5,9,36.2950,287.4296,GBP,BUY,2026-06-19
CLQ-95733759-0554,13,4,53.9442,158.6983,JPY,SELL,2026-06-20
YUI-36514867-7311,14,8,94.1959,337.2236,USD,BUY,2026-05-23
BJI-52912969-9875,8,3,41.5641,137.0602,USD,BUY,2026-05-18
GXK-69735879-5260,10,9,87.0060,39.1112,USD,BUY,2026-05-15
CKW-16221949-3769,5,5,77.3153,226.1762,GBP,BUY,2026-05-15
HGG-76294926-5372,14,7,44.2873,332.2935,USD,BUY,2026-05-28
IIG-70908939-4596,3,10,53.5668,361.6473,JPY,SELL,2026-06-13
CVB-52689354-9886,7,3,58.0984,13.7953,CHF,BUY,2026-05-21
GWQ-28603170-3675,4,7,51.1660,237.3205,GBP,SELL,2026-06-12
ZGZ-92777231-2568,14,7,42.0070,40.2002,USD,SELL,2026-06-04
XCZ-98768238-2457,12,7,32.0414,263.4336,USD,BUY,2026-06-23
HMG-51153634-3757,8,7,18.5768,183.0218,GBP,BUY,2026-05-22
RUP-82711172-9622,5,10,83.4035,101.4321,USD,BUY,2026-06-17
BAW-83754638-2597,7,5,53.0850,174.9378,JPY,BUY,2026-05-27
JJG-05523752-8924,14,6,65.8136,85.6913,EUR,BUY,2026-05-22
GDH-04488967-3389,7,6,78.6362,62.8737,USD,SELL,2026-05-14
EMH-71469871-8686,9,2,65.6691,378.2736,CHF,SELL,2026-05-23
UYU-34656587-9418,8,10,91.7531,423.2080,JPY,BUY,2026-05-28
TZT-59765054-4333,3,8,56.3456,102.2325,USD,BUY,2026-06-12
OAF-03859530-6585,5,7,34.7988,221.6592,JPY,SELL,2026-06-25
RCQ-91405838-7937,13,8,93.3139,447.3741,JPY,SELL,2026-06-13
RTD-00365084-7114,11,2,29.9617,257.5085,JPY,SELL,2026-06-15
IMW-68340328-9338,2,4,65.3099,235.1653,GBP,SELL,2026-05-25
KSY-12390097-4847,9,8,97.1205,225.7917,EUR,BUY,2026-06-06
ESH-59463200-8510,5,7,96.4196,340.4137,USD,SELL,2026-06-06
WJW-63611611-6876,14,9,79.3052,275.7166,CHF,BUY,2026-05-26
BUS-46167553-5492,14,1,98.0709,455.3896,CHF,SELL,2026-06-26
TKN-29246174-2617,14,6,14.4687,416.4364,EUR,BUY,2026-06-29
KKK-87974346-3989,9,10,38.4079,266.7775,CHF,SELL,2026-05-31
IUU-27041166-7913,15,10,72.4147,229.8413,GBP,SELL,2026-05-26
XKF-63465110-2509,12,3,99.6931,212.4663,USD,BUY,2026-05-19
EIO-92269051-1993,12,7,64.0565,66.4616,JPY,BUY,2026-06-11
LWZ-88615606-0521,10,7,86.5948,449.9337,CHF,SELL,2026-05-27
WKZ-77103803-6386,3,3,36.5992,72.4877,USD,BUY,2026-05-13
VZC-66546556-1720,13,10,37.9278,215.1314,USD,BUY,2026-06-15
HUB-82309463-1269,11,2,43.6360,280.8384,USD,BUY,2026-05-30
CPY-15867181-8512,6,1,65.8077,456.4814,USD,SELL,2026-05-20
EDR-36145995-3967,6,4,14.7357,435.8010,USD,BUY,2026-06-04
JMD-56423172-8467,7,7,89.1895,477.2816,CHF,BUY,2026-05-22
JCP-72674559-5571,1,10,91.3276,292.7130,GBP,BUY,2026-05-28
AOL-90539301-9357,14,6,11.4257,422.0933,GBP,BUY,2026-05-25
PSK-08819139-5404,12,2,38.5411,223.0536,EUR,SELL,2026-06-08
LTM-62846029-9002,9,2,13.3376,74.4991,GBP,SELL,2026-05-17
XEL-62452340-7150,7,9,29.2799,255.7304,CHF,SELL,2026-06-15
XMI-23171420-7161,11,1,95.3047,123.2022,JPY,BUY,2026-05-30
CVA-38370719-2198,4,9,21.5516,435.9973,USD,BUY,2026-06-17
DMX-94869543-2960,5,9,16.2863,340.8382,GBP,BUY,2026-05-23
CRJ-33232354-2233,4,6,18.5007,208.3455,GBP,SELL,2026-05-26
RGM-74256628-8500,5,5,63.7471,353.0626,JPY,BUY,2026-06-14
PMT-24333469-5882,8,3,26.9542,31.4156,GBP,BUY,2026-05-30
BYX-35123308-8522,6,4,86.1288,292.8901,GBP,BUY,2026-06-03
DBE-22560698-7052,15,6,82.5307,326.4305,EUR,BUY,2026-06-18
YEX-67492404-3169,4,8,50.7103,406.6076,EUR,BUY,2026-05-23
REK-46262182-5632,6,6,17.1514,148.8467,CHF,SELL,2026-06-06
CCB-66420054-9960,8,8,88.4284,455.7635,EUR,SELL,2026-05-29
EAC-82773081-3041,12,1,80.4275,197.5745,EUR,BUY,2026-05-24
EJT-64530944-6081,5,6,6.5956,288.8850,JPY,SELL,2026-05-29
PBU-76716489-8760,8,3,14.2078,173.8514,USD,SELL,2026-05-19
DNA-46301999-0362,8,7,71.5038,249.3510,USD,SELL,2026-05-30
QBM-77741494-0746,6,5,32.4736,42.4205,EUR,BUY,2026-06-11
KQS-12854797-5272,5,4,71.6760,483.6551,EUR,BUY,2026-06-03
WNC-51735375-8393,12,3,97.9639,62.0991,GBP,BUY,2026-06-01
IFH-05815547-1183,13,9,75.1574,181.7115,EUR,SELL,2026-05-24
EFU-57049891-1735,2,3,96.8515,400.3687,EUR,SELL,2026-05-27
RDW-05438477-1393,15,9,89.1020,395.5910,GBP,SELL,2026-05-28
ITJ-97205845-2814,15,10,40.6852,378.3019,USD,SELL,2026-06-20
LLU-74949528-2215,11,5,77.2946,202.8714,GBP,BUY,2026-05-21
SYQ-33837728-4765,4,3,29.5286,336.9829,GBP,BUY,2026-05-30
JPX-77944845-6765,9,7,98.8267,368.1474,USD,SELL,2026-06-16
CCA-59717459-7240,10,9,36.8278,250.6565,CHF,BUY,2026-06-02
FJT-87077049-4996,3,3,83.5582,184.2243,EUR,BUY,2026-06-15
QHS-93450868-8691,14,3,90.5455,391.3198,GBP,SELL,2026-05-10
DSD-25224609-1869,2,5,68.2303,298.3653,GBP,BUY,2026-05-31
SWM-78442564-9093,7,5,64.2879,80.1202,CHF,BUY,2026-05-29
WHU-78335233-5218,10,6,75.0438,78.9415,USD,SELL,2026-06-18
EVM-04664579-9879,7,1,11.6865,75.8769,CHF,BUY,2026-05-25
IRZ-43551678-0279,5,5,97.8212,147.2637,GBP,BUY,2026-05-20
ICO-55178110-6268,4,7,12.2288,15.6393,GBP,SELL,2026-05-30
NGD-91423103-6877,7,4,26.1946,108.2977,USD,SELL,2026-05-26
OBA-87484974-8481,12,6,96.8003,135.0740,USD,BUY,2026-05-29
IMV-84459005-8725,7,4,57.0318,79.1729,CHF,BUY,2026-05-14
CZC-50511760-2167,14,4,8.5494,109.4924,GBP,SELL,2026-05-27
YMU-71998618-2699,9,1,64.9110,335.1268,GBP,BUY,2026-06-14
NTE-18763076-1928,5,4,54.1012,254.4956,JPY,SELL,2026-05-24
TJE-60944035-0587,14,8,94.3772,25.1477,GBP,SELL,2026-06-10
OAN-20935842-2317,11,2,55.3193,54.0077,CHF,SELL,2026-05-28
OCA-68985565-2491,3,10,64.5700,142.4894,JPY,BUY,2026-05-18
DZB-43143674-6113,4,8,12.5547,384.6950,CHF,SELL,2026-06-28
ATO-38335494-3353,11,2,94.4459,483.6008,GBP,SELL,2026-06-06
DZZ-85261944-5708,3,1,47.1718,305.7973,JPY,BUY,2026-06-27
IXE-07757649-8999,1,10,92.2978,55.6392,USD,SELL,2026-06-12
YNQ-02184838-3018,7,8,76.5552,333.6936,GBP,BUY,2026-05-29
AKZ-39625801-3661,6,1,17.3283,460.2685,CHF,BUY,2026-06-08
MLG-29749913-5175,9,4,80.1014,162.6743,JPY,BUY,2026-06-17
WUA-27748076-3425,2,4,21.4756,36.1807,GBP,SELL,2026-05-30
DBO-30470271-1153,2,8,38.8519,474.6215,GBP,BUY,2026-06-01
MDN-19199409-5157,14,7,37.0551,345.8785,CHF,BUY,2026-05-20
QZD-31575233-3843,1,7,54.9466,203.5538,EUR,SELL,2026-06-23
OMT-86237647-8043,9,7,36.0149,233.2670,CHF,BUY,2026-05-12
NRX-59686591-9207,1,2,42.1295,42.5383,JPY,SELL,2026-06-11
IVT-48234972-1444,4,5,45.8034,165.9098,CHF,BUY,2026-05-23
SMR-59048515-7489,15,2,57.7206,193.1845,USD,BUY,2026-05-20
JKH-19372963-4887,5,2,72.2502,315.6576,CHF,BUY,2026-05-22
CRN-01018299-9599,1,4,62.2225,115.3104,CHF,SELL,2026-06-03
TPP-57303913-9574,11,5,49.4480,345.2998,JPY,BUY,2026-05-28
NUC-41624713-1987,15,4,94.5818,283.4100,EUR,SELL,2026-06-16
YUB-34290803-2935,8,5,24.7404,136.5850,JPY,SELL,2026-06-03
MHI-05459597-0919,15,8,6.5404,31.5775,USD,SELL,2026-06-02
OAE-15156665-0527,2,3,89.6761,396.2095,JPY,BUY,2026-06-04
EVE-50242252-7538,2,1,15.3447,197.2097,GBP,BUY,2026-05-30
UJG-33847437-1865,3,7,89.9585,211.3456,USD,BUY,2026-06-10
SEA-99852291-8847,10,1,81.7493,99.7247,JPY,BUY,2026-05-24
WSA-76193907-9620,11,6,42.0413,112.3854,JPY,SELL,2026-06-07
RCT-13720959-5331,8,10,47.6157,349.2403,EUR,BUY,2026-06-11
OLV-45641814-0092,7,9,73.8675,55.0965,JPY,SELL,2026-06-01
LHR-59074734-3277,8,3,45.3353,151.0292,USD,SELL,2026-06-05
UXU-57002799-7681,2,8,27.0361,427.4837,GBP,SELL,2026-06-05
IOJ-88240699-4424,3,8,81.0891,432.9655,EUR,SELL,2026-05-24
FKK-56108878-0993,6,7,29.4838,353.6883,EUR,SELL,2026-06-03
KBI-43758517-5524,3,7,76.4319,426.3450,JPY,SELL,2026-05-24
OOI-16559932-3979,10,3,95.6983,228.3812,JPY,BUY,2026-05-23
CRN-36036812-3310,2,4,94.4800,415.4772,CHF,SELL,2026-06-22
HKV-90143370-7171,8,3,93.9906,306.1278,EUR,BUY,2026-06-17
UOJ-25978403-0170,2,1,47.1072,230.1898,EUR,BUY,2026-05-18
CXZ-20554201-6295,13,2,97.1336,359.2073,GBP,SELL,2026-06-24
GJM-52587359-3786,10,7,45.8625,341.8358,GBP,BUY,2026-06-15
YDI-79814409-3880,1,6,28.2979,341.8606,CHF,BUY,2026-06-08
ENY-51336544-0706,14,7,27.0635,391.2997,EUR,SELL,2026-05-17
ODH-44910456-4327,14,1,83.1457,212.1822,USD,SELL,2026-05-30
HPN-75922536-7745,6,2,20.6384,183.2005,USD,BUY,2026-05-25
XTM-11538115-3855,9,8,12.1728,439.7343,GBP,BUY,2026-05-19
BPZ-88393739-5200,11,6,90.3178,486.1801,EUR,BUY,2026-06-20
LGX-23499758-3736,2,7,70.4806,474.3017,EUR,SELL,2026-05-20
XVO-95330362-7051,7,5,29.2691,345.6705,EUR,BUY,2026-05-19
FWQ-03678962-5825,1,3,24.0764,321.9677,JPY,SELL,2026-06-25
XKN-68238227-9474,15,7,18.1832,390.9003,JPY,SELL,2026-05-23
YRY-85131287-9545,2,1,6.9898,258.1786,JPY,BUY,2026-06-04
QTW-30229787-6205,8,9,17.5398,197.5691,GBP,SELL,2026-06-04
KUW-75777267-6029,3,9,95.0133,318.9434,USD,SELL,2026-05-23
WTB-27229887-5606,3,3,66.3942,321.1926,EUR,BUY,2026-05-16
BEG-60415379-1982,10,3,59.6732,146.9182,EUR,SELL,2026-05-31
JQI-23596732-0061,2,6,62.3969,71.2346,GBP,SELL,2026-06-01
PGB-13256301-2812,5,1,15.1710,51.2433,GBP,SELL,2026-05-31
OFZ-15834187-9127,6,6,26.5087,154.0670,GBP,BUY,2026-05-19
UWC-69289974-0353,5,1,33.6396,130.9045,EUR,SELL,2026-05-19
OUE-13953525-6330,4,5,16.5520,495.3718,USD,BUY,2026-05-31
OHA-96385458-2218,13,7,52.5910,272.9761,EUR,BUY,2026-05-31
WZA-68943883-5424,7,6,8.8002,33.9300,EUR,SELL,2026-06-15
BBM-27275562-4043,14,3,5.7455,290.6453,JPY,SELL,2026-05-31
QJP-82830553-3929,7,10,33.3099,433.7400,EUR,SELL,2026-06-03
NUX-60898779-9243,4,10,1.6155,57.6091,GBP,SELL,2026-05-20
SWJ-83753553-8686,7,10,25.8796,284.9752,JPY,SELL,2026-05-27
UDY-85124856-9410,1,5,70.5455,266.2252,USD,SELL,2026-05-28
HPG-96138688-5142,1,1,84.3372,61.7015,JPY,SELL,2026-06-17
JFZ-84970885-9286,9,1,60.9370,417.8738,JPY,SELL,2026-05-25
SGG-73990338-6210,1,3,82.5479,293.8435,EUR,BUY,2026-05-28
KGK-97548535-0976,4,8,30.3181,147.0937,JPY,SELL,2026-06-01
CSE-55449278-0994,6,6,10.5190,390.0011,CHF,BUY,2026-05-23
SPN-41591036-6667,11,9,92.6841,199.9140,CHF,BUY,2026-05-21
BVH-78255361-9393,3,1,46.8632,279.4677,JPY,BUY,2026-06-23
ZTB-32819589-1956,3,7,46.6017,378.2009,USD,SELL,2026-06-10
LCE-26458261-1819,2,8,91.8015,251.7154,EUR,BUY,2026-05-28
HNX-37265842-8659,14,7,31.9656,147.0858,JPY,BUY,2026-06-01
LKY-17507346-5323,1,3,38.6093,21.3926,GBP,SELL,2026-05-17
FKS-60124524-9084,5,4,84.6020,489.5942,GBP,SELL,2026-05-31
NSH-12264541-8101,3,7,27.0655,39.7772,JPY,SELL,2026-06-10
KHH-66883339-6140,9,1,9.5165,196.2591,CHF,SELL,2026-05-20
PUX-82859847-6883,12,8,80.6078,93.8766,EUR,BUY,2026-06-07
VWR-05541462-2442,2,10,8.2487,45.9186,GBP,BUY,2026-05-29
BAM-10031071-2874,4,10,60.5024,262.1903,JPY,SELL,2026-05-18
ZBG-73600484-1433,9,3,5.1049,267.2752,JPY,BUY,2026-06-19
DAU-60503232-5669,7,6,74.4017,27.2760,JPY,BUY,2026-05-27
JSO-79492661-3018,1,8,29.9186,333.0340,JPY,SELL,2026-06-04
LAP-96740003-3688,13,1,9.6873,351.3517,USD,SELL,2026-06-01
HLG-79437034-8781,15,9,89.9570,411.0250,JPY,BUY,2026-05-29
CHK-43743257-3497,9,10,96.9780,93.5466,JPY,BUY,2026-06-01
WKJ-88638752-6882,1,3,36.9889,224.8875,CHF,BUY,2026-05-11
AMA-33013599-7069,4,4,85.8492,93.4039,CHF,SELL,2026-06-06
VVL-66777080-4677,8,6,38.4970,27.4512,GBP,BUY,2026-05-27
ROD-51357223-1099,3,7,38.7436,406.4335,USD,BUY,2026-05-13
ZWN-20945934-7111,5,8,93.5413,70.9517,CHF,SELL,2026-05-16
GIO-47037704-3002,7,1,72.6108,475.5523,CHF,BUY,2026-05-30
KVV-66973074-0216,11,10,16.4131,239.8930,CHF,BUY,2026-06-02
ULM-84239316-5654,6,9,63.4708,240.6099,CHF,BUY,2026-06-24
ZPC-67856020-6466,1,5,79.4157,166.2158,GBP,BUY,2026-06-02
UNO-92910192-4746,13,4,12.0844,357.9826,JPY,SELL,2026-06-28
XWH-87426565-1566,2,8,57.4161,154.8083,GBP,SELL,2026-05-16
ZLP-52264683-2543,15,5,72.8205,121.1121,CHF,SELL,2026-06-28
GEO-58726647-5076,11,8,72.8738,66.6793,EUR,BUY,2026-06-10
DDO-53785300-9540,7,2,22.7200,184.3004,USD,SELL,2026-06-17
ECP-59031647-3908,11,5,56.1070,302.8042,USD,SELL,2026-05-13
ZMS-84835592-2367,10,7,82.1690,449.7803,USD,SELL,2026-06-07
QKH-52587238-2603,9,7,21.2069,347.5416,JPY,SELL,2026-05-30
FEN-25880388-5455,6,7,54.0330,480.2991,EUR,SELL,2026-06-24
BFI-43802392-1987,6,4,31.2904,21.3284,JPY,SELL,2026-06-13
WMI-48875787-4175,2,9,61.9534,353.0496,GBP,BUY,2026-06-04
XZU-08575860-2918,2,5,78.6864,300.2358,EUR,SELL,2026-06-04
IDG-79387505-0841,15,4,54.5932,331.8259,EUR,SELL,2026-06-04
STG-43904635-8596,6,4,76.1514,28.3628,USD,SELL,2026-06-20
HJW-82471330-7687,8,2,68.7001,343.9424,CHF,BUY,2026-06-05
UME-55744934-9813,10,7,38.2827,460.5887,EUR,BUY,2026-06-17
RMV-50165895-4903,4,10,98.3909,96.4794,GBP,BUY,2026-06-11
WEI-84593739-3071,11,6,3.3487,194.7890,JPY,SELL,2026-06-07
ISO-67407562-3085,4,5,45.2544,245.8722,USD,BUY,2026-05-24
FXX-71821893-3675,8,10,41.7636,258.3337,JPY,SELL,2026-06-03
FUU-17597428-1097,12,2,11.7114,342.7936,USD,BUY,2026-05-30
ZFN-44928014-7168,5,4,6.7130,254.2498,USD,BUY,2026-05-29
NSG-32832287-5384,5,7,39.7768,257.5688,GBP,BUY,2026-06-07
VWV-17447152-7901,14,1,86.0623,403.8383,CHF,SELL,2026-05-24
KRO-47885366-5709,8,5,69.5103,410.6173,EUR,SELL,2026-05-27
WZN-99389319-4924,4,4,41.6329,295.0662,GBP,SELL,2026-05-27
UQU-21791131-6849,9,3,92.1180,313.2741,JPY,SELL,2026-06-07
HZU-83220692-2010,13,3,50.1631,279.9435,CHF,BUY,2026-05-30
UBN-28936593-3100,12,3,30.1561,325.7535,GBP,SELL,2026-06-06
IUB-57797288-0874,13,9,82.0390,268.9042,CHF,BUY,2026-05-29
QLZ-15404297-7755,2,10,58.2963,97.7474,CHF,BUY,2026-06-12
BSU-22270741-3904,7,4,19.7632,287.5232,CHF,SELL,2026-06-25
BFX-62179255-5742,11,3,79.4054,264.3142,JPY,SELL,2026-06-25
LHH-57483886-0286,9,8,75.1912,199.7198,EUR,SELL,2026-06-01
UPO-26722432-3713,7,1,81.2915,293.2166,GBP,BUY,2026-05-26
YSY-67425418-0416,9,2,47.3291,145.3911,CHF,BUY,2026-06-07
LEH-95088070-4430,5,6,88.7344,272.7571,GBP,BUY,2026-05-26
NJL-18692617-2582,2,10,16.0363,430.3749,CHF,SELL,2026-05-24
YLI-75387938-0000,2,9,79.0367,286.6671,EUR,BUY,2026-05-28
PVK-73061426-1353,10,5,36.3054,362.0205,USD,BUY,2026-06-05
TAI-75682755-5972,8,5,20.8805,56.8020,GBP,SELL,2026-06-25
UGY-19152502-8552,1,7,64.0555,101.6574,EUR,BUY,2026-05-31
FFD-09490289-4694,7,3,56.9263,64.6382,CHF,BUY,2026-05-28
OJT-17910723-3811,1,3,54.5239,130.8710,GBP,SELL,2026-06-25
DQT-53515149-9222,1,9,9.6849,422.3244,USD,BUY,2026-06-13
ZGD-54171984-9082,7,3,63.0564,341.8700,EUR,SELL,2026-05-27
RWR-91599622-2101,12,7,86.0326,362.7079,JPY,SELL,2026-06-18
WKD-21759430-8580,13,5,40.2672,125.3934,JPY,SELL,2026-06-23
EAL-15405823-5423,14,7,53.2102,65.5444,JPY,BUY,2026-05-31
JWF-66289889-3812,14,2,93.0652,412.4646,CHF,BUY,2026-05-19
KCD-99698020-5451,2,5,43.3209,118.4437,EUR,SELL,2026-06-04
CLM-92621214-5916,2,10,98.2621,29.3622,EUR,BUY,2026-05-28
UPJ-90375279-2665,9,1,71.2780,330.7886,GBP,SELL,2026-06-02
FUL-17567914-5071,5,5,80.9407,58.9949,EUR,SELL,2026-06-10
YIY-31768693-7821,15,4,47.1408,391.5110,GBP,BUY,2026-05-16
RNR-86235220-7400,8,9,83.7481,267.7387,EUR,BUY,2026-06-03
FOV-96579366-8154,1,7,30.1571,10.1436,JPY,BUY,2026-06-08
LXV-73678293-0444,7,3,94.3208,405.2084,GBP,BUY,2026-06-08
LEE-59882606-0066,13,1,74.2037,325.2137,JPY,BUY,2026-06-03
FKV-02099827-6741,15,6,34.8295,107.9988,USD,SELL,2026-05-24
VKR-08843778-3373,9,7,55.1368,288.7034,CHF,SELL,2026-05-25
CKQ-51845756-5098,15,1,92.0021,258.7645,JPY,SELL,2026-05-23
YZG-73237806-6735,9,4,61.7669,387.6157,USD,SELL,2026-06-05
VSX-98033460-3252,8,9,31.1251,289.7940,EUR,BUY,2026-05-20
TTO-76875007-2205,1,4,8.5246,410.8485,EUR,SELL,2026-05-20
GYM-69988039-2474,7,2,72.5910,85.4050,CHF,BUY,2026-06-07
XRV-47836581-9919,2,6,42.5488,340.8595,USD,BUY,2026-05-20
UTD-40509228-9703,6,9,88.4083,304.0272,USD,BUY,2026-05-26
TEP-06260410-2382,11,9,91.6436,120.3020,EUR,SELL,2026-06-20
HTX-45854408-5741,6,10,63.4749,435.5923,EUR,SELL,2026-05-22
BTJ-97126945-2161,8,8,60.3477,145.5045,JPY,SELL,2026-05-30
ERY-44064031-0404,13,10,33.6184,449.7689,CHF,BUY,2026-05-26
YBS-18210732-9480,11,10,31.4827,240.9509,JPY,SELL,2026-06-08
XGM-30901245-0962,4,7,19.5889,202.5167,USD,SELL,2026-05-23
MMY-28410015-3164,1,8,13.1525,378.8025,EUR,BUY,2026-05-30
WKN-61837150-6085,6,6,49.8157,396.2573,GBP,SELL,2026-05-23
EHB-30125424-3035,12,3,4.0060,294.5386,JPY,BUY,2026-06-09
JAI-77626373-3698,4,3,42.7020,64.4301,CHF,BUY,2026-05-23
XGT-81679930-9053,12,2,76.0929,411.8003,USD,BUY,2026-06-22
YBD-81127288-7939,14,9,95.2835,351.1883,GBP,SELL,2026-06-08
KHD-54276541-7118,1,10,8.2583,245.7523,JPY,BUY,2026-05-20
SYN-37630806-8369,6,6,70.7143,442.0021,CHF,SELL,2026-06-08
GXE-44256879-1374,5,1,82.1017,443.2261,USD,SELL,2026-05-26
HRO-49372781-6137,4,6,85.4903,406.0983,USD,SELL,2026-05-24
GKL-94802585-4485,10,2,19.8842,253.0765,JPY,SELL,2026-05-27
JXE-39708475-7230,12,5,93.4613,225.5707,GBP,BUY,2026-05-24
UQJ-31000710-8081,2,4,83.4770,14.8996,EUR,BUY,2026-05-29
RWU-11302861-2112,5,7,6.8452,81.6661,JPY,SELL,2026-05-30
AVR-23401763-5721,12,3,6.0820,397.9319,GBP,BUY,2026-05-29
YJE-47697953-1026,10,5,64.4350,258.1149,GBP,BUY,2026-05-30
OEZ-27250916-0122,4,3,63.0652,445.1977,USD,BUY,2026-05-27
YHJ-67661440-7772,10,4,84.8735,308.4207,GBP,SELL,2026-05-29
CDV-53174781-3854,7,7,15.1197,421.0718,GBP,BUY,2026-05-16
LMY-52337766-1755,6,4,87.6096,66.2773,EUR,SELL,2026-05-31
CMC-64800776-3897,2,3,17.8059,75.0469,EUR,SELL,2026-05-22
ALE-69673158-2578,12,4,73.5168,246.7009,CHF,SELL,2026-05-23
TNV-69832948-7454,7,7,30.3863,170.4577,USD,SELL,2026-05-27
BHJ-25324071-2753,11,2,22.8416,12.4902,JPY,SELL,2026-06-27
AUF-01644201-3772,5,8,80.2168,298.5241,EUR,BUY,2026-05-22
TYO-88953635-5605,3,1,14.1790,494.9890,GBP,SELL,2026-05-20
DWS-34397421-0131,15,2,73.6233,318.8634,EUR,SELL,2026-05-19
RII-90718672-6964,10,7,21.7004,19.9010,USD,BUY,2026-05-21
AFM-08922326-2419,9,3,15.4654,462.5138,EUR,BUY,2026-05-25
GXT-10032028-0452,10,8,47.5469,130.2443,USD,SELL,2026-06-22
TNN-03051627-5302,3,9,96.2091,382.4090,CHF,SELL,2026-05-25
XBC-86270374-3446,2,4,16.3742,207.4265,GBP,BUY,2026-05-22
JXB-82086870-2139,13,2,64.5815,155.5174,JPY,BUY,2026-05-21
FWY-31739152-9905,12,2,79.1603,219.7444,JPY,BUY,2026-05-29
DYM-60349758-8869,9,9,29.2372,368.0524,JPY,BUY,2026-06-08
ITZ-07274169-7209,15,8,16.8854,111.5686,GBP,SELL,2026-05-21
LRI-44052740-8756,10,10,89.1565,90.8747,JPY,BUY,2026-06-08
HNS-02743128-3081,6,5,6.0211,118.3738,JPY,BUY,2026-06-29
NDF-11653070-4967,13,7,70.6665,293.6077,CHF,SELL,2026-05-28
URB-57237105-2851,11,7,97.5394,358.8782,GBP,SELL,2026-06-24
EIC-41711947-3996,1,8,86.8055,376.3600,JPY,SELL,2026-06-15
FJN-87732202-4723,3,3,13.0890,419.0198,GBP,SELL,2026-06-27
VSY-29427559-0179,1,10,52.3269,277.6015,CHF,BUY,2026-05-27
GBL-35954664-0198,5,5,5.2230,203.9676,CHF,SELL,2026-06-26
UEX-95825439-1474,8,2,24.6665,233.2983,EUR,BUY,2026-05-22
CLQ-83892184-9019,1,6,92.7890,380.2447,GBP,SELL,2026-05-24
CNK-66376629-4803,2,9,14.7233,20.6454,GBP,SELL,2026-06-22
YPF-40446957-9603,15,9,68.0748,81.6970,JPY,BUY,2026-05-30
HWB-98556852-4112,4,9,98.7272,19.7031,GBP,BUY,2026-05-28
SYQ-02954508-3093,9,4,88.8354,351.4420,GBP,SELL,2026-06-03
SVS-78015737-6492,15,8,63.6724,119.6853,JPY,SELL,2026-06-04
BKV-94238918-0984,13,6,10.0174,269.3590,CHF,SELL,2026-06-20
